match_id,player_id,hero_id,is_radiant,lose
8741845487,113457795,13,TRUE,1
8741845487,139937922,108,TRUE,1
8741845487,158847773,37,TRUE,1
8741845487,165564598,98,FALSE,0
8741845487,172099728,70,FALSE,0
8741845487,196878136,64,FALSE,0
8741845487,206642367,21,TRUE,1
8741845487,207829314,119,TRUE,1
8741845487,317880638,26,FALSE,0
8741845487,480412663,28,FALSE,0
8741845565,90423751,19,TRUE,1
8741845565,93817671,110,FALSE,0
8741845565,103735745,27,FALSE,0
8741845565,154974246,120,TRUE,1
8741845565,160119017,96,TRUE,1
8741845565,164962869,11,TRUE,1
8741845565,171262902,136,FALSE,0
8741845565,191362875,37,TRUE,1
8741845565,195108598,65,FALSE,0
8741845565,312436974,74,FALSE,0
8741845584,73401082,37,FALSE,0
8741845584,106573901,47,FALSE,0
8741845584,118559150,51,TRUE,1
8741845584,140411011,11,TRUE,1
8741845584,155447692,27,TRUE,1
8741845584,156328257,108,TRUE,1
8741845584,164199202,19,FALSE,0
8741845584,181716137,106,TRUE,1
8741845584,402583877,55,FALSE,0
8741845584,1044002267,46,FALSE,0
8741845660,9403474,27,FALSE,1
8741845660,86698277,98,TRUE,0
8741845660,91730177,58,FALSE,1
8741845660,93618577,38,TRUE,0
8741845660,116585378,13,FALSE,1
8741845660,127617979,15,FALSE,1
8741845660,136829091,37,TRUE,0
8741845660,190826739,78,FALSE,1
8741845660,331855530,138,TRUE,0
8741845660,346412363,100,TRUE,0
8741914801,73401082,110,FALSE,0
8741914801,106573901,106,FALSE,0
8741914801,118559150,58,TRUE,1
8741914801,140411011,46,TRUE,1
8741914801,155447692,19,TRUE,1
8741914801,156328257,129,TRUE,1
8741914801,164199202,100,FALSE,0
8741914801,181716137,13,TRUE,1
8741914801,402583877,47,FALSE,0
8741914801,1044002267,11,FALSE,0
8741922328,90423751,100,TRUE,1
8741922328,93817671,110,FALSE,0
8741922328,103735745,79,FALSE,0
8741922328,154974246,145,TRUE,1
8741922328,160119017,96,TRUE,1
8741922328,164962869,48,TRUE,1
8741922328,171262902,38,FALSE,0
8741922328,191362875,37,TRUE,1
8741922328,195108598,99,FALSE,0
8741922328,312436974,28,FALSE,0
8741931257,9403474,27,TRUE,1
8741931257,86698277,155,FALSE,0
8741931257,91730177,66,TRUE,1
8741931257,93618577,16,FALSE,0
8741931257,116585378,17,TRUE,1
8741931257,127617979,46,TRUE,1
8741931257,136829091,64,FALSE,0
8741931257,190826739,65,TRUE,1
8741931257,331855530,72,FALSE,0
8741931257,346412363,100,FALSE,0
8741939284,113457795,35,FALSE,1
8741939284,139937922,65,FALSE,1
8741939284,158847773,27,FALSE,1
8741939284,165564598,38,TRUE,0
8741939284,172099728,145,TRUE,0
8741939284,196878136,111,TRUE,0
8741939284,206642367,136,FALSE,1
8741939284,207829314,19,FALSE,1
8741939284,317880638,123,TRUE,0
8741939284,480412663,13,TRUE,0
8742039237,93817671,64,FALSE,0
8742039237,103735745,19,FALSE,0
8742039237,165564598,108,TRUE,1
8742039237,171262902,145,FALSE,0
8742039237,172099728,48,TRUE,1
8742039237,195108598,15,FALSE,0
8742039237,196878136,110,TRUE,1
8742039237,312436974,28,FALSE,0
8742039237,317880638,27,TRUE,1
8742039237,480412663,17,TRUE,1
8742039319,90423751,19,FALSE,0
8742039319,118559150,27,TRUE,1
8742039319,140411011,21,TRUE,1
8742039319,154974246,145,FALSE,0
8742039319,155447692,41,TRUE,1
8742039319,156328257,129,TRUE,1
8742039319,160119017,33,FALSE,0
8742039319,164962869,11,FALSE,0
8742039319,181716137,74,TRUE,1
8742039319,191362875,64,FALSE,0
8742051676,86698277,65,FALSE,0
8742051676,93618577,126,FALSE,0
8742051676,113457795,39,TRUE,1
8742051676,136829091,64,FALSE,0
8742051676,139937922,155,TRUE,1
8742051676,158847773,87,TRUE,1
8742051676,206642367,63,TRUE,1
8742051676,207829314,27,TRUE,1
8742051676,331855530,136,FALSE,0
8742051676,346412363,79,FALSE,0
8742051677,9403474,100,TRUE,0
8742051677,73401082,37,FALSE,1
8742051677,91730177,64,TRUE,0
8742051677,106573901,13,FALSE,1
8742051677,116585378,88,TRUE,0
8742051677,127617979,21,TRUE,0
8742051677,164199202,19,FALSE,1
8742051677,190826739,29,TRUE,0
8742051677,402583877,65,FALSE,1
8742051677,1044002267,10,FALSE,1
8742118850,90423751,19,TRUE,0
8742118850,118559150,30,FALSE,1
8742118850,140411011,82,FALSE,1
8742118850,154974246,74,TRUE,0
8742118850,155447692,107,FALSE,1
8742118850,156328257,65,FALSE,1
8742118850,160119017,33,TRUE,0
8742118850,164962869,41,TRUE,0
8742118850,181716137,23,FALSE,1
8742118850,191362875,64,TRUE,0
8742124178,86698277,92,TRUE,1
8742124178,93618577,126,TRUE,1
8742124178,113457795,19,FALSE,0
8742124178,136829091,37,TRUE,1
8742124178,139937922,15,FALSE,0
8742124178,158847773,79,FALSE,0
8742124178,206642367,46,FALSE,0
8742124178,207829314,138,FALSE,0
8742124178,331855530,11,TRUE,1
8742124178,346412363,100,TRUE,1
8742136025,9403474,100,TRUE,0
8742136025,73401082,45,FALSE,1
8742136025,91730177,64,TRUE,0
8742136025,106573901,38,FALSE,1
8742136025,116585378,13,TRUE,0
8742136025,127617979,49,TRUE,0
8742136025,164199202,79,FALSE,1
8742136025,190826739,15,TRUE,0
8742136025,402583877,29,FALSE,1
8742136025,1044002267,10,FALSE,1
8742137378,93817671,110,FALSE,0
8742137378,103735745,27,FALSE,0
8742137378,165564598,129,TRUE,1
8742137378,171262902,89,FALSE,0
8742137378,172099728,56,TRUE,1
8742137378,195108598,69,FALSE,0
8742137378,196878136,100,TRUE,1
8742137378,312436974,74,FALSE,0
8742137378,317880638,79,TRUE,1
8742137378,480412663,28,TRUE,1
8742266812,100594231,90,TRUE,1
8742266812,124801257,70,FALSE,0
8742266812,126842529,108,FALSE,0
8742266812,146711951,135,TRUE,1
8742266812,155494381,27,TRUE,1
8742266812,256156323,79,FALSE,0
8742266812,301750126,13,FALSE,0
8742266812,320219866,58,FALSE,0
8742266812,324277900,126,TRUE,1
8742266812,355168766,38,TRUE,1
8742266886,94296097,37,FALSE,1
8742266886,101356886,90,TRUE,0
8742266886,101695162,19,FALSE,1
8742266886,129958758,65,FALSE,1
8742266886,138880576,108,TRUE,0
8742266886,140297552,38,TRUE,0
8742266886,152168157,27,TRUE,0
8742266886,173978074,17,FALSE,1
8742266886,418942836,63,TRUE,0
8742266886,898754153,48,FALSE,1
8742267022,94155156,110,FALSE,1
8742267022,97658618,145,FALSE,1
8742267022,106305042,74,TRUE,0
8742267022,108958769,64,TRUE,0
8742267022,126212866,55,FALSE,1
8742267022,154715080,106,FALSE,1
8742267022,241884166,19,FALSE,1
8742267022,302214028,96,TRUE,0
8742267022,321580662,46,TRUE,0
8742267022,847565596,26,TRUE,0
8742267069,10366616,9,FALSE,1
8742267069,25907144,79,FALSE,1
8742267069,100058342,102,FALSE,1
8742267069,157989498,88,TRUE,0
8742267069,183719386,129,FALSE,1
8742267069,252737052,85,TRUE,0
8742267069,352545711,39,TRUE,0
8742267069,363758022,38,TRUE,0
8742267069,898455820,126,FALSE,1
8742267069,1031547092,65,TRUE,0
8742334442,94296097,110,TRUE,0
8742334442,101356886,91,FALSE,1
8742334442,101695162,100,TRUE,0
8742334442,129958758,65,TRUE,0
8742334442,138880576,99,FALSE,1
8742334442,140297552,47,FALSE,1
8742334442,152168157,27,FALSE,1
8742334442,173978074,15,TRUE,0
8742334442,418942836,136,FALSE,1
8742334442,898754153,63,TRUE,0
8742349162,100594231,58,FALSE,1
8742349162,124801257,136,TRUE,0
8742349162,126842529,98,TRUE,0
8742349162,146711951,38,FALSE,1
8742349162,155494381,27,FALSE,1
8742349162,256156323,123,TRUE,0
8742349162,301750126,13,TRUE,0
8742349162,320219866,79,TRUE,0
8742349162,324277900,19,FALSE,1
8742349162,355168766,138,FALSE,1
8742349256,94155156,64,TRUE,1
8742349256,97658618,138,TRUE,1
8742349256,106305042,19,FALSE,0
8742349256,108958769,27,FALSE,0
8742349256,126212866,29,TRUE,1
8742349256,154715080,13,TRUE,1
8742349256,241884166,107,TRUE,1
8742349256,302214028,65,FALSE,0
8742349256,321580662,10,FALSE,0
8742349256,847565596,90,FALSE,0
8742349274,10366616,64,FALSE,0
8742349274,25907144,27,FALSE,0
8742349274,100058342,70,FALSE,0
8742349274,157989498,19,TRUE,1
8742349274,183719386,126,FALSE,0
8742349274,252737052,99,TRUE,1
8742349274,352545711,106,TRUE,1
8742349274,363758022,11,TRUE,1
8742349274,898455820,16,FALSE,0
8742349274,1031547092,101,TRUE,1
8742422808,94155156,27,FALSE,1
8742422808,97658618,72,FALSE,1
8742422808,124801257,136,TRUE,0
8742422808,126212866,155,FALSE,1
8742422808,126842529,99,TRUE,0
8742422808,154715080,126,FALSE,1
8742422808,241884166,90,FALSE,1
8742422808,256156323,26,TRUE,0
8742422808,301750126,13,TRUE,0
8742422808,320219866,37,TRUE,0
8742422889,94296097,3,TRUE,1
8742422889,101695162,65,TRUE,1
8742422889,106305042,17,FALSE,0
8742422889,108958769,110,FALSE,0
8742422889,129958758,96,TRUE,1
8742422889,173978074,11,TRUE,1
8742422889,302214028,129,FALSE,0
8742422889,321580662,41,FALSE,0
8742422889,847565596,131,FALSE,0
8742422889,898754153,70,TRUE,1
8742432109,10366616,64,FALSE,0
8742432109,25907144,19,FALSE,0
8742432109,100058342,18,FALSE,0
8742432109,100594231,90,TRUE,1
8742432109,146711951,99,TRUE,1
8742432109,155494381,123,TRUE,1
8742432109,183719386,98,FALSE,0
8742432109,324277900,17,TRUE,1
8742432109,355168766,11,TRUE,1
8742432109,898455820,65,FALSE,0
8742432204,101356886,50,TRUE,1
8742432204,138880576,47,TRUE,1
8742432204,140297552,126,TRUE,1
8742432204,152168157,100,TRUE,1
8742432204,157989498,88,FALSE,0
8742432204,252737052,33,FALSE,0
8742432204,352545711,17,FALSE,0
8742432204,363758022,46,FALSE,0
8742432204,418942836,82,TRUE,1
8742432204,1031547092,79,FALSE,0
8742477122,94155156,50,TRUE,1
8742477122,97658618,21,TRUE,1
8742477122,124801257,41,FALSE,0
8742477122,126212866,137,TRUE,1
8742477122,126842529,78,FALSE,0
8742477122,154715080,74,TRUE,1
8742477122,241884166,79,TRUE,1
8742477122,256156323,27,FALSE,0
8742477122,301750126,106,FALSE,0
8742477122,320219866,64,FALSE,0
8742491783,94296097,110,TRUE,1
8742491783,101695162,26,TRUE,1
8742491783,106305042,126,FALSE,0
8742491783,108958769,83,FALSE,0
8742491783,129958758,98,TRUE,1
8742491783,173978074,114,TRUE,1
8742491783,302214028,108,FALSE,0
8742491783,321580662,94,FALSE,0
8742491783,847565596,64,FALSE,0
8742491783,898754153,46,TRUE,1
8742496748,10366616,64,FALSE,1
8742496748,25907144,19,FALSE,1
8742496748,100058342,41,FALSE,1
8742496748,100594231,66,TRUE,0
8742496748,146711951,137,TRUE,0
8742496748,155494381,100,TRUE,0
8742496748,183719386,98,FALSE,1
8742496748,324277900,39,TRUE,0
8742496748,355168766,10,TRUE,0
8742496748,898455820,65,FALSE,1
8742507954,101356886,90,TRUE,0
8742507954,138880576,137,TRUE,0
8742507954,140297552,38,TRUE,0
8742507954,152168157,27,TRUE,0
8742507954,157989498,100,FALSE,1
8742507954,252737052,99,FALSE,1
8742507954,352545711,16,FALSE,1
8742507954,363758022,48,FALSE,1
8742507954,418942836,94,TRUE,0
8742507954,1031547092,37,FALSE,1
8743150101,9403474,100,FALSE,1
8743150101,91730177,37,FALSE,1
8743150101,93817671,79,TRUE,0
8743150101,103735745,27,TRUE,0
8743150101,116585378,52,FALSE,1
8743150101,127617979,15,FALSE,1
8743150101,171262902,109,TRUE,0
8743150101,190826739,120,FALSE,1
8743150101,195108598,28,TRUE,0
8743150101,312436974,126,TRUE,0
8743150103,90423751,26,FALSE,1
8743150103,154974246,145,FALSE,1
8743150103,160119017,65,FALSE,1
8743150103,164962869,42,FALSE,1
8743150103,165564598,69,TRUE,0
8743150103,172099728,93,TRUE,0
8743150103,191362875,40,FALSE,1
8743150103,196878136,3,TRUE,0
8743150103,317880638,79,TRUE,0
8743150103,480412663,13,TRUE,0
8743150168,73401082,31,TRUE,0
8743150168,106573901,126,TRUE,0
8743150168,113457795,120,FALSE,1
8743150168,139937922,99,FALSE,1
8743150168,158847773,40,FALSE,1
8743150168,164199202,86,TRUE,0
8743150168,206642367,56,FALSE,1
8743150168,207829314,100,FALSE,1
8743150168,402583877,38,TRUE,0
8743150168,1044002267,63,TRUE,0
8743150184,86698277,69,FALSE,0
8743150184,93618577,38,FALSE,0
8743150184,118559150,75,TRUE,1
8743150184,136829091,110,FALSE,0
8743150184,140411011,54,TRUE,1
8743150184,155447692,53,TRUE,1
8743150184,156328257,120,TRUE,1
8743150184,181716137,137,TRUE,1
8743150184,331855530,49,FALSE,0
8743150184,346412363,65,FALSE,0
8743235152,86698277,99,TRUE,0
8743235152,93618577,52,TRUE,0
8743235152,118559150,26,FALSE,1
8743235152,136829091,110,TRUE,0
8743235152,140411011,70,FALSE,1
8743235152,155447692,131,FALSE,1
8743235152,156328257,38,FALSE,1
8743235152,181716137,120,FALSE,1
8743235152,331855530,49,TRUE,0
8743235152,346412363,100,TRUE,0
8743236667,73401082,87,FALSE,0
8743236667,106573901,106,FALSE,0
8743236667,113457795,13,TRUE,1
8743236667,139937922,28,TRUE,1
8743236667,158847773,65,TRUE,1
8743236667,164199202,53,FALSE,0
8743236667,206642367,36,TRUE,1
8743236667,207829314,136,TRUE,1
8743236667,402583877,29,FALSE,0
8743236667,1044002267,63,FALSE,0
8743239684,9403474,62,FALSE,1
8743239684,91730177,58,FALSE,1
8743239684,93817671,110,TRUE,0
8743239684,103735745,136,TRUE,0
8743239684,116585378,126,FALSE,1
8743239684,127617979,70,FALSE,1
8743239684,171262902,46,TRUE,0
8743239684,190826739,40,FALSE,1
8743239684,195108598,29,TRUE,0
8743239684,312436974,106,TRUE,0
8743259155,90423751,3,FALSE,1
8743259155,154974246,39,FALSE,1
8743259155,160119017,120,FALSE,1
8743259155,164962869,49,FALSE,1
8743259155,165564598,155,TRUE,0
8743259155,172099728,73,TRUE,0
8743259155,191362875,110,FALSE,1
8743259155,196878136,64,TRUE,0
8743259155,317880638,119,TRUE,0
8743259155,480412663,17,TRUE,0
8743439140,94296097,110,TRUE,0
8743439140,100594231,66,FALSE,1
8743439140,101695162,100,TRUE,0
8743439140,129958758,129,TRUE,0
8743439140,146711951,137,FALSE,1
8743439140,155494381,123,FALSE,1
8743439140,173978074,52,TRUE,0
8743439140,324277900,106,FALSE,1
8743439140,355168766,18,FALSE,1
8743439140,898754153,49,TRUE,0
8743439271,10366616,65,TRUE,0
8743439271,25907144,27,TRUE,0
8743439271,94155156,110,FALSE,1
8743439271,97658618,63,FALSE,1
8743439271,100058342,70,TRUE,0
8743439271,126212866,78,FALSE,1
8743439271,154715080,13,FALSE,1
8743439271,183719386,99,TRUE,0
8743439271,241884166,79,FALSE,1
8743439271,898455820,16,TRUE,0
8743439281,101356886,50,FALSE,1
8743439281,106305042,106,TRUE,0
8743439281,108958769,79,TRUE,0
8743439281,138880576,69,FALSE,1
8743439281,140297552,126,FALSE,1
8743439281,152168157,100,FALSE,1
8743439281,302214028,96,TRUE,0
8743439281,321580662,46,TRUE,0
8743439281,418942836,109,FALSE,1
8743439281,847565596,26,TRUE,0
8743439283,124801257,69,FALSE,0
8743439283,126842529,78,FALSE,0
8743439283,157989498,88,TRUE,1
8743439283,252737052,96,TRUE,1
8743439283,256156323,123,FALSE,0
8743439283,301750126,39,FALSE,0
8743439283,320219866,37,FALSE,0
8743439283,352545711,15,TRUE,1
8743439283,363758022,38,TRUE,1
8743439283,1031547092,79,TRUE,1
8743542356,101356886,50,TRUE,1
8743542356,106305042,120,FALSE,0
8743542356,108958769,110,FALSE,0
8743542356,138880576,55,TRUE,1
8743542356,140297552,69,TRUE,1
8743542356,152168157,123,TRUE,1
8743542356,302214028,28,FALSE,0
8743542356,321580662,46,FALSE,0
8743542356,418942836,54,TRUE,1
8743542356,847565596,26,FALSE,0
8743545122,94296097,50,TRUE,0
8743545122,100594231,9,FALSE,1
8743545122,101695162,100,TRUE,0
8743545122,129958758,129,TRUE,0
8743545122,146711951,137,FALSE,1
8743545122,155494381,123,FALSE,1
8743545122,173978074,52,TRUE,0
8743545122,324277900,106,FALSE,1
8743545122,355168766,145,FALSE,1
8743545122,898754153,38,TRUE,0
8743555498,10366616,65,FALSE,0
8743555498,25907144,155,FALSE,0
8743555498,94155156,5,TRUE,1
8743555498,97658618,73,TRUE,1
8743555498,100058342,42,FALSE,0
8743555498,126212866,69,TRUE,1
8743555498,154715080,17,TRUE,1
8743555498,183719386,126,FALSE,0
8743555498,241884166,119,TRUE,1
8743555498,898455820,13,FALSE,0
8743561222,124801257,73,TRUE,0
8743561222,126842529,135,TRUE,0
8743561222,157989498,71,FALSE,1
8743561222,252737052,38,FALSE,1
8743561222,256156323,100,TRUE,0
8743561222,301750126,106,TRUE,0
8743561222,320219866,65,TRUE,0
8743561222,352545711,39,FALSE,1
8743561222,363758022,99,FALSE,1
8743561222,1031547092,37,FALSE,1
8743688613,73401082,128,TRUE,0
8743688613,90423751,123,FALSE,1
8743688613,106573901,126,TRUE,0
8743688613,154974246,17,FALSE,1
8743688613,160119017,28,FALSE,1
8743688613,164199202,63,TRUE,0
8743688613,164962869,49,FALSE,1
8743688613,191362875,110,FALSE,1
8743688613,402583877,98,TRUE,0
8743688613,1044002267,48,TRUE,0
8743783853,73401082,58,FALSE,0
8743783853,106573901,13,FALSE,0
8743783853,164199202,86,FALSE,0
8743783853,165564598,57,TRUE,1
8743783853,172099728,94,TRUE,1
8743783853,196878136,100,TRUE,1
8743783853,317880638,79,TRUE,1
8743783853,402583877,99,FALSE,0
8743783853,480412663,38,TRUE,1
8743783853,1044002267,54,FALSE,0
8744516025,93817671,64,FALSE,0
8744516025,103735745,79,FALSE,0
8744516025,106305042,17,TRUE,1
8744516025,108958769,100,TRUE,1
8744516025,171262902,38,FALSE,0
8744516025,195108598,108,FALSE,0
8744516025,302214028,96,TRUE,1
8744516025,312436974,126,FALSE,0
8744516025,321580662,56,TRUE,1
8744516025,847565596,123,TRUE,1
8744628933,93817671,110,FALSE,1
8744628933,103735745,136,FALSE,1
8744628933,106305042,17,TRUE,0
8744628933,108958769,83,TRUE,0
8744628933,171262902,73,FALSE,1
8744628933,195108598,28,FALSE,1
8744628933,302214028,29,TRUE,0
8744628933,312436974,39,FALSE,1
8744628933,321580662,138,TRUE,0
8744628933,847565596,90,TRUE,0
8744743926,93817671,64,TRUE,0
8744743926,103735745,79,TRUE,0
8744743926,106305042,13,FALSE,1
8744743926,108958769,37,FALSE,1
8744743926,171262902,70,TRUE,0
8744743926,195108598,28,TRUE,0
8744743926,302214028,99,FALSE,1
8744743926,312436974,126,TRUE,0
8744743926,321580662,49,FALSE,1
8744743926,847565596,90,FALSE,1
8744876410,86698277,29,TRUE,0
8744876410,93618577,120,TRUE,0
8744876410,124801257,48,FALSE,1
8744876410,126842529,78,FALSE,1
8744876410,136829091,40,TRUE,0
8744876410,256156323,86,FALSE,1
8744876410,301750126,126,FALSE,1
8744876410,320219866,110,FALSE,1
8744876410,331855530,73,TRUE,0
8744876410,346412363,27,TRUE,0
8744971178,86698277,98,FALSE,1
8744971178,93618577,52,FALSE,1
8744971178,124801257,72,TRUE,0
8744971178,126842529,129,TRUE,0
8744971178,136829091,40,FALSE,1
8744971178,256156323,123,TRUE,0
8744971178,301750126,17,TRUE,0
8744971178,320219866,110,TRUE,0
8744971178,331855530,73,FALSE,1
8744971178,346412363,27,FALSE,1
8745090204,86698277,155,TRUE,0
8745090204,93618577,16,TRUE,0
8745090204,124801257,48,FALSE,1
8745090204,126842529,78,FALSE,1
8745090204,136829091,26,TRUE,0
8745090204,256156323,123,FALSE,1
8745090204,301750126,13,FALSE,1
8745090204,320219866,64,FALSE,1
8745090204,331855530,73,TRUE,0
8745090204,346412363,100,TRUE,0
8745834843,9403474,100,FALSE,0
8745834843,91730177,40,FALSE,0
8745834843,94296097,64,TRUE,1
8745834843,101695162,51,TRUE,1
8745834843,116585378,16,FALSE,0
8745834843,127617979,114,FALSE,0
8745834843,129958758,129,TRUE,1
8745834843,173978074,13,TRUE,1
8745834843,190826739,155,FALSE,0
8745834843,898754153,54,TRUE,1
8745947296,9403474,100,FALSE,1
8745947296,91730177,64,FALSE,1
8745947296,94296097,40,TRUE,0
8745947296,101695162,119,TRUE,0
8745947296,116585378,106,FALSE,1
8745947296,127617979,4,FALSE,1
8745947296,129958758,78,TRUE,0
8745947296,173978074,120,TRUE,0
8745947296,190826739,15,FALSE,1
8745947296,898754153,63,TRUE,0
8746052384,9403474,88,FALSE,1
8746052384,91730177,31,FALSE,1
8746052384,94296097,50,TRUE,0
8746052384,101695162,100,TRUE,0
8746052384,116585378,74,FALSE,1
8746052384,127617979,42,FALSE,1
8746052384,129958758,78,TRUE,0
8746052384,173978074,52,TRUE,0
8746052384,190826739,29,FALSE,1
8746052384,898754153,114,TRUE,0
8746216605,10366616,40,FALSE,1
8746216605,25907144,107,FALSE,1
8746216605,73401082,68,TRUE,0
8746216605,100058342,48,FALSE,1
8746216605,106573901,52,TRUE,0
8746216605,164199202,91,TRUE,0
8746216605,183719386,47,FALSE,1
8746216605,402583877,29,TRUE,0
8746216605,898455820,16,FALSE,1
8746216605,1044002267,89,TRUE,0
8746313247,10366616,110,TRUE,1
8746313247,25907144,100,TRUE,1
8746313247,73401082,40,FALSE,0
8746313247,100058342,56,TRUE,1
8746313247,106573901,52,FALSE,0
8746313247,164199202,86,FALSE,0
8746313247,183719386,126,TRUE,1
8746313247,402583877,108,FALSE,0
8746313247,898455820,43,TRUE,1
8746313247,1044002267,61,FALSE,0
8746446635,94296097,110,TRUE,1
8746446635,101695162,100,TRUE,1
8746446635,106305042,28,FALSE,0
8746446635,108958769,64,FALSE,0
8746446635,129958758,129,TRUE,1
8746446635,173978074,13,TRUE,1
8746446635,302214028,137,FALSE,0
8746446635,321580662,73,FALSE,0
8746446635,847565596,26,FALSE,0
8746446635,898754153,72,TRUE,1
8746557862,94296097,50,TRUE,0
8746557862,101695162,71,TRUE,0
8746557862,106305042,35,FALSE,1
8746557862,108958769,68,FALSE,1
8746557862,129958758,78,TRUE,0
8746557862,173978074,52,TRUE,0
8746557862,302214028,129,FALSE,1
8746557862,321580662,54,FALSE,1
8746557862,847565596,119,FALSE,1
8746557862,898754153,67,TRUE,0
8746649774,94296097,40,TRUE,0
8746649774,101695162,123,TRUE,0
8746649774,106305042,126,FALSE,1
8746649774,108958769,110,FALSE,1
8746649774,129958758,28,TRUE,0
8746649774,173978074,16,TRUE,0
8746649774,302214028,120,FALSE,1
8746649774,321580662,10,FALSE,1
8746649774,847565596,26,FALSE,1
8746649774,898754153,38,TRUE,0
8747354565,73401082,58,TRUE,0
8747354565,106573901,17,TRUE,0
8747354565,124801257,38,FALSE,1
8747354565,126842529,98,FALSE,1
8747354565,164199202,91,TRUE,0
8747354565,256156323,65,FALSE,1
8747354565,301750126,106,FALSE,1
8747354565,320219866,64,FALSE,1
8747354565,402583877,120,TRUE,0
8747354565,1044002267,114,TRUE,0
8747486863,73401082,58,TRUE,0
8747486863,106573901,120,TRUE,0
8747486863,124801257,38,FALSE,1
8747486863,126842529,135,FALSE,1
8747486863,164199202,86,TRUE,0
8747486863,256156323,100,FALSE,1
8747486863,301750126,39,FALSE,1
8747486863,320219866,37,FALSE,1
8747486863,402583877,108,TRUE,0
8747486863,1044002267,63,TRUE,0
8747660830,86698277,155,FALSE,0
8747660830,93618577,106,FALSE,0
8747660830,93817671,91,TRUE,1
8747660830,103735745,90,TRUE,1
8747660830,136829091,110,FALSE,0
8747660830,171262902,19,TRUE,1
8747660830,195108598,99,TRUE,1
8747660830,312436974,120,TRUE,1
8747660830,331855530,49,FALSE,0
8747660830,346412363,100,FALSE,0
8747822091,86698277,69,FALSE,0
8747822091,93618577,120,FALSE,0
8747822091,93817671,84,TRUE,1
8747822091,103735745,26,TRUE,1
8747822091,136829091,110,FALSE,0
8747822091,171262902,94,TRUE,1
8747822091,195108598,65,TRUE,1
8747822091,312436974,126,TRUE,1
8747822091,331855530,72,FALSE,0
8747822091,346412363,100,FALSE,0
8748008577,73401082,58,TRUE,0
8748008577,94296097,50,FALSE,1
8748008577,101695162,100,FALSE,1
8748008577,106573901,120,TRUE,0
8748008577,129958758,155,FALSE,1
8748008577,164199202,86,TRUE,0
8748008577,173978074,52,FALSE,1
8748008577,402583877,28,TRUE,0
8748008577,898754153,70,FALSE,1
8748008577,1044002267,114,TRUE,0
8748080084,73401082,31,FALSE,1
8748080084,94296097,40,TRUE,0
8748080084,101695162,86,TRUE,0
8748080084,106573901,120,FALSE,1
8748080084,129958758,28,TRUE,0
8748080084,164199202,90,FALSE,1
8748080084,173978074,16,TRUE,0
8748080084,402583877,38,FALSE,1
8748080084,898754153,63,TRUE,0
8748080084,1044002267,114,FALSE,1
8748176080,73401082,63,FALSE,1
8748176080,94296097,9,TRUE,0
8748176080,101695162,79,TRUE,0
8748176080,106573901,120,FALSE,1
8748176080,129958758,129,TRUE,0
8748176080,164199202,119,FALSE,1
8748176080,173978074,16,TRUE,0
8748176080,402583877,108,FALSE,1
8748176080,898754153,10,TRUE,0
8748176080,1044002267,89,FALSE,1
8748904227,93817671,110,FALSE,0
8748904227,94296097,111,TRUE,1
8748904227,101695162,100,TRUE,1
8748904227,103735745,65,FALSE,0
8748904227,129958758,129,TRUE,1
8748904227,171262902,46,FALSE,0
8748904227,173978074,52,TRUE,1
8748904227,195108598,29,FALSE,0
8748904227,312436974,106,FALSE,0
8748904227,898754153,114,TRUE,1
8748993377,93817671,110,FALSE,1
8748993377,94296097,87,TRUE,0
8748993377,101695162,91,TRUE,0
8748993377,103735745,114,FALSE,1
8748993377,129958758,99,TRUE,0
8748993377,171262902,138,FALSE,1
8748993377,173978074,120,TRUE,0
8748993377,195108598,65,FALSE,1
8748993377,312436974,106,FALSE,1
8748993377,898754153,41,TRUE,0
8749102310,93817671,86,FALSE,0
8749102310,94296097,58,TRUE,1
8749102310,101695162,71,TRUE,1
8749102310,103735745,136,FALSE,0
8749102310,129958758,99,TRUE,1
8749102310,171262902,19,FALSE,0
8749102310,173978074,90,TRUE,1
8749102310,195108598,29,FALSE,0
8749102310,312436974,126,FALSE,0
8749102310,898754153,38,TRUE,1
8749290937,86698277,98,FALSE,1
8749290937,93618577,120,FALSE,1
8749290937,93817671,83,TRUE,0
8749290937,103735745,123,TRUE,0
8749290937,136829091,40,FALSE,1
8749290937,171262902,138,TRUE,0
8749290937,195108598,28,TRUE,0
8749290937,312436974,16,TRUE,0
8749290937,331855530,72,FALSE,1
8749290937,346412363,86,FALSE,1
8749401157,86698277,155,TRUE,0
8749401157,93618577,17,TRUE,0
8749401157,93817671,100,FALSE,1
8749401157,103735745,27,FALSE,1
8749401157,136829091,64,TRUE,0
8749401157,171262902,63,FALSE,1
8749401157,195108598,78,FALSE,1
8749401157,312436974,16,FALSE,1
8749401157,331855530,114,TRUE,0
8749401157,346412363,90,TRUE,0
8749533801,86698277,29,FALSE,0
8749533801,93618577,38,FALSE,0
8749533801,93817671,9,TRUE,1
8749533801,103735745,90,TRUE,1
8749533801,136829091,110,FALSE,0
8749533801,171262902,48,TRUE,1
8749533801,195108598,99,TRUE,1
8749533801,312436974,106,TRUE,1
8749533801,331855530,114,FALSE,0
8749533801,346412363,100,FALSE,0
8749655300,86698277,16,TRUE,0
8749655300,93618577,38,TRUE,0
8749655300,93817671,110,FALSE,1
8749655300,103735745,123,FALSE,1
8749655300,136829091,64,TRUE,0
8749655300,171262902,19,FALSE,1
8749655300,195108598,108,FALSE,1
8749655300,312436974,28,FALSE,1
8749655300,331855530,54,TRUE,0
8749655300,346412363,100,TRUE,0
8753498070,122817493,86,FALSE,1
8753498070,123023873,120,FALSE,1
8753498070,125445069,73,FALSE,1
8753498070,140835095,99,TRUE,0
8753498070,175311897,91,FALSE,1
8753498070,194979527,48,TRUE,0
8753498070,217472313,45,TRUE,0
8753498070,218231587,123,TRUE,0
8753498070,383788462,137,FALSE,1
8753498070,860145568,17,TRUE,0
8753565836,122817493,128,TRUE,1
8753565836,123023873,106,TRUE,1
8753565836,125445069,41,TRUE,1
8753565836,140835095,120,FALSE,0
8753565836,175311897,100,TRUE,1
8753565836,194979527,54,FALSE,0
8753565836,217472313,45,FALSE,0
8753565836,218231587,123,FALSE,0
8753565836,383788462,99,TRUE,1
8753565836,860145568,114,FALSE,0
8753862041,111114687,58,FALSE,0
8753862041,118134220,16,FALSE,0
8753862041,137129583,28,FALSE,0
8753862041,157475523,121,FALSE,0
8753862041,320252024,41,FALSE,0
8753862041,355409883,100,TRUE,1
8753862041,489696354,126,TRUE,1
8753862041,863282361,10,TRUE,1
8753862041,1171877280,135,TRUE,1
8753862041,1388432956,86,TRUE,1
8753899060,111114687,110,FALSE,0
8753899060,118134220,120,FALSE,0
8753899060,137129583,52,FALSE,0
8753899060,157475523,107,FALSE,0
8753899060,320252024,41,FALSE,0
8753899060,355409883,90,TRUE,1
8753899060,489696354,17,TRUE,1
8753899060,863282361,54,TRUE,1
8753899060,1171877280,135,TRUE,1
8753899060,1388432956,87,TRUE,1
8754028170,100471531,155,TRUE,0
8754028170,102099826,86,FALSE,1
8754028170,104512126,16,TRUE,0
8754028170,132309493,108,FALSE,1
8754028170,148526973,83,TRUE,0
8754028170,184950344,110,FALSE,1
8754028170,193815691,123,TRUE,0
8754028170,330534326,114,FALSE,1
8754028170,375507918,70,TRUE,0
8754028170,399920568,17,FALSE,1
8754078295,94296097,87,TRUE,0
8754078295,101695162,91,TRUE,0
8754078295,128660724,26,FALSE,1
8754078295,129958758,29,TRUE,0
8754078295,173978074,59,TRUE,0
8754078295,307291170,39,FALSE,1
8754078295,325674279,108,FALSE,1
8754078295,373667079,93,FALSE,1
8754078295,859505832,110,FALSE,1
8754078295,898754153,114,TRUE,0
8754079014,40805086,90,TRUE,1
8754079014,124801257,114,FALSE,0
8754079014,126842529,155,FALSE,0
8754079014,148612029,29,TRUE,1
8754079014,256156323,86,FALSE,0
8754079014,276449590,88,TRUE,1
8754079014,293731272,138,TRUE,1
8754079014,301750126,13,FALSE,0
8754079014,320219866,40,FALSE,0
8754079014,1048617659,110,TRUE,1
8754095340,100471531,120,TRUE,0
8754095340,102099826,100,FALSE,1
8754095340,104512126,39,TRUE,0
8754095340,132309493,78,FALSE,1
8754095340,148526973,5,TRUE,0
8754095340,184950344,64,FALSE,1
8754095340,193815691,86,TRUE,0
8754095340,330534326,48,FALSE,1
8754095340,375507918,54,TRUE,0
8754095340,399920568,52,FALSE,1
8754127507,94296097,110,TRUE,0
8754127507,101695162,86,TRUE,0
8754127507,128660724,123,FALSE,1
8754127507,129958758,99,TRUE,0
8754127507,173978074,106,TRUE,0
8754127507,307291170,16,FALSE,1
8754127507,325674279,78,FALSE,1
8754127507,373667079,48,FALSE,1
8754127507,859505832,112,FALSE,1
8754127507,898754153,114,TRUE,0
8754154422,40805086,15,TRUE,0
8754154422,124801257,102,FALSE,1
8754154422,126842529,78,FALSE,1
8754154422,148612029,28,TRUE,0
8754154422,256156323,119,FALSE,1
8754154422,276449590,86,TRUE,0
8754154422,293731272,138,TRUE,0
8754154422,301750126,120,FALSE,1
8754154422,320219866,58,FALSE,1
8754154422,1048617659,83,TRUE,0
8754195782,40805086,106,TRUE,1
8754195782,124801257,41,FALSE,0
8754195782,126842529,155,FALSE,0
8754195782,148612029,55,TRUE,1
8754195782,256156323,123,FALSE,0
8754195782,276449590,88,TRUE,1
8754195782,293731272,70,TRUE,1
8754195782,301750126,17,FALSE,0
8754195782,320219866,40,FALSE,0
8754195782,1048617659,110,TRUE,1
8754248527,9403474,86,FALSE,1
8754248527,122817493,40,TRUE,0
8754248527,123023873,17,TRUE,0
8754248527,125445069,73,TRUE,0
8754248527,127617979,15,FALSE,1
8754248527,175311897,79,TRUE,0
8754248527,190826739,99,FALSE,1
8754248527,210053851,126,FALSE,1
8754248527,383788462,155,TRUE,0
8754248527,1202267677,64,FALSE,1
8754352117,9403474,123,FALSE,1
8754352117,122817493,45,TRUE,0
8754352117,123023873,13,TRUE,0
8754352117,125445069,99,TRUE,0
8754352117,127617979,15,FALSE,1
8754352117,175311897,86,TRUE,0
8754352117,190826739,78,FALSE,1
8754352117,210053851,120,FALSE,1
8754352117,383788462,69,TRUE,0
8754352117,1202267677,64,FALSE,1
8754463676,73401082,121,TRUE,0
8754463676,94155156,64,FALSE,1
8754463676,97658618,138,FALSE,1
8754463676,106573901,114,TRUE,0
8754463676,126212866,129,FALSE,1
8754463676,154715080,120,FALSE,1
8754463676,164199202,91,TRUE,0
8754463676,241884166,90,FALSE,1
8754463676,402583877,2,TRUE,0
8754463676,1044002267,63,TRUE,0
8754582619,73401082,68,FALSE,0
8754582619,94155156,110,TRUE,1
8754582619,97658618,138,TRUE,1
8754582619,106573901,29,FALSE,0
8754582619,126212866,137,TRUE,1
8754582619,154715080,13,TRUE,1
8754582619,164199202,52,FALSE,0
8754582619,241884166,86,TRUE,1
8754582619,402583877,2,FALSE,0
8754582619,1044002267,48,FALSE,0
8754711076,92487440,29,TRUE,1
8754711076,123787715,58,TRUE,1
8754711076,130991304,40,FALSE,0
8754711076,140251702,17,TRUE,1
8754711076,145065875,123,TRUE,1
8754711076,185590374,16,FALSE,0
8754711076,320017600,41,TRUE,1
8754711076,835864135,108,FALSE,0
8754711076,919735867,79,FALSE,0
8754711076,957204049,114,FALSE,0
8754811839,92487440,28,TRUE,0
8754811839,123787715,110,TRUE,0
8754811839,130991304,83,FALSE,1
8754811839,140251702,39,TRUE,0
8754811839,145065875,123,TRUE,0
8754811839,185590374,106,FALSE,1
8754811839,320017600,54,TRUE,0
8754811839,835864135,16,FALSE,1
8754811839,919735867,86,FALSE,1
8754811839,957204049,138,FALSE,1
8754905468,92487440,108,TRUE,1
8754905468,123787715,86,TRUE,1
8754905468,130991304,110,FALSE,0
8754905468,140251702,47,TRUE,1
8754905468,145065875,123,TRUE,1
8754905468,185590374,145,FALSE,0
8754905468,320017600,95,TRUE,1
8754905468,835864135,135,FALSE,0
8754905468,919735867,100,FALSE,0
8754905468,957204049,54,FALSE,0
8755317345,94296097,110,FALSE,0
8755317345,101695162,27,FALSE,0
8755317345,129958758,29,FALSE,0
8755317345,135607261,40,TRUE,1
8755317345,137895298,13,TRUE,1
8755317345,164530809,131,TRUE,1
8755317345,165178538,120,TRUE,1
8755317345,173978074,28,FALSE,0
8755317345,898754153,109,FALSE,0
8755317345,1101855381,93,TRUE,1
8755366466,94296097,87,TRUE,0
8755366466,101695162,91,TRUE,0
8755366466,129958758,129,TRUE,0
8755366466,135607261,86,FALSE,1
8755366466,137895298,39,FALSE,1
8755366466,164530809,126,FALSE,1
8755366466,165178538,65,FALSE,1
8755366466,173978074,59,TRUE,0
8755366466,898754153,114,TRUE,0
8755366466,1101855381,46,FALSE,1
8755425925,111114687,79,FALSE,0
8755425925,113457795,120,TRUE,1
8755425925,118134220,137,FALSE,0
8755425925,137129583,28,FALSE,0
8755425925,138857296,98,TRUE,1
8755425925,157475523,105,FALSE,0
8755425925,158847773,64,TRUE,1
8755425925,168028715,138,TRUE,1
8755425925,207829314,107,TRUE,1
8755425925,320252024,109,FALSE,0
8755445695,122817493,110,FALSE,1
8755445695,123023873,17,FALSE,1
8755445695,124801257,63,TRUE,0
8755445695,125445069,99,FALSE,1
8755445695,126842529,120,TRUE,0
8755445695,175311897,100,FALSE,1
8755445695,256156323,86,TRUE,0
8755445695,301750126,13,TRUE,0
8755445695,320219866,64,TRUE,0
8755445695,383788462,65,FALSE,1
8755468072,111114687,40,FALSE,1
8755468072,113457795,99,TRUE,0
8755468072,118134220,29,FALSE,1
8755468072,137129583,38,FALSE,1
8755468072,138857296,28,TRUE,0
8755468072,157475523,51,FALSE,1
8755468072,158847773,58,TRUE,0
8755468072,168028715,63,TRUE,0
8755468072,207829314,100,TRUE,0
8755468072,320252024,46,FALSE,1
8755511101,122817493,45,TRUE,0
8755511101,123023873,13,TRUE,0
8755511101,124801257,73,FALSE,1
8755511101,125445069,114,TRUE,0
8755511101,126842529,108,FALSE,1
8755511101,175311897,100,TRUE,0
8755511101,256156323,123,FALSE,1
8755511101,301750126,126,FALSE,1
8755511101,320219866,37,FALSE,1
8755511101,383788462,99,TRUE,0
8755539394,111114687,64,FALSE,1
8755539394,113457795,106,TRUE,0
8755539394,118134220,96,FALSE,1
8755539394,137129583,39,FALSE,1
8755539394,138857296,28,TRUE,0
8755539394,157475523,100,FALSE,1
8755539394,158847773,83,TRUE,0
8755539394,168028715,63,TRUE,0
8755539394,207829314,138,TRUE,0
8755539394,320252024,21,FALSE,1
8755569308,122817493,40,FALSE,1
8755569308,123023873,13,FALSE,1
8755569308,124801257,70,TRUE,0
8755569308,125445069,114,FALSE,1
8755569308,126842529,47,TRUE,0
8755569308,175311897,71,FALSE,1
8755569308,256156323,86,TRUE,0
8755569308,301750126,126,TRUE,0
8755569308,320219866,64,TRUE,0
8755569308,383788462,29,FALSE,1
8755637158,94296097,103,TRUE,0
8755637158,101695162,119,TRUE,0
8755637158,113457795,52,FALSE,1
8755637158,129958758,129,TRUE,0
8755637158,138857296,97,FALSE,1
8755637158,158847773,87,FALSE,1
8755637158,168028715,46,FALSE,1
8755637158,173978074,16,TRUE,0
8755637158,207829314,91,FALSE,1
8755637158,898754153,109,TRUE,0
8755676521,73401082,110,TRUE,0
8755676521,106573901,15,TRUE,0
8755676521,130991304,87,FALSE,1
8755676521,164199202,86,TRUE,0
8755676521,185590374,120,FALSE,1
8755676521,402583877,38,TRUE,0
8755676521,835864135,103,FALSE,1
8755676521,919735867,119,FALSE,1
8755676521,957204049,114,FALSE,1
8755676521,1044002267,82,TRUE,0
8755735231,94296097,87,TRUE,0
8755735231,101695162,123,TRUE,0
8755735231,113457795,17,FALSE,1
8755735231,129958758,120,TRUE,0
8755735231,138857296,137,FALSE,1
8755735231,158847773,91,FALSE,1
8755735231,168028715,15,FALSE,1
8755735231,173978074,16,TRUE,0
8755735231,207829314,111,FALSE,1
8755735231,898754153,10,TRUE,0
8755766042,73401082,111,TRUE,0
8755766042,106573901,63,TRUE,0
8755766042,130991304,40,FALSE,1
8755766042,164199202,52,TRUE,0
8755766042,185590374,90,FALSE,1
8755766042,402583877,29,TRUE,0
8755766042,835864135,135,FALSE,1
8755766042,919735867,136,FALSE,1
8755766042,957204049,46,FALSE,1
8755766042,1044002267,114,TRUE,0
8757142614,98885811,114,FALSE,1
8757142614,101356886,45,TRUE,0
8757142614,111030315,123,FALSE,1
8757142614,115651292,52,FALSE,1
8757142614,138880576,47,TRUE,0
8757142614,140297552,16,TRUE,0
8757142614,152168157,27,TRUE,0
8757142614,203351055,120,FALSE,1
8757142614,369342470,58,FALSE,1
8757142614,418942836,138,TRUE,0
8757219877,98885811,73,FALSE,0
8757219877,101356886,90,TRUE,1
8757219877,111030315,100,FALSE,0
8757219877,115651292,39,FALSE,0
8757219877,138880576,106,TRUE,1
8757219877,140297552,16,TRUE,1
8757219877,152168157,86,TRUE,1
8757219877,203351055,99,FALSE,0
8757219877,369342470,87,FALSE,0
8757219877,418942836,94,TRUE,1
8757309458,98885811,72,FALSE,0
8757309458,101356886,90,TRUE,1
8757309458,111030315,100,FALSE,0
8757309458,115651292,52,FALSE,0
8757309458,138880576,98,TRUE,1
8757309458,140297552,16,TRUE,1
8757309458,152168157,27,TRUE,1
8757309458,203351055,29,FALSE,0
8757309458,369342470,87,FALSE,0
8757309458,418942836,19,TRUE,1
8757404869,72393079,47,FALSE,1
8757404869,115464954,71,FALSE,1
8757404869,116249155,155,FALSE,1
8757404869,183719386,99,TRUE,0
8757404869,194979527,48,TRUE,0
8757404869,217472313,131,TRUE,0
8757404869,218231587,100,TRUE,0
8757404869,241519559,73,FALSE,1
8757404869,349310876,31,FALSE,1
8757404869,860145568,126,TRUE,0
8757529698,72393079,16,TRUE,1
8757529698,115464954,131,TRUE,1
8757529698,116249155,108,TRUE,1
8757529698,183719386,29,FALSE,0
8757529698,194979527,48,FALSE,0
8757529698,217472313,111,FALSE,0
8757529698,218231587,27,FALSE,0
8757529698,241519559,109,TRUE,1
8757529698,349310876,110,TRUE,1
8757529698,860145568,59,FALSE,0
8757649115,94155156,58,TRUE,0
8757649115,97658618,138,TRUE,0
8757649115,126212866,137,TRUE,0
8757649115,185059559,40,FALSE,1
8757649115,241884166,107,TRUE,0
8757649115,294135421,17,FALSE,1
8757649115,295697470,79,FALSE,1
8757649115,363739653,99,FALSE,1
8757649115,898455820,114,TRUE,0
8757649115,1657135701,49,FALSE,1
8757769291,94155156,64,FALSE,0
8757769291,97658618,145,FALSE,0
8757769291,126212866,78,FALSE,0
8757769291,185059559,86,TRUE,1
8757769291,241884166,107,FALSE,0
8757769291,294135421,35,TRUE,1
8757769291,295697470,110,TRUE,1
8757769291,363739653,129,TRUE,1
8757769291,898455820,59,FALSE,0
8757769291,1657135701,109,TRUE,1
8757847890,72393079,16,TRUE,1
8757847890,90423751,87,FALSE,0
8757847890,115464954,101,TRUE,1
8757847890,116249155,98,TRUE,1
8757847890,154974246,17,FALSE,0
8757847890,160119017,155,FALSE,0
8757847890,191362875,110,FALSE,0
8757847890,206642367,73,FALSE,0
8757847890,241519559,1,TRUE,1
8757847890,349310876,131,TRUE,1
8757928349,72393079,35,TRUE,1
8757928349,90423751,100,FALSE,0
8757928349,115464954,123,TRUE,1
8757928349,116249155,29,TRUE,1
8757928349,154974246,38,FALSE,0
8757928349,160119017,99,FALSE,0
8757928349,191362875,86,FALSE,0
8757928349,206642367,56,FALSE,0
8757928349,241519559,73,TRUE,1
8757928349,349310876,5,TRUE,1
8758458334,183719386,129,TRUE,0
8758458334,194979527,73,TRUE,0
8758458334,217472313,87,TRUE,0
8758458334,218231587,131,TRUE,0
8758458334,256444993,48,FALSE,1
8758458334,285282252,40,FALSE,1
8758458334,312542697,120,FALSE,1
8758458334,399804216,106,FALSE,1
8758458334,847851833,86,FALSE,1
8758458334,860145568,126,TRUE,0
8758516093,183719386,29,TRUE,0
8758516093,194979527,49,TRUE,0
8758516093,217472313,131,TRUE,0
8758516093,218231587,123,TRUE,0
8758516093,256444993,138,FALSE,1
8758516093,285282252,91,FALSE,1
8758516093,312542697,23,FALSE,1
8758516093,399804216,137,FALSE,1
8758516093,847851833,86,FALSE,1
8758516093,860145568,126,TRUE,0
8758604963,92487440,108,TRUE,0
8758604963,123787715,40,TRUE,0
8758604963,140251702,106,TRUE,0
8758604963,145065875,79,TRUE,0
8758604963,164685175,63,FALSE,1
8758604963,185059559,87,FALSE,1
8758604963,294135421,16,FALSE,1
8758604963,295697470,91,FALSE,1
8758604963,320017600,82,TRUE,0
8758604963,363739653,14,FALSE,1
8758692845,92487440,16,TRUE,0
8758692845,96183976,38,FALSE,1
8758692845,123787715,58,TRUE,0
8758692845,140251702,39,TRUE,0
8758692845,145065875,86,TRUE,0
8758692845,185059559,87,FALSE,1
8758692845,294135421,59,FALSE,1
8758692845,295697470,79,FALSE,1
8758692845,320017600,114,TRUE,0
8758692845,363739653,129,FALSE,1
8759107304,101356886,90,FALSE,1
8759107304,138880576,29,FALSE,1
8759107304,140297552,13,FALSE,1
8759107304,152168157,100,FALSE,1
8759107304,185059559,86,TRUE,0
8759107304,294135421,28,TRUE,0
8759107304,295697470,26,TRUE,0
8759107304,363739653,47,TRUE,0
8759107304,418942836,114,FALSE,1
8759107304,1657135701,99,TRUE,0
8759237219,101356886,3,TRUE,0
8759237219,138880576,29,TRUE,0
8759237219,140297552,17,TRUE,0
8759237219,152168157,128,TRUE,0
8759237219,185059559,110,FALSE,1
8759237219,294135421,16,FALSE,1
8759237219,295697470,100,FALSE,1
8759237219,363739653,47,FALSE,1
8759237219,418942836,138,TRUE,0
8759237219,1657135701,114,FALSE,1
8759332195,101356886,111,TRUE,0
8759332195,138880576,106,TRUE,0
8759332195,140297552,126,TRUE,0
8759332195,152168157,65,TRUE,0
8759332195,185059559,86,FALSE,1
8759332195,294135421,90,FALSE,1
8759332195,295697470,100,FALSE,1
8759332195,363739653,135,FALSE,1
8759332195,418942836,73,TRUE,0
8759332195,1657135701,63,FALSE,1
8759455338,92487440,29,TRUE,0
8759455338,94155156,64,FALSE,1
8759455338,97658618,114,FALSE,1
8759455338,123787715,86,TRUE,0
8759455338,126212866,77,FALSE,1
8759455338,140251702,106,TRUE,0
8759455338,145065875,79,TRUE,0
8759455338,196482746,13,FALSE,1
8759455338,241884166,65,FALSE,1
8759455338,320017600,38,TRUE,0
8759524795,92487440,28,TRUE,1
8759524795,94155156,64,FALSE,0
8759524795,97658618,48,FALSE,0
8759524795,123787715,110,TRUE,1
8759524795,126212866,78,FALSE,0
8759524795,140251702,90,TRUE,1
8759524795,145065875,123,TRUE,1
8759524795,196482746,52,FALSE,0
8759524795,241884166,86,FALSE,0
8759524795,320017600,82,TRUE,1
8759585866,92487440,28,TRUE,0
8759585866,94155156,110,FALSE,1
8759585866,97658618,48,FALSE,1
8759585866,123787715,79,TRUE,0
8759585866,126212866,29,FALSE,1
8759585866,140251702,39,TRUE,0
8759585866,145065875,123,TRUE,0
8759585866,196482746,38,FALSE,1
8759585866,241884166,86,FALSE,1
8759585866,320017600,70,TRUE,0
8760013372,92487440,108,TRUE,0
8760013372,98885811,48,FALSE,1
8760013372,111030315,79,FALSE,1
8760013372,115651292,13,FALSE,1
8760013372,123787715,110,TRUE,0
8760013372,140251702,120,TRUE,0
8760013372,145065875,86,TRUE,0
8760013372,203351055,78,FALSE,1
8760013372,320017600,54,TRUE,0
8760013372,369342470,9,FALSE,1
8760069764,92487440,108,FALSE,1
8760069764,98885811,70,TRUE,0
8760069764,111030315,100,TRUE,0
8760069764,115651292,16,TRUE,0
8760069764,123787715,110,FALSE,1
8760069764,140251702,28,FALSE,1
8760069764,145065875,86,FALSE,1
8760069764,203351055,135,TRUE,0
8760069764,320017600,41,FALSE,1
8760069764,369342470,9,TRUE,0
8760122367,92487440,65,TRUE,0
8760122367,98885811,41,FALSE,1
8760122367,111030315,105,FALSE,1
8760122367,115651292,16,FALSE,1
8760122367,123787715,40,TRUE,0
8760122367,140251702,106,TRUE,0
8760122367,145065875,123,TRUE,0
8760122367,203351055,29,FALSE,1
8760122367,320017600,102,TRUE,0
8760122367,369342470,110,FALSE,1
8760477190,90423751,87,FALSE,1
8760477190,154974246,17,FALSE,1
8760477190,160119017,120,FALSE,1
8760477190,191362875,86,FALSE,1
8760477190,206642367,47,FALSE,1
8760477190,256444993,56,TRUE,0
8760477190,285282252,110,TRUE,0
8760477190,312542697,155,TRUE,0
8760477190,399804216,16,TRUE,0
8760477190,847851833,131,TRUE,0
8760634975,90423751,123,TRUE,0
8760634975,154974246,145,TRUE,0
8760634975,160119017,2,TRUE,0
8760634975,191362875,110,TRUE,0
8760634975,206642367,114,TRUE,0
8760634975,256444993,48,FALSE,1
8760634975,285282252,64,FALSE,1
8760634975,312542697,29,FALSE,1
8760634975,399804216,13,FALSE,1
8760634975,847851833,105,FALSE,1
8760693477,90423751,100,FALSE,0
8760693477,154974246,145,FALSE,0
8760693477,160119017,28,FALSE,0
8760693477,191362875,110,FALSE,0
8760693477,206642367,46,FALSE,0
8760693477,256444993,63,TRUE,1
8760693477,285282252,136,TRUE,1
8760693477,312542697,16,TRUE,1
8760693477,399804216,59,TRUE,1
8760693477,847851833,131,TRUE,1
8760782649,94155156,64,FALSE,1
8760782649,97658618,138,FALSE,1
8760782649,101356886,110,TRUE,0
8760782649,126212866,28,FALSE,1
8760782649,138880576,69,TRUE,0
8760782649,140297552,39,TRUE,0
8760782649,152168157,123,TRUE,0
8760782649,154715080,126,FALSE,1
8760782649,241884166,136,FALSE,1
8760782649,418942836,49,TRUE,0
8760877821,94155156,64,TRUE,1
8760877821,97658618,70,TRUE,1
8760877821,101356886,110,FALSE,0
8760877821,126212866,65,TRUE,1
8760877821,138880576,28,FALSE,0
8760877821,140297552,13,FALSE,0
8760877821,152168157,100,FALSE,0
8760877821,154715080,49,TRUE,1
8760877821,241884166,86,TRUE,1
8760877821,418942836,138,FALSE,0
8760986413,90423751,79,TRUE,0
8760986413,154974246,145,TRUE,0
8760986413,160119017,28,TRUE,0
8760986413,183719386,129,FALSE,1
8760986413,191362875,110,TRUE,0
8760986413,194979527,109,FALSE,1
8760986413,206642367,80,TRUE,0
8760986413,217472313,131,FALSE,1
8760986413,218231587,123,FALSE,1
8760986413,860145568,59,FALSE,1
8761051241,90423751,100,TRUE,0
8761051241,154974246,17,TRUE,0
8761051241,160119017,155,TRUE,0
8761051241,183719386,114,FALSE,1
8761051241,191362875,65,TRUE,0
8761051241,194979527,41,FALSE,1
8761051241,206642367,73,TRUE,0
8761051241,217472313,79,FALSE,1
8761051241,218231587,131,FALSE,1
8761051241,860145568,16,FALSE,1
8761452929,90423751,123,FALSE,0
8761452929,122817493,37,TRUE,1
8761452929,123023873,16,TRUE,1
8761452929,125445069,82,TRUE,1
8761452929,154974246,38,FALSE,0
8761452929,160119017,28,FALSE,0
8761452929,175311897,86,TRUE,1
8761452929,191362875,62,FALSE,0
8761452929,206642367,47,FALSE,0
8761452929,383788462,29,TRUE,1
8761515506,90423751,87,TRUE,1
8761515506,122817493,86,FALSE,0
8761515506,123023873,52,FALSE,0
8761515506,125445069,89,FALSE,0
8761515506,154974246,120,TRUE,1
8761515506,160119017,96,TRUE,1
8761515506,175311897,155,FALSE,0
8761515506,191362875,79,TRUE,1
8761515506,206642367,41,TRUE,1
8761515506,383788462,65,FALSE,0
8761588726,90423751,3,TRUE,0
8761588726,122817493,131,FALSE,1
8761588726,123023873,13,FALSE,1
8761588726,125445069,89,FALSE,1
8761588726,154974246,145,TRUE,0
8761588726,160119017,60,TRUE,0
8761588726,175311897,155,FALSE,1
8761588726,191362875,40,TRUE,0
8761588726,206642367,73,TRUE,0
8761588726,383788462,98,FALSE,1
8761895154,92487440,65,FALSE,1
8761895154,101356886,110,TRUE,0
8761895154,123787715,40,FALSE,1
8761895154,138880576,29,TRUE,0
8761895154,140251702,39,FALSE,1
8761895154,140297552,106,TRUE,0
8761895154,145065875,86,FALSE,1
8761895154,152168157,123,TRUE,0
8761895154,320017600,54,FALSE,1
8761895154,418942836,41,TRUE,0
8762007038,92487440,28,TRUE,1
8762007038,101356886,3,FALSE,0
8762007038,123787715,110,TRUE,1
8762007038,138880576,65,FALSE,0
8762007038,140251702,39,TRUE,1
8762007038,140297552,38,FALSE,0
8762007038,145065875,119,TRUE,1
8762007038,152168157,123,FALSE,0
8762007038,320017600,102,TRUE,1
8762007038,418942836,49,FALSE,0
8762128911,92487440,155,TRUE,1
8762128911,123787715,64,TRUE,1
8762128911,140251702,106,TRUE,1
8762128911,145065875,100,TRUE,1
8762128911,183719386,29,FALSE,0
8762128911,194979527,48,FALSE,0
8762128911,217472313,87,FALSE,0
8762128911,218231587,65,FALSE,0
8762128911,320017600,73,TRUE,1
8762128911,860145568,38,FALSE,0
8762190571,92487440,29,TRUE,0
8762190571,123787715,110,TRUE,0
8762190571,140251702,106,TRUE,0
8762190571,145065875,119,TRUE,0
8762190571,183719386,135,FALSE,1
8762190571,194979527,70,FALSE,1
8762190571,217472313,26,FALSE,1
8762190571,218231587,65,FALSE,1
8762190571,320017600,48,TRUE,0
8762190571,860145568,120,FALSE,1
8762271616,92487440,108,TRUE,0
8762271616,123787715,40,TRUE,0
8762271616,140251702,13,TRUE,0
8762271616,145065875,119,TRUE,0
8762271616,183719386,29,FALSE,1
8762271616,194979527,48,FALSE,1
8762271616,217472313,87,FALSE,1
8762271616,218231587,100,FALSE,1
8762271616,320017600,99,TRUE,0
8762271616,860145568,38,FALSE,1
8762670913,73401082,111,TRUE,0
8762670913,90423751,3,FALSE,1
8762670913,106573901,13,TRUE,0
8762670913,154974246,17,FALSE,1
8762670913,160119017,99,FALSE,1
8762670913,164199202,52,TRUE,0
8762670913,191362875,90,FALSE,1
8762670913,206642367,109,FALSE,1
8762670913,402583877,28,TRUE,0
8762670913,1044002267,138,TRUE,0
8762683726,102099826,86,TRUE,0
8762683726,132309493,78,TRUE,0
8762683726,176616331,120,FALSE,1
8762683726,184950344,83,TRUE,0
8762683726,322442240,123,FALSE,1
8762683726,330534326,138,TRUE,0
8762683726,399920568,97,TRUE,0
8762683726,401653350,135,FALSE,1
8762683726,876794068,68,FALSE,1
8762683726,1681467999,41,FALSE,1
8762721493,108839644,87,TRUE,1
8762721493,137823304,43,TRUE,1
8762721493,145957968,38,FALSE,0
8762721493,150961567,90,FALSE,0
8762721493,170896543,63,FALSE,0
8762721493,172141367,123,TRUE,1
8762721493,175520789,44,TRUE,1
8762721493,249835593,110,FALSE,0
8762721493,315272623,106,FALSE,0
8762721493,893395618,16,TRUE,1
8762725627,73401082,110,TRUE,0
8762725627,90423751,86,FALSE,1
8762725627,106573901,126,TRUE,0
8762725627,154974246,74,FALSE,1
8762725627,160119017,2,FALSE,1
8762725627,164199202,138,TRUE,0
8762725627,191362875,40,FALSE,1
8762725627,206642367,99,FALSE,1
8762725627,402583877,36,TRUE,0
8762725627,1044002267,114,TRUE,0
8762738967,102099826,27,TRUE,0
8762738967,132309493,155,TRUE,0
8762738967,184950344,40,TRUE,0
8762738967,330534326,145,TRUE,0
8762738967,398896331,13,FALSE,1
8762738967,399920568,16,TRUE,0
8762738967,411602527,107,FALSE,1
8762738967,494553157,135,FALSE,1
8762738967,845923686,110,FALSE,1
8762738967,881155636,19,FALSE,1
8762810886,101356886,3,TRUE,1
8762810886,106305042,38,FALSE,0
8762810886,108958769,86,FALSE,0
8762810886,138880576,29,TRUE,1
8762810886,140297552,13,TRUE,1
8762810886,140835095,65,FALSE,0
8762810886,152168157,123,TRUE,1
8762810886,321580662,114,FALSE,0
8762810886,418942836,138,TRUE,1
8762810886,847565596,121,FALSE,0
8762900221,101356886,50,FALSE,0
8762900221,106305042,126,TRUE,1
8762900221,108958769,111,TRUE,1
8762900221,138880576,108,FALSE,0
8762900221,140297552,38,FALSE,0
8762900221,140835095,29,TRUE,1
8762900221,152168157,65,FALSE,0
8762900221,321580662,11,TRUE,1
8762900221,418942836,99,FALSE,0
8762900221,847565596,123,TRUE,1
8763000090,101356886,90,TRUE,0
8763000090,106305042,74,FALSE,1
8763000090,108958769,86,FALSE,1
8763000090,138880576,104,TRUE,0
8763000090,140297552,120,TRUE,0
8763000090,140835095,60,FALSE,1
8763000090,152168157,100,TRUE,0
8763000090,321580662,99,FALSE,1
8763000090,418942836,138,TRUE,0
8763000090,847565596,26,FALSE,1
8763120187,16497807,110,FALSE,1
8763120187,92487440,29,TRUE,0
8763120187,97590558,2,FALSE,1
8763120187,123787715,58,TRUE,0
8763120187,140251702,13,TRUE,0
8763120187,145065875,123,TRUE,0
8763120187,152962063,63,FALSE,1
8763120187,201358612,126,FALSE,1
8763120187,230487729,79,FALSE,1
8763120187,320017600,54,TRUE,0
8763238308,16497807,83,TRUE,0
8763238308,92487440,108,FALSE,1
8763238308,97590558,28,TRUE,0
8763238308,123787715,40,FALSE,1
8763238308,140251702,13,FALSE,1
8763238308,145065875,123,FALSE,1
8763238308,152962063,138,TRUE,0
8763238308,201358612,120,TRUE,0
8763238308,230487729,91,TRUE,0
8763238308,320017600,54,FALSE,1
8763313524,16497807,155,FALSE,1
8763313524,92487440,38,TRUE,0
8763313524,97590558,55,FALSE,1
8763313524,123787715,86,TRUE,0
8763313524,140251702,13,TRUE,0
8763313524,145065875,123,TRUE,0
8763313524,152962063,138,FALSE,1
8763313524,201358612,120,FALSE,1
8763313524,230487729,91,FALSE,1
8763313524,320017600,48,TRUE,0
8763405558,9403474,51,FALSE,0
8763405558,81306398,136,TRUE,1
8763405558,105045291,86,TRUE,1
8763405558,116585378,6,FALSE,0
8763405558,127617979,49,FALSE,0
8763405558,177203952,138,TRUE,1
8763405558,190826739,120,FALSE,0
8763405558,292921272,63,TRUE,1
8763405558,1026694469,59,TRUE,1
8763405558,1202267677,110,FALSE,0
8763493227,9403474,100,FALSE,0
8763493227,81306398,87,TRUE,1
8763493227,105045291,86,TRUE,1
8763493227,116585378,145,FALSE,0
8763493227,127617979,8,FALSE,0
8763493227,177203952,94,TRUE,1
8763493227,190826739,69,FALSE,0
8763493227,292921272,120,TRUE,1
8763493227,1026694469,47,TRUE,1
8763493227,1202267677,123,FALSE,0
8763857081,139031324,69,FALSE,1
8763857081,145957968,23,TRUE,0
8763857081,150961567,105,TRUE,0
8763857081,170896543,138,TRUE,0
8763857081,179313961,52,FALSE,1
8763857081,191597529,87,FALSE,1
8763857081,249835593,83,TRUE,0
8763857081,315272623,16,TRUE,0
8763857081,373667079,48,FALSE,1
8763857081,1112797393,65,FALSE,1
8763898561,139031324,135,TRUE,1
8763898561,145957968,78,FALSE,0
8763898561,150961567,121,FALSE,0
8763898561,170896543,63,FALSE,0
8763898561,179313961,106,TRUE,1
8763898561,191597529,87,TRUE,1
8763898561,249835593,83,FALSE,0
8763898561,315272623,16,FALSE,0
8763898561,373667079,69,TRUE,1
8763898561,1112797393,138,TRUE,1
8763938696,90423751,86,TRUE,0
8763938696,106305042,38,FALSE,1
8763938696,108958769,83,FALSE,1
8763938696,140835095,129,FALSE,1
8763938696,154974246,120,TRUE,0
8763938696,160119017,108,TRUE,0
8763938696,191362875,100,TRUE,0
8763938696,206642367,56,TRUE,0
8763938696,321580662,46,FALSE,1
8763938696,847565596,79,FALSE,1
8763948007,100471531,28,FALSE,0
8763948007,102099826,123,TRUE,1
8763948007,104512126,106,FALSE,0
8763948007,132309493,29,TRUE,1
8763948007,148526973,110,FALSE,0
8763948007,184950344,5,TRUE,1
8763948007,193815691,79,FALSE,0
8763948007,330534326,145,TRUE,1
8763948007,375507918,114,FALSE,0
8763948007,399920568,90,TRUE,1
8763984403,90423751,83,FALSE,1
8763984403,106305042,52,TRUE,0
8763984403,108958769,100,TRUE,0
8763984403,140835095,120,TRUE,0
8763984403,154974246,16,FALSE,1
8763984403,160119017,33,FALSE,1
8763984403,191362875,121,FALSE,1
8763984403,206642367,69,FALSE,1
8763984403,321580662,6,TRUE,0
8763984403,847565596,26,TRUE,0
8764012816,100471531,28,TRUE,0
8764012816,102099826,123,FALSE,1
8764012816,104512126,120,TRUE,0
8764012816,132309493,78,FALSE,1
8764012816,148526973,37,TRUE,0
8764012816,184950344,3,FALSE,1
8764012816,193815691,21,TRUE,0
8764012816,330534326,145,FALSE,1
8764012816,375507918,93,TRUE,0
8764012816,399920568,38,FALSE,1
8764045768,90423751,83,FALSE,0
8764045768,106305042,120,TRUE,1
8764045768,108958769,100,TRUE,1
8764045768,140835095,85,TRUE,1
8764045768,154974246,16,FALSE,0
8764045768,160119017,33,FALSE,0
8764045768,191362875,121,FALSE,0
8764045768,206642367,69,FALSE,0
8764045768,321580662,6,TRUE,1
8764045768,847565596,26,TRUE,1
8764127437,73401082,58,TRUE,0
8764127437,101356886,112,FALSE,1
8764127437,106573901,120,TRUE,0
8764127437,138880576,96,FALSE,1
8764127437,140297552,38,FALSE,1
8764127437,152168157,65,FALSE,1
8764127437,164199202,91,TRUE,0
8764127437,402583877,69,TRUE,0
8764127437,418942836,15,FALSE,1
8764127437,1044002267,41,TRUE,0
8764195216,73401082,58,TRUE,0
8764195216,101356886,91,FALSE,1
8764195216,106573901,43,TRUE,0
8764195216,138880576,98,FALSE,1
8764195216,140297552,38,FALSE,1
8764195216,152168157,123,FALSE,1
8764195216,164199202,86,TRUE,0
8764195216,402583877,28,TRUE,0
8764195216,418942836,49,FALSE,1
8764195216,1044002267,82,TRUE,0
8764351266,16497807,136,TRUE,0
8764351266,81306398,110,FALSE,1
8764351266,97590558,120,TRUE,0
8764351266,105045291,100,FALSE,1
8764351266,152962063,21,TRUE,0
8764351266,177203952,41,FALSE,1
8764351266,201358612,53,TRUE,0
8764351266,230487729,123,TRUE,0
8764351266,292921272,99,FALSE,1
8764351266,1026694469,47,FALSE,1
8764502762,16497807,40,FALSE,0
8764502762,81306398,110,TRUE,1
8764502762,97590558,120,FALSE,0
8764502762,105045291,100,TRUE,1
8764502762,152962063,80,FALSE,0
8764502762,177203952,48,TRUE,1
8764502762,201358612,35,FALSE,0
8764502762,230487729,123,FALSE,0
8764502762,292921272,97,TRUE,1
8764502762,1026694469,59,TRUE,1
8764625108,9403474,86,FALSE,1
8764625108,92487440,28,TRUE,0
8764625108,116585378,120,FALSE,1
8764625108,123787715,131,TRUE,0
8764625108,127617979,63,FALSE,1
8764625108,140251702,106,TRUE,0
8764625108,145065875,79,TRUE,0
8764625108,190826739,38,FALSE,1
8764625108,320017600,138,TRUE,0
8764625108,1202267677,31,FALSE,1
8764724871,9403474,51,FALSE,0
8764724871,92487440,29,TRUE,1
8764724871,116585378,120,FALSE,0
8764724871,123787715,86,TRUE,1
8764724871,127617979,73,FALSE,0
8764724871,140251702,106,TRUE,1
8764724871,145065875,123,TRUE,1
8764724871,190826739,55,FALSE,0
8764724871,320017600,38,TRUE,1
8764724871,1202267677,45,FALSE,0
8764812557,9403474,121,FALSE,0
8764812557,92487440,29,TRUE,1
8764812557,116585378,16,FALSE,0
8764812557,123787715,83,TRUE,1
8764812557,127617979,73,FALSE,0
8764812557,140251702,52,TRUE,1
8764812557,145065875,123,TRUE,1
8764812557,190826739,120,FALSE,0
8764812557,320017600,138,TRUE,1
8764812557,1202267677,110,FALSE,0
8765233808,102099826,27,TRUE,0
8765233808,132309493,155,TRUE,0
8765233808,167488455,114,FALSE,1
8765233808,176372519,110,FALSE,1
8765233808,184950344,83,TRUE,0
8765233808,282359850,59,FALSE,1
8765233808,285770518,78,FALSE,1
8765233808,330534326,72,TRUE,0
8765233808,376421854,123,FALSE,1
8765233808,399920568,39,TRUE,0
8765260718,16497807,100,TRUE,1
8765260718,97590558,38,TRUE,1
8765260718,101356886,110,FALSE,0
8765260718,138880576,78,FALSE,0
8765260718,140297552,16,FALSE,0
8765260718,152168157,86,FALSE,0
8765260718,152962063,138,TRUE,1
8765260718,201358612,28,TRUE,1
8765260718,230487729,91,TRUE,1
8765260718,418942836,49,FALSE,0
8765281928,100598959,87,FALSE,1
8765281928,102099826,100,TRUE,0
8765281928,132309493,65,TRUE,0
8765281928,156029808,86,FALSE,1
8765281928,158338766,89,FALSE,1
8765281928,184950344,40,TRUE,0
8765281928,330534326,109,TRUE,0
8765281928,399920568,145,TRUE,0
8765281928,861414087,120,FALSE,1
8765281928,899495504,99,FALSE,1
8765317021,16497807,110,FALSE,0
8765317021,97590558,38,FALSE,0
8765317021,101356886,91,TRUE,1
8765317021,138880576,69,TRUE,1
8765317021,140297552,49,TRUE,1
8765317021,152168157,123,TRUE,1
8765317021,152962063,73,FALSE,0
8765317021,201358612,39,FALSE,0
8765317021,230487729,26,FALSE,0
8765317021,418942836,72,TRUE,1
8765407551,16497807,87,FALSE,1
8765407551,97590558,99,FALSE,1
8765407551,101356886,91,TRUE,0
8765407551,138880576,104,TRUE,0
8765407551,140297552,39,TRUE,0
8765407551,152168157,27,TRUE,0
8765407551,152962063,114,FALSE,1
8765407551,201358612,74,FALSE,1
8765407551,230487729,79,FALSE,1
8765407551,418942836,44,TRUE,0
8765478656,90423751,100,TRUE,0
8765478656,92487440,28,FALSE,1
8765478656,123787715,45,FALSE,1
8765478656,140251702,106,FALSE,1
8765478656,145065875,119,FALSE,1
8765478656,154974246,17,TRUE,0
8765478656,160119017,108,TRUE,0
8765478656,191362875,110,TRUE,0
8765478656,206642367,138,TRUE,0
8765478656,320017600,48,FALSE,1
8765597299,90423751,131,FALSE,1
8765597299,92487440,129,TRUE,0
8765597299,123787715,58,TRUE,0
8765597299,140251702,16,TRUE,0
8765597299,145065875,86,TRUE,0
8765597299,154974246,38,FALSE,1
8765597299,160119017,28,FALSE,1
8765597299,191362875,40,FALSE,1
8765597299,206642367,46,FALSE,1
8765597299,320017600,63,TRUE,0
8765688078,90423751,86,FALSE,0
8765688078,92487440,28,TRUE,1
8765688078,123787715,58,TRUE,1
8765688078,140251702,38,TRUE,1
8765688078,145065875,100,TRUE,1
8765688078,154974246,39,FALSE,0
8765688078,160119017,120,FALSE,0
8765688078,191362875,40,FALSE,0
8765688078,206642367,138,FALSE,0
8765688078,320017600,54,TRUE,1
8765781391,9403474,79,FALSE,1
8765781391,73401082,66,TRUE,0
8765781391,106573901,13,TRUE,0
8765781391,116585378,39,FALSE,1
8765781391,127617979,8,FALSE,1
8765781391,164199202,52,TRUE,0
8765781391,190826739,120,FALSE,1
8765781391,402583877,29,TRUE,0
8765781391,1044002267,12,TRUE,0
8765781391,1202267677,27,FALSE,1
8765867665,9403474,100,FALSE,1
8765867665,73401082,83,TRUE,0
8765867665,106573901,106,TRUE,0
8765867665,116585378,39,FALSE,1
8765867665,127617979,114,FALSE,1
8765867665,164199202,90,TRUE,0
8765867665,190826739,29,FALSE,1
8765867665,402583877,38,TRUE,0
8765867665,1044002267,138,TRUE,0
8765867665,1202267677,123,FALSE,1
8765976782,90423751,86,TRUE,0
8765976782,101356886,50,FALSE,1
8765976782,138880576,38,FALSE,1
8765976782,140297552,39,FALSE,1
8765976782,152168157,123,FALSE,1
8765976782,154974246,17,TRUE,0
8765976782,160119017,69,TRUE,0
8765976782,191362875,100,TRUE,0
8765976782,206642367,138,TRUE,0
8765976782,418942836,46,FALSE,1
8766089530,90423751,86,FALSE,1
8766089530,101356886,90,TRUE,0
8766089530,138880576,29,TRUE,0
8766089530,140297552,77,TRUE,0
8766089530,152168157,71,TRUE,0
8766089530,154974246,74,FALSE,1
8766089530,160119017,2,FALSE,1
8766089530,191362875,65,FALSE,1
8766089530,206642367,69,FALSE,1
8766089530,418942836,138,TRUE,0
8766168681,90423751,123,FALSE,1
8766168681,101356886,45,TRUE,0
8766168681,138880576,108,TRUE,0
8766168681,140297552,120,TRUE,0
8766168681,152168157,86,TRUE,0
8766168681,154974246,13,FALSE,1
8766168681,160119017,60,FALSE,1
8766168681,191362875,66,FALSE,1
8766168681,206642367,38,FALSE,1
8766168681,418942836,138,TRUE,0
8766676079,102099826,63,FALSE,1
8766676079,132309493,38,FALSE,1
8766676079,147767183,69,TRUE,0
8766676079,152859296,26,TRUE,0
8766676079,184950344,79,FALSE,1
8766676079,202217968,80,TRUE,0
8766676079,330534326,72,FALSE,1
8766676079,343084576,65,TRUE,0
8766676079,392565237,145,TRUE,0
8766676079,399920568,90,FALSE,1
8766744085,102099826,86,FALSE,0
8766744085,132309493,108,FALSE,0
8766744085,147767183,155,TRUE,1
8766744085,152859296,100,TRUE,1
8766744085,184950344,110,FALSE,0
8766744085,202217968,126,TRUE,1
8766744085,330534326,136,FALSE,0
8766744085,343084576,37,TRUE,1
8766744085,392565237,48,TRUE,1
8766744085,399920568,145,FALSE,0
8766799303,9403474,121,FALSE,1
8766799303,101356886,90,TRUE,0
8766799303,116585378,39,FALSE,1
8766799303,127617979,4,FALSE,1
8766799303,138880576,108,TRUE,0
8766799303,140297552,120,TRUE,0
8766799303,152168157,27,TRUE,0
8766799303,190826739,29,FALSE,1
8766799303,418942836,70,TRUE,0
8766799303,1202267677,58,FALSE,1
8766868898,102099826,100,FALSE,1
8766868898,132309493,99,FALSE,1
8766868898,147767183,29,TRUE,0
8766868898,152859296,90,TRUE,0
8766868898,184950344,110,FALSE,1
8766868898,202217968,17,TRUE,0
8766868898,330534326,114,FALSE,1
8766868898,343084576,64,TRUE,0
8766868898,392565237,41,TRUE,0
8766868898,399920568,39,FALSE,1
8766874056,9403474,121,FALSE,1
8766874056,101356886,50,TRUE,0
8766874056,116585378,16,FALSE,1
8766874056,127617979,48,FALSE,1
8766874056,138880576,38,TRUE,0
8766874056,140297552,106,TRUE,0
8766874056,152168157,138,TRUE,0
8766874056,190826739,65,FALSE,1
8766874056,418942836,41,TRUE,0
8766874056,1202267677,131,FALSE,1
8767039368,73401082,110,TRUE,0
8767039368,101356886,91,FALSE,1
8767039368,106573901,13,TRUE,0
8767039368,138880576,29,FALSE,1
8767039368,140297552,69,FALSE,1
8767039368,152168157,123,FALSE,1
8767039368,164199202,90,TRUE,0
8767039368,402583877,28,TRUE,0
8767039368,418942836,95,FALSE,1
8767039368,1044002267,82,TRUE,0
8767122402,73401082,40,FALSE,0
8767122402,101356886,111,TRUE,1
8767122402,106573901,13,FALSE,0
8767122402,138880576,96,TRUE,1
8767122402,140297552,38,TRUE,1
8767122402,152168157,128,TRUE,1
8767122402,164199202,86,FALSE,0
8767122402,402583877,36,FALSE,0
8767122402,418942836,99,TRUE,1
8767122402,1044002267,72,FALSE,0
8767261875,73401082,66,TRUE,0
8767261875,101356886,50,FALSE,1
8767261875,106573901,39,TRUE,0
8767261875,138880576,120,FALSE,1
8767261875,140297552,38,FALSE,1
8767261875,152168157,100,FALSE,1
8767261875,164199202,86,TRUE,0
8767261875,402583877,28,TRUE,0
8767261875,418942836,21,FALSE,1
8767261875,1044002267,12,TRUE,0
8768062819,145957968,28,FALSE,0
8768062819,150961567,86,FALSE,0
8768062819,170896543,56,FALSE,0
8768062819,185908355,73,TRUE,1
8768062819,249835593,83,FALSE,0
8768062819,307291170,106,TRUE,1
8768062819,315272623,16,FALSE,0
8768062819,325674279,123,TRUE,1
8768062819,404004408,69,TRUE,1
8768062819,1388432956,37,TRUE,1
8768075956,100594231,83,FALSE,0
8768075956,147767183,129,TRUE,1
8768075956,152859296,105,TRUE,1
8768075956,155494381,26,FALSE,0
8768075956,202217968,106,TRUE,1
8768075956,324277900,120,FALSE,0
8768075956,343084576,110,TRUE,1
8768075956,355168766,138,FALSE,0
8768075956,392565237,72,TRUE,1
8768075956,431770905,29,FALSE,0
8768118591,145957968,29,TRUE,0
8768118591,150961567,105,TRUE,0
8768118591,170896543,56,TRUE,0
8768118591,185908355,70,FALSE,1
8768118591,249835593,64,TRUE,0
8768118591,307291170,106,FALSE,1
8768118591,315272623,16,TRUE,0
8768118591,325674279,138,FALSE,1
8768118591,404004408,2,FALSE,1
8768118591,1388432956,83,FALSE,1
8768129330,100594231,51,TRUE,0
8768129330,147767183,29,FALSE,1
8768129330,152859296,121,FALSE,1
8768129330,155494381,86,TRUE,0
8768129330,202217968,106,FALSE,1
8768129330,324277900,13,TRUE,0
8768129330,343084576,91,FALSE,1
8768129330,355168766,138,TRUE,0
8768129330,392565237,69,FALSE,1
8768129330,431770905,28,TRUE,0
8768337141,165564598,135,FALSE,1
8768337141,172099728,41,FALSE,1
8768337141,181267255,97,TRUE,0
8768337141,196878136,31,FALSE,1
8768337141,317880638,90,FALSE,1
8768337141,332342615,98,TRUE,0
8768337141,445291085,13,TRUE,0
8768337141,480412663,59,FALSE,1
8768337141,879017980,138,TRUE,0
8768337141,1675898897,58,TRUE,0
8768337245,92487440,108,TRUE,1
8768337245,104334048,40,FALSE,0
8768337245,123787715,83,TRUE,1
8768337245,140251702,120,TRUE,1
8768337245,145065875,86,TRUE,1
8768337245,234119750,69,FALSE,0
8768337245,320017600,138,TRUE,1
8768337245,435139370,131,FALSE,0
8768337245,1153798101,126,FALSE,0
8768337245,1675517497,78,FALSE,0
8768416436,16497807,86,TRUE,0
8768416436,97590558,108,TRUE,0
8768416436,152962063,19,TRUE,0
8768416436,156485213,123,FALSE,1
8768416436,187123736,96,FALSE,1
8768416436,196481318,59,FALSE,1
8768416436,201358612,53,TRUE,0
8768416436,230487729,26,TRUE,0
8768416436,349569834,48,FALSE,1
8768416436,1114792376,83,FALSE,1
8768416998,101356886,3,TRUE,1
8768416998,130991304,37,FALSE,0
8768416998,138880576,99,TRUE,1
8768416998,140297552,106,TRUE,1
8768416998,152168157,121,TRUE,1
8768416998,185590374,16,FALSE,0
8768416998,418942836,73,TRUE,1
8768416998,835864135,28,FALSE,0
8768416998,919735867,100,FALSE,0
8768416998,957204049,138,FALSE,0
8768426002,92487440,38,TRUE,0
8768426002,104334048,45,FALSE,1
8768426002,123787715,131,TRUE,0
8768426002,140251702,120,TRUE,0
8768426002,145065875,86,TRUE,0
8768426002,234119750,69,FALSE,1
8768426002,320017600,138,TRUE,0
8768426002,435139370,91,FALSE,1
8768426002,1153798101,39,FALSE,1
8768426002,1675517497,28,FALSE,1
8768463356,165564598,2,FALSE,0
8768463356,172099728,114,FALSE,0
8768463356,181267255,51,TRUE,1
8768463356,196878136,112,FALSE,0
8768463356,317880638,123,FALSE,0
8768463356,332342615,28,TRUE,1
8768463356,445291085,17,TRUE,1
8768463356,480412663,39,FALSE,0
8768463356,879017980,56,TRUE,1
8768463356,1675898897,131,TRUE,1
8768492761,16497807,110,TRUE,0
8768492761,97590558,28,TRUE,0
8768492761,152962063,138,TRUE,0
8768492761,156485213,86,FALSE,1
8768492761,187123736,99,FALSE,1
8768492761,196481318,13,FALSE,1
8768492761,201358612,19,TRUE,0
8768492761,230487729,27,TRUE,0
8768492761,349569834,46,FALSE,1
8768492761,1114792376,83,FALSE,1
8768493467,101356886,50,TRUE,1
8768493467,130991304,83,FALSE,0
8768493467,138880576,28,TRUE,1
8768493467,140297552,120,TRUE,1
8768493467,152168157,138,TRUE,1
8768493467,185590374,16,FALSE,0
8768493467,418942836,49,TRUE,1
8768493467,835864135,137,FALSE,0
8768493467,919735867,123,FALSE,0
8768493467,957204049,109,FALSE,0
8768509968,92487440,96,TRUE,0
8768509968,104334048,45,FALSE,1
8768509968,123787715,40,TRUE,0
8768509968,140251702,13,TRUE,0
8768509968,145065875,86,TRUE,0
8768509968,234119750,69,FALSE,1
8768509968,320017600,70,TRUE,0
8768509968,435139370,79,FALSE,1
8768509968,1153798101,59,FALSE,1
8768509968,1675517497,29,FALSE,1
8768544040,100594231,110,TRUE,1
8768544040,110759067,83,FALSE,0
8768544040,145331311,29,FALSE,0
8768544040,155494381,26,TRUE,1
8768544040,162274034,123,FALSE,0
8768544040,218367241,17,FALSE,0
8768544040,324277900,52,TRUE,1
8768544040,353424606,109,FALSE,0
8768544040,355168766,19,TRUE,1
8768544040,431770905,120,TRUE,1
8768553107,165564598,69,FALSE,1
8768553107,172099728,109,FALSE,1
8768553107,181267255,51,TRUE,0
8768553107,196878136,112,FALSE,1
8768553107,317880638,123,FALSE,1
8768553107,332342615,99,TRUE,0
8768553107,445291085,28,TRUE,0
8768553107,480412663,120,FALSE,1
8768553107,879017980,12,TRUE,0
8768553107,1675898897,3,TRUE,0
8768555805,145957968,38,FALSE,0
8768555805,150961567,107,FALSE,0
8768555805,170896543,138,FALSE,0
8768555805,205515858,87,TRUE,1
8768555805,249835593,64,FALSE,0
8768555805,315272623,126,FALSE,0
8768555805,355409883,100,TRUE,1
8768555805,489696354,17,TRUE,1
8768555805,863282361,69,TRUE,1
8768555805,1171877280,47,TRUE,1
8768559871,111114687,87,TRUE,0
8768559871,118134220,28,TRUE,0
8768559871,137129583,106,TRUE,0
8768559871,139031324,96,FALSE,1
8768559871,157475523,91,TRUE,0
8768559871,179313961,126,FALSE,1
8768559871,191597529,110,FALSE,1
8768559871,320252024,21,TRUE,0
8768559871,373667079,138,FALSE,1
8768559871,1112797393,100,FALSE,1
8768650953,111114687,68,FALSE,0
8768650953,118134220,65,FALSE,0
8768650953,137129583,114,FALSE,0
8768650953,139031324,120,TRUE,1
8768650953,157475523,155,FALSE,0
8768650953,179313961,28,TRUE,1
8768650953,191597529,64,TRUE,1
8768650953,320252024,38,FALSE,0
8768650953,373667079,93,TRUE,1
8768650953,1112797393,86,TRUE,1
8768688669,100594231,58,TRUE,1
8768688669,110759067,37,FALSE,0
8768688669,145331311,137,FALSE,0
8768688669,155494381,123,TRUE,1
8768688669,162274034,86,FALSE,0
8768688669,218367241,126,FALSE,0
8768688669,324277900,120,TRUE,1
8768688669,353424606,48,FALSE,0
8768688669,355168766,49,TRUE,1
8768688669,431770905,99,TRUE,1
8768731606,145957968,60,TRUE,0
8768731606,150961567,90,TRUE,0
8768731606,170896543,138,TRUE,0
8768731606,205515858,87,FALSE,1
8768731606,249835593,83,TRUE,0
8768731606,315272623,16,TRUE,0
8768731606,355409883,86,FALSE,1
8768731606,489696354,17,FALSE,1
8768731606,863282361,41,FALSE,1
8768731606,1171877280,135,FALSE,1
8768769661,9403474,71,FALSE,1
8768769661,40805086,38,TRUE,0
8768769661,127617979,138,FALSE,1
8768769661,148612029,108,TRUE,0
8768769661,190826739,65,FALSE,1
8768769661,210053851,17,FALSE,1
8768769661,276449590,86,TRUE,0
8768769661,293731272,93,TRUE,0
8768769661,1048617659,40,TRUE,0
8768769661,1202267677,58,FALSE,1
8768888971,9403474,51,FALSE,0
8768888971,40805086,126,TRUE,1
8768888971,127617979,41,FALSE,0
8768888971,148612029,108,TRUE,1
8768888971,190826739,33,FALSE,0
8768888971,210053851,13,FALSE,0
8768888971,276449590,79,TRUE,1
8768888971,293731272,93,TRUE,1
8768888971,1048617659,45,TRUE,1
8768888971,1202267677,65,FALSE,0
8768995011,9403474,51,FALSE,0
8768995011,40805086,90,TRUE,1
8768995011,127617979,4,FALSE,0
8768995011,148612029,120,TRUE,1
8768995011,190826739,129,FALSE,0
8768995011,210053851,106,FALSE,0
8768995011,276449590,86,TRUE,1
8768995011,293731272,10,TRUE,1
8768995011,1048617659,64,TRUE,1
8768995011,1202267677,65,FALSE,0
8769031848,92487440,99,TRUE,0
8769031848,123787715,86,TRUE,0
8769031848,140251702,39,TRUE,0
8769031848,145065875,79,TRUE,0
8769031848,181267255,97,FALSE,1
8769031848,320017600,41,TRUE,0
8769031848,332342615,98,FALSE,1
8769031848,445291085,106,FALSE,1
8769031848,879017980,63,FALSE,1
8769031848,1675898897,110,FALSE,1
8769132568,16497807,86,TRUE,1
8769132568,97590558,135,TRUE,1
8769132568,130991304,83,FALSE,0
8769132568,152962063,19,TRUE,1
8769132568,185590374,74,FALSE,0
8769132568,201358612,39,TRUE,1
8769132568,230487729,26,TRUE,1
8769132568,835864135,28,FALSE,0
8769132568,919735867,79,FALSE,0
8769132568,957204049,46,FALSE,0
8769147161,92487440,28,FALSE,1
8769147161,123787715,131,FALSE,1
8769147161,140251702,106,FALSE,1
8769147161,145065875,123,FALSE,1
8769147161,181267255,97,TRUE,0
8769147161,320017600,102,FALSE,1
8769147161,332342615,65,TRUE,0
8769147161,445291085,47,TRUE,0
8769147161,879017980,38,TRUE,0
8769147161,1675898897,66,TRUE,0
8769240146,92487440,135,TRUE,0
8769240146,123787715,65,TRUE,0
8769240146,140251702,39,TRUE,0
8769240146,145065875,79,TRUE,0
8769240146,181267255,90,FALSE,1
8769240146,320017600,41,TRUE,0
8769240146,332342615,29,FALSE,1
8769240146,445291085,17,FALSE,1
8769240146,879017980,48,FALSE,1
8769240146,1675898897,110,FALSE,1
8769245008,16497807,111,FALSE,0
8769245008,97590558,28,FALSE,0
8769245008,130991304,83,TRUE,1
8769245008,152962063,54,FALSE,0
8769245008,185590374,145,TRUE,1
8769245008,201358612,126,FALSE,0
8769245008,230487729,123,FALSE,0
8769245008,835864135,108,TRUE,1
8769245008,919735867,86,TRUE,1
8769245008,957204049,46,TRUE,1
8769321570,16497807,86,FALSE,1
8769321570,97590558,77,FALSE,1
8769321570,130991304,121,TRUE,0
8769321570,152962063,21,FALSE,1
8769321570,185590374,106,TRUE,0
8769321570,201358612,126,FALSE,1
8769321570,230487729,100,FALSE,1
8769321570,835864135,65,TRUE,0
8769321570,919735867,79,TRUE,0
8769321570,957204049,61,TRUE,0
8769341364,81306398,111,TRUE,0
8769341364,105045291,71,TRUE,0
8769341364,177203952,114,TRUE,0
8769341364,183126002,105,FALSE,1
8769341364,197813893,47,FALSE,1
8769341364,283545554,46,FALSE,1
8769341364,292921272,55,TRUE,0
8769341364,324627809,106,FALSE,1
8769341364,349342480,123,FALSE,1
8769341364,1026694469,16,TRUE,0
8769392037,81306398,97,FALSE,0
8769392037,105045291,86,FALSE,0
8769392037,177203952,20,FALSE,0
8769392037,183126002,26,TRUE,1
8769392037,197813893,28,TRUE,1
8769392037,283545554,93,TRUE,1
8769392037,292921272,129,FALSE,0
8769392037,324627809,13,TRUE,1
8769392037,349342480,136,TRUE,1
8769392037,1026694469,59,FALSE,0
8769491328,81306398,79,FALSE,0
8769491328,99796146,87,TRUE,1
8769491328,105045291,26,FALSE,0
8769491328,173842160,135,TRUE,1
8769491328,177203952,73,FALSE,0
8769491328,180775030,35,TRUE,1
8769491328,252520776,100,TRUE,1
8769491328,292921272,65,FALSE,0
8769491328,1026694469,47,FALSE,0
8769491328,1433323770,106,TRUE,1
8769531082,81306398,110,TRUE,1
8769531082,99796146,40,FALSE,0
8769531082,105045291,86,TRUE,1
8769531082,173842160,36,FALSE,0
8769531082,177203952,39,TRUE,1
8769531082,180775030,38,FALSE,0
8769531082,252520776,123,FALSE,0
8769531082,292921272,99,TRUE,1
8769531082,1026694469,120,TRUE,1
8769531082,1433323770,106,FALSE,0
8769558261,81306398,58,TRUE,0
8769558261,99796146,110,FALSE,1
8769558261,105045291,123,TRUE,0
8769558261,173842160,70,FALSE,1
8769558261,177203952,82,TRUE,0
8769558261,180775030,38,FALSE,1
8769558261,252520776,26,FALSE,1
8769558261,292921272,120,TRUE,0
8769558261,1026694469,90,TRUE,0
8769558261,1433323770,97,FALSE,1
8769721570,100594231,110,FALSE,1
8769721570,118559150,83,TRUE,0
8769721570,140411011,138,TRUE,0
8769721570,155447692,9,TRUE,0
8769721570,155494381,100,FALSE,1
8769721570,156328257,60,TRUE,0
8769721570,181716137,16,TRUE,0
8769721570,324277900,120,FALSE,1
8769721570,355168766,41,FALSE,1
8769721570,431770905,29,FALSE,1
8769763171,104334048,64,FALSE,1
8769763171,165564598,38,TRUE,0
8769763171,172099728,63,TRUE,0
8769763171,196878136,100,TRUE,0
8769763171,234119750,114,FALSE,1
8769763171,317880638,86,TRUE,0
8769763171,435139370,131,FALSE,1
8769763171,480412663,21,TRUE,0
8769763171,1153798101,47,FALSE,1
8769763171,1675517497,78,FALSE,1
8769779484,100594231,83,TRUE,1
8769779484,118559150,110,FALSE,0
8769779484,140411011,19,FALSE,0
8769779484,155447692,86,FALSE,0
8769779484,155494381,79,TRUE,1
8769779484,156328257,28,FALSE,0
8769779484,181716137,106,FALSE,0
8769779484,324277900,17,TRUE,1
8769779484,355168766,48,TRUE,1
8769779484,431770905,69,TRUE,1
8769824716,101356886,50,TRUE,1
8769824716,138880576,108,TRUE,1
8769824716,140297552,13,TRUE,1
8769824716,152168157,86,TRUE,1
8769824716,156485213,123,FALSE,0
8769824716,187123736,29,FALSE,0
8769824716,196481318,16,FALSE,0
8769824716,349569834,48,FALSE,0
8769824716,418942836,138,TRUE,1
8769824716,1114792376,79,FALSE,0
8769828782,104334048,40,TRUE,1
8769828782,165564598,110,FALSE,0
8769828782,172099728,41,FALSE,0
8769828782,196878136,75,FALSE,0
8769828782,234119750,138,TRUE,1
8769828782,317880638,123,FALSE,0
8769828782,435139370,100,TRUE,1
8769828782,480412663,106,FALSE,0
8769828782,1153798101,39,TRUE,1
8769828782,1675517497,60,TRUE,1
8769903842,101356886,111,TRUE,0
8769903842,138880576,99,TRUE,0
8769903842,140297552,39,TRUE,0
8769903842,152168157,71,TRUE,0
8769903842,156485213,86,FALSE,1
8769903842,187123736,137,FALSE,1
8769903842,196481318,74,FALSE,1
8769903842,349569834,138,FALSE,1
8769903842,418942836,46,TRUE,0
8769903842,1114792376,65,FALSE,1
8769936137,111114687,79,FALSE,0
8769936137,118134220,28,FALSE,0
8769936137,137129583,39,FALSE,0
8769936137,145957968,29,TRUE,1
8769936137,150961567,123,TRUE,1
8769936137,157475523,86,FALSE,0
8769936137,170896543,138,TRUE,1
8769936137,249835593,103,TRUE,1
8769936137,315272623,74,TRUE,1
8769936137,320252024,19,FALSE,0
8769974986,101356886,111,TRUE,1
8769974986,138880576,2,TRUE,1
8769974986,140297552,53,TRUE,1
8769974986,152168157,86,TRUE,1
8769974986,156485213,123,FALSE,0
8769974986,187123736,29,FALSE,0
8769974986,196481318,59,FALSE,0
8769974986,349569834,114,FALSE,0
8769974986,418942836,99,TRUE,1
8769974986,1114792376,50,FALSE,0
8769999753,122817493,37,TRUE,1
8769999753,123023873,13,TRUE,1
8769999753,125445069,69,TRUE,1
8769999753,165564598,29,FALSE,0
8769999753,172099728,73,FALSE,0
8769999753,175311897,86,TRUE,1
8769999753,196878136,31,FALSE,0
8769999753,317880638,21,FALSE,0
8769999753,383788462,120,TRUE,1
8769999753,480412663,126,FALSE,0
8770036212,111114687,50,FALSE,0
8770036212,118134220,99,FALSE,0
8770036212,137129583,106,FALSE,0
8770036212,145957968,120,TRUE,1
8770036212,150961567,105,TRUE,1
8770036212,157475523,86,FALSE,0
8770036212,170896543,56,TRUE,1
8770036212,249835593,66,TRUE,1
8770036212,315272623,38,TRUE,1
8770036212,320252024,114,FALSE,0
8770130252,122817493,66,FALSE,1
8770130252,123023873,106,FALSE,1
8770130252,125445069,114,FALSE,1
8770130252,165564598,38,TRUE,0
8770130252,172099728,73,TRUE,0
8770130252,175311897,123,FALSE,1
8770130252,196878136,5,TRUE,0
8770130252,317880638,9,TRUE,0
8770130252,383788462,108,FALSE,1
8770130252,480412663,39,TRUE,0
8770282236,90423751,86,TRUE,0
8770282236,117089283,83,FALSE,1
8770282236,154974246,17,TRUE,0
8770282236,160119017,96,TRUE,0
8770282236,164685175,21,FALSE,1
8770282236,191362875,100,TRUE,0
8770282236,206642367,56,TRUE,0
8770282236,248180032,79,FALSE,1
8770282236,352623024,29,FALSE,1
8770282236,1673586483,106,FALSE,1
8770342863,92487440,29,TRUE,0
8770342863,114162163,123,FALSE,1
8770342863,120840516,87,FALSE,1
8770342863,123787715,86,TRUE,0
8770342863,127530803,47,FALSE,1
8770342863,140251702,39,TRUE,0
8770342863,145065875,65,TRUE,0
8770342863,158072796,38,FALSE,1
8770342863,320017600,48,TRUE,0
8770342863,1041276674,41,FALSE,1
8770347238,96183976,138,TRUE,1
8770347238,165564598,29,FALSE,0
8770347238,172099728,145,FALSE,0
8770347238,185059559,112,TRUE,1
8770347238,196878136,31,FALSE,0
8770347238,294135421,13,TRUE,1
8770347238,295697470,123,TRUE,1
8770347238,317880638,131,FALSE,0
8770347238,363739653,28,TRUE,1
8770347238,480412663,120,FALSE,0
8770372144,90423751,86,FALSE,0
8770372144,117089283,58,TRUE,1
8770372144,154974246,16,FALSE,0
8770372144,160119017,60,FALSE,0
8770372144,164685175,8,TRUE,1
8770372144,191362875,66,FALSE,0
8770372144,206642367,73,FALSE,0
8770372144,248180032,123,TRUE,1
8770372144,352623024,99,TRUE,1
8770372144,1673586483,126,TRUE,1
8770449153,92487440,29,FALSE,0
8770449153,114162163,27,TRUE,1
8770449153,120840516,64,TRUE,1
8770449153,123787715,111,FALSE,0
8770449153,127530803,126,TRUE,1
8770449153,140251702,17,FALSE,0
8770449153,145065875,123,FALSE,0
8770449153,158072796,65,TRUE,1
8770449153,320017600,138,FALSE,0
8770449153,1041276674,46,TRUE,1
8770453510,96183976,19,FALSE,1
8770453510,165564598,98,TRUE,0
8770453510,172099728,145,TRUE,0
8770453510,185059559,66,FALSE,1
8770453510,196878136,75,TRUE,0
8770453510,294135421,28,FALSE,1
8770453510,295697470,110,FALSE,1
8770453510,317880638,123,TRUE,0
8770453510,363739653,104,FALSE,1
8770453510,480412663,17,TRUE,0
8770456297,9403474,7,TRUE,1
8770456297,94155156,40,FALSE,0
8770456297,97658618,72,FALSE,0
8770456297,126212866,137,FALSE,0
8770456297,127617979,48,TRUE,1
8770456297,154715080,120,FALSE,0
8770456297,190826739,69,TRUE,1
8770456297,210053851,47,TRUE,1
8770456297,241884166,86,FALSE,0
8770456297,1202267677,110,TRUE,1
8770550929,9403474,26,FALSE,0
8770550929,94155156,58,TRUE,1
8770550929,97658618,93,TRUE,1
8770550929,126212866,28,TRUE,1
8770550929,127617979,73,FALSE,0
8770550929,154715080,13,TRUE,1
8770550929,190826739,78,FALSE,0
8770550929,210053851,106,FALSE,0
8770550929,241884166,52,TRUE,1
8770550929,1202267677,64,FALSE,0
8770616434,9403474,86,FALSE,1
8770616434,94155156,40,TRUE,0
8770616434,97658618,48,TRUE,0
8770616434,126212866,135,TRUE,0
8770616434,127617979,41,FALSE,1
8770616434,154715080,39,TRUE,0
8770616434,190826739,99,FALSE,1
8770616434,210053851,38,FALSE,1
8770616434,241884166,100,TRUE,0
8770616434,1202267677,64,FALSE,1
8770764646,81306398,65,TRUE,0
8770764646,105045291,123,TRUE,0
8770764646,157989498,85,FALSE,1
8770764646,177203952,48,TRUE,0
8770764646,252737052,55,FALSE,1
8770764646,292921272,29,TRUE,0
8770764646,352545711,28,FALSE,1
8770764646,363758022,145,FALSE,1
8770764646,1026694469,90,TRUE,0
8770764646,1031547092,64,FALSE,1
8770803860,81306398,58,TRUE,1
8770803860,105045291,123,TRUE,1
8770803860,157989498,100,FALSE,0
8770803860,177203952,114,TRUE,1
8770803860,252737052,135,FALSE,0
8770803860,292921272,106,TRUE,1
8770803860,352545711,35,FALSE,0
8770803860,363758022,38,FALSE,0
8770803860,1026694469,126,TRUE,1
8770803860,1031547092,110,FALSE,0
8770837839,81306398,86,TRUE,0
8770837839,105045291,123,TRUE,0
8770837839,157989498,100,FALSE,1
8770837839,177203952,73,TRUE,0
8770837839,252737052,29,FALSE,1
8770837839,292921272,65,TRUE,0
8770837839,352545711,35,FALSE,1
8770837839,363758022,69,FALSE,1
8770837839,1026694469,39,TRUE,0
8770837839,1031547092,110,FALSE,1
8770853251,135607261,58,TRUE,0
8770853251,137895298,99,TRUE,0
8770853251,145957968,28,FALSE,1
8770853251,150961567,86,FALSE,1
8770853251,164530809,123,TRUE,0
8770853251,165178538,65,TRUE,0
8770853251,170896543,114,FALSE,1
8770853251,249835593,110,FALSE,1
8770853251,315272623,126,FALSE,1
8770853251,1101855381,73,TRUE,0
8770893622,135607261,58,FALSE,0
8770893622,137895298,106,FALSE,0
8770893622,145957968,108,TRUE,1
8770893622,150961567,86,TRUE,1
8770893622,164530809,100,FALSE,0
8770893622,165178538,99,FALSE,0
8770893622,170896543,6,TRUE,1
8770893622,249835593,64,TRUE,1
8770893622,315272623,16,TRUE,1
8770893622,1101855381,73,FALSE,0
8771000125,111114687,50,TRUE,0
8771000125,118134220,16,TRUE,0
8771000125,135607261,64,FALSE,1
8771000125,137129583,106,TRUE,0
8771000125,137895298,17,FALSE,1
8771000125,157475523,105,TRUE,0
8771000125,164530809,123,FALSE,1
8771000125,165178538,120,FALSE,1
8771000125,320252024,114,TRUE,0
8771000125,1101855381,10,FALSE,1
8771033118,114162163,123,FALSE,0
8771033118,120840516,105,FALSE,0
8771033118,127530803,13,FALSE,0
8771033118,158072796,23,FALSE,0
8771033118,165564598,78,TRUE,1
8771033118,172099728,145,TRUE,1
8771033118,196878136,31,TRUE,1
8771033118,317880638,26,TRUE,1
8771033118,480412663,28,TRUE,1
8771033118,1041276674,109,FALSE,0
8771037293,111114687,83,FALSE,0
8771037293,118134220,65,FALSE,0
8771037293,135607261,110,TRUE,1
8771037293,137129583,47,FALSE,0
8771037293,137895298,126,TRUE,1
8771037293,157475523,86,FALSE,0
8771037293,164530809,105,TRUE,1
8771037293,165178538,29,TRUE,1
8771037293,320252024,138,FALSE,0
8771037293,1101855381,48,TRUE,1
8771072179,111114687,37,FALSE,0
8771072179,118134220,28,FALSE,0
8771072179,135607261,50,TRUE,1
8771072179,137129583,13,FALSE,0
8771072179,137895298,47,TRUE,1
8771072179,157475523,138,FALSE,0
8771072179,164530809,71,TRUE,1
8771072179,165178538,29,TRUE,1
8771072179,320252024,145,FALSE,0
8771072179,1101855381,38,TRUE,1
8771090406,16497807,155,FALSE,0
8771090406,40805086,43,TRUE,1
8771090406,97590558,108,FALSE,0
8771090406,148612029,28,TRUE,1
8771090406,152962063,80,FALSE,0
8771090406,201358612,17,FALSE,0
8771090406,230487729,26,FALSE,0
8771090406,276449590,131,TRUE,1
8771090406,293731272,70,TRUE,1
8771090406,1048617659,40,TRUE,1
8771114054,9403474,51,FALSE,0
8771114054,127617979,46,FALSE,0
8771114054,156485213,13,TRUE,1
8771114054,187123736,29,TRUE,1
8771114054,190826739,28,FALSE,0
8771114054,210053851,126,FALSE,0
8771114054,349569834,48,TRUE,1
8771114054,891566317,91,TRUE,1
8771114054,1114792376,65,TRUE,1
8771114054,1202267677,64,FALSE,0
8771139799,114162163,100,TRUE,1
8771139799,120840516,121,TRUE,1
8771139799,127530803,17,TRUE,1
8771139799,158072796,120,TRUE,1
8771139799,165564598,108,FALSE,0
8771139799,172099728,41,FALSE,0
8771139799,196878136,110,FALSE,0
8771139799,317880638,123,FALSE,0
8771139799,480412663,106,FALSE,0
8771139799,1041276674,138,TRUE,1
8771159660,16497807,121,TRUE,0
8771159660,40805086,106,FALSE,1
8771159660,97590558,108,TRUE,0
8771159660,148612029,29,FALSE,1
8771159660,152962063,19,TRUE,0
8771159660,201358612,39,TRUE,0
8771159660,230487729,79,TRUE,0
8771159660,276449590,123,FALSE,1
8771159660,293731272,138,FALSE,1
8771159660,1048617659,50,FALSE,1
8771168740,9403474,100,TRUE,0
8771168740,127617979,70,TRUE,0
8771168740,156485213,26,FALSE,1
8771168740,187123736,108,FALSE,1
8771168740,190826739,28,TRUE,0
8771168740,196481318,16,FALSE,1
8771168740,210053851,13,TRUE,0
8771168740,349569834,109,FALSE,1
8771168740,1114792376,110,FALSE,1
8771168740,1202267677,40,TRUE,0
8771187999,114162163,123,TRUE,1
8771187999,120840516,50,TRUE,1
8771187999,127530803,106,TRUE,1
8771187999,158072796,137,TRUE,1
8771187999,165564598,2,FALSE,0
8771187999,172099728,41,FALSE,0
8771187999,196878136,110,FALSE,0
8771187999,317880638,26,FALSE,0
8771187999,480412663,120,FALSE,0
8771187999,1041276674,19,TRUE,1
8771315035,92487440,29,TRUE,0
8771315035,123787715,79,TRUE,0
8771315035,140251702,13,TRUE,0
8771315035,145065875,123,TRUE,0
8771315035,165564598,96,FALSE,1
8771315035,172099728,70,FALSE,1
8771315035,196878136,110,FALSE,1
8771315035,317880638,27,FALSE,1
8771315035,320017600,61,TRUE,0
8771315035,480412663,126,FALSE,1
8771377141,9403474,7,TRUE,0
8771377141,16497807,40,FALSE,1
8771377141,97590558,38,FALSE,1
8771377141,127617979,114,TRUE,0
8771377141,152962063,19,FALSE,1
8771377141,190826739,28,TRUE,0
8771377141,201358612,39,FALSE,1
8771377141,210053851,120,TRUE,0
8771377141,230487729,79,FALSE,1
8771377141,1202267677,131,TRUE,0
8771417171,92487440,108,FALSE,1
8771417171,123787715,110,FALSE,1
8771417171,140251702,13,FALSE,1
8771417171,145065875,79,FALSE,1
8771417171,165564598,135,TRUE,0
8771417171,172099728,138,TRUE,0
8771417171,196878136,100,TRUE,0
8771417171,317880638,26,TRUE,0
8771417171,320017600,80,FALSE,1
8771417171,480412663,126,TRUE,0
8771519532,9403474,110,FALSE,1
8771519532,16497807,64,TRUE,0
8771519532,97590558,120,TRUE,0
8771519532,127617979,15,FALSE,1
8771519532,152962063,21,TRUE,0
8771519532,190826739,38,FALSE,1
8771519532,201358612,13,TRUE,0
8771519532,210053851,59,FALSE,1
8771519532,230487729,123,TRUE,0
8771519532,1202267677,100,FALSE,1
8771545553,92487440,108,TRUE,1
8771545553,123787715,58,TRUE,1
8771545553,140251702,106,TRUE,1
8771545553,145065875,86,TRUE,1
8771545553,165564598,96,FALSE,0
8771545553,172099728,54,FALSE,0
8771545553,196878136,75,FALSE,0
8771545553,317880638,26,FALSE,0
8771545553,320017600,138,TRUE,1
8771545553,480412663,39,FALSE,0
8771613554,9403474,100,FALSE,1
8771613554,16497807,110,TRUE,0
8771613554,97590558,99,TRUE,0
8771613554,127617979,114,FALSE,1
8771613554,152962063,21,TRUE,0
8771613554,190826739,96,FALSE,1
8771613554,201358612,59,TRUE,0
8771613554,210053851,106,FALSE,1
8771613554,230487729,71,TRUE,0
8771613554,1202267677,131,FALSE,1
8771637279,92487440,96,FALSE,1
8771637279,123787715,40,FALSE,1
8771637279,140251702,47,FALSE,1
8771637279,145065875,123,FALSE,1
8771637279,165564598,28,TRUE,0
8771637279,172099728,114,TRUE,0
8771637279,196878136,110,TRUE,0
8771637279,317880638,79,TRUE,0
8771637279,320017600,138,FALSE,1
8771637279,480412663,21,TRUE,0
8771849856,90423751,71,FALSE,0
8771849856,117089283,66,TRUE,1
8771849856,154974246,38,FALSE,0
8771849856,160119017,108,FALSE,0
8771849856,164685175,72,TRUE,1
8771849856,191362875,40,FALSE,0
8771849856,206642367,47,FALSE,0
8771849856,248180032,123,TRUE,1
8771849856,352623024,29,TRUE,1
8771849856,1673586483,90,TRUE,1
8771903245,81306398,79,FALSE,0
8771903245,105045291,123,FALSE,0
8771903245,157989498,88,TRUE,1
8771903245,177203952,82,FALSE,0
8771903245,252737052,135,TRUE,1
8771903245,292921272,38,FALSE,0
8771903245,352545711,16,TRUE,1
8771903245,363758022,46,TRUE,1
8771903245,1026694469,99,FALSE,0
8771903245,1031547092,131,TRUE,1
8771908040,90423751,79,TRUE,0
8771908040,117089283,65,FALSE,1
8771908040,154974246,13,TRUE,0
8771908040,160119017,135,TRUE,0
8771908040,164685175,48,FALSE,1
8771908040,191362875,100,TRUE,0
8771908040,206642367,138,TRUE,0
8771908040,248180032,86,FALSE,1
8771908040,352623024,78,FALSE,1
8771908040,1673586483,28,FALSE,1
8771948020,81306398,58,TRUE,0
8771948020,105045291,123,TRUE,0
8771948020,157989498,51,FALSE,1
8771948020,177203952,73,TRUE,0
8771948020,252737052,99,FALSE,1
8771948020,292921272,98,TRUE,0
8771948020,352545711,17,FALSE,1
8771948020,363758022,38,FALSE,1
8771948020,1026694469,120,TRUE,0
8771948020,1031547092,110,FALSE,1
8771950914,90423751,101,TRUE,0
8771950914,117089283,112,FALSE,1
8771950914,154974246,126,TRUE,0
8771950914,160119017,69,TRUE,0
8771950914,164685175,48,FALSE,1
8771950914,191362875,100,TRUE,0
8771950914,206642367,10,TRUE,0
8771950914,248180032,105,FALSE,1
8771950914,352623024,108,FALSE,1
8771950914,1673586483,13,FALSE,1
8771982857,81306398,110,FALSE,1
8771982857,105045291,71,FALSE,1
8771982857,157989498,88,TRUE,0
8771982857,177203952,82,FALSE,1
8771982857,252737052,47,TRUE,0
8771982857,292921272,33,FALSE,1
8771982857,352545711,23,TRUE,0
8771982857,363758022,21,TRUE,0
8771982857,1026694469,53,FALSE,1
8771982857,1031547092,5,TRUE,0
8772012963,81306398,128,TRUE,1
8772012963,105045291,86,TRUE,1
8772012963,157989498,121,FALSE,0
8772012963,177203952,82,TRUE,1
8772012963,252737052,73,FALSE,0
8772012963,292921272,98,TRUE,1
8772012963,352545711,23,FALSE,0
8772012963,363758022,114,FALSE,0
8772012963,1026694469,120,TRUE,1
8772012963,1031547092,64,FALSE,0
8772062569,81306398,110,FALSE,0
8772062569,105045291,79,FALSE,0
8772062569,157989498,21,TRUE,1
8772062569,177203952,109,FALSE,0
8772062569,252737052,104,TRUE,1
8772062569,292921272,129,FALSE,0
8772062569,352545711,47,TRUE,1
8772062569,363758022,54,TRUE,1
8772062569,1026694469,13,FALSE,0
8772062569,1031547092,58,TRUE,1
8775954888,94296097,9,TRUE,0
8775954888,101695162,79,TRUE,0
8775954888,129958758,97,TRUE,0
8775954888,130991304,121,FALSE,1
8775954888,173978074,106,TRUE,0
8775954888,185590374,16,FALSE,1
8775954888,835864135,77,FALSE,1
8775954888,898754153,114,TRUE,0
8775954888,919735867,100,FALSE,1
8775954888,957204049,19,FALSE,1
8775954955,106305042,74,TRUE,1
8775954955,108958769,45,TRUE,1
8775954955,111114687,83,FALSE,0
8775954955,118134220,28,FALSE,0
8775954955,137129583,47,FALSE,0
8775954955,140835095,126,TRUE,1
8775954955,157475523,86,FALSE,0
8775954955,320252024,138,FALSE,0
8775954955,321580662,114,TRUE,1
8775954955,847565596,123,TRUE,1
8776009613,106305042,39,FALSE,0
8776009613,108958769,58,FALSE,0
8776009613,111114687,87,TRUE,1
8776009613,118134220,108,TRUE,1
8776009613,137129583,106,TRUE,1
8776009613,140835095,155,FALSE,0
8776009613,157475523,86,TRUE,1
8776009613,320252024,21,TRUE,1
8776009613,321580662,19,FALSE,0
8776009613,847565596,65,FALSE,0
8776019262,94296097,86,TRUE,0
8776019262,101695162,65,TRUE,0
8776019262,129958758,69,TRUE,0
8776019262,130991304,83,FALSE,1
8776019262,173978074,106,TRUE,0
8776019262,185590374,16,FALSE,1
8776019262,835864135,129,FALSE,1
8776019262,898754153,19,TRUE,0
8776019262,919735867,123,FALSE,1
8776019262,957204049,94,FALSE,1
8776077999,16497807,43,FALSE,0
8776077999,90423751,123,TRUE,1
8776077999,97590558,99,FALSE,0
8776077999,152962063,80,FALSE,0
8776077999,154974246,39,TRUE,1
8776077999,160119017,29,TRUE,1
8776077999,191362875,40,TRUE,1
8776077999,201358612,106,FALSE,0
8776077999,206642367,47,TRUE,1
8776077999,230487729,100,FALSE,0
8776094912,106305042,19,TRUE,0
8776094912,108958769,123,TRUE,0
8776094912,111114687,68,FALSE,1
8776094912,118134220,69,FALSE,1
8776094912,137129583,47,FALSE,1
8776094912,140835095,29,TRUE,0
8776094912,157475523,105,FALSE,1
8776094912,320252024,38,FALSE,1
8776094912,321580662,109,TRUE,0
8776094912,847565596,138,TRUE,0
8776157596,16497807,136,TRUE,1
8776157596,90423751,100,FALSE,0
8776157596,97590558,120,TRUE,1
8776157596,152962063,48,TRUE,1
8776157596,154974246,17,FALSE,0
8776157596,160119017,38,FALSE,0
8776157596,191362875,110,FALSE,0
8776157596,201358612,106,TRUE,1
8776157596,206642367,138,FALSE,0
8776157596,230487729,86,TRUE,1
8776170934,124801257,80,FALSE,0
8776170934,126842529,28,FALSE,0
8776170934,157989498,121,TRUE,1
8776170934,252737052,108,TRUE,1
8776170934,256156323,79,FALSE,0
8776170934,301750126,120,FALSE,0
8776170934,320219866,64,FALSE,0
8776170934,352545711,106,TRUE,1
8776170934,363758022,138,TRUE,1
8776170934,1031547092,123,TRUE,1
8776236178,16497807,121,FALSE,0
8776236178,90423751,123,TRUE,1
8776236178,97590558,108,FALSE,0
8776236178,152962063,19,FALSE,0
8776236178,154974246,39,TRUE,1
8776236178,160119017,60,TRUE,1
8776236178,191362875,51,TRUE,1
8776236178,201358612,38,FALSE,0
8776236178,206642367,138,TRUE,1
8776236178,230487729,90,FALSE,0
8776238601,124801257,19,FALSE,1
8776238601,126842529,120,FALSE,1
8776238601,157989498,121,TRUE,0
8776238601,252737052,28,TRUE,0
8776238601,256156323,86,FALSE,1
8776238601,301750126,17,FALSE,1
8776238601,320219866,64,FALSE,1
8776238601,352545711,106,TRUE,0
8776238601,363758022,114,TRUE,0
8776238601,1031547092,79,TRUE,0
8776302295,124801257,70,FALSE,0
8776302295,126842529,120,FALSE,0
8776302295,157989498,121,TRUE,1
8776302295,252737052,108,TRUE,1
8776302295,256156323,123,FALSE,0
8776302295,301750126,114,FALSE,0
8776302295,320219866,58,FALSE,0
8776302295,352545711,23,TRUE,1
8776302295,363758022,21,TRUE,1
8776302295,1031547092,79,TRUE,1
8776345901,9403474,51,FALSE,1
8776345901,73401082,9,TRUE,0
8776345901,106573901,52,TRUE,0
8776345901,127617979,12,FALSE,1
8776345901,164199202,114,TRUE,0
8776345901,190826739,16,FALSE,1
8776345901,210053851,47,FALSE,1
8776345901,402583877,28,TRUE,0
8776345901,1044002267,145,TRUE,0
8776345901,1202267677,110,FALSE,1
8776380784,94155156,83,FALSE,1
8776380784,97658618,138,FALSE,1
8776380784,126212866,137,FALSE,1
8776380784,154715080,126,FALSE,1
8776380784,165564598,2,TRUE,0
8776380784,172099728,19,TRUE,0
8776380784,196878136,31,TRUE,0
8776380784,241884166,121,FALSE,1
8776380784,317880638,86,TRUE,0
8776380784,480412663,120,TRUE,0
8776432038,9403474,26,FALSE,1
8776432038,73401082,110,TRUE,0
8776432038,106573901,74,TRUE,0
8776432038,127617979,138,FALSE,1
8776432038,164199202,58,TRUE,0
8776432038,190826739,28,FALSE,1
8776432038,210053851,47,FALSE,1
8776432038,402583877,29,TRUE,0
8776432038,1044002267,114,TRUE,0
8776432038,1202267677,40,FALSE,1
8776484403,94155156,66,FALSE,1
8776484403,97658618,138,FALSE,1
8776484403,126212866,60,FALSE,1
8776484403,154715080,16,FALSE,1
8776484403,165564598,108,TRUE,0
8776484403,172099728,54,TRUE,0
8776484403,196878136,31,TRUE,0
8776484403,241884166,121,FALSE,1
8776484403,317880638,86,TRUE,0
8776484403,480412663,120,TRUE,0
8776543835,10366616,40,TRUE,0
8776543835,25907144,123,TRUE,0
8776543835,56351509,155,FALSE,1
8776543835,93817671,64,FALSE,1
8776543835,100058342,19,TRUE,0
8776543835,103735745,65,FALSE,1
8776543835,171262902,73,FALSE,1
8776543835,183719386,29,TRUE,0
8776543835,312436974,74,FALSE,1
8776543835,898455820,39,TRUE,0
8776583882,81306398,58,TRUE,0
8776583882,86698277,155,FALSE,1
8776583882,93618577,38,FALSE,1
8776583882,105045291,123,TRUE,0
8776583882,136829091,91,FALSE,1
8776583882,152455523,44,FALSE,1
8776583882,177203952,19,TRUE,0
8776583882,292921272,99,TRUE,0
8776583882,346412363,71,FALSE,1
8776583882,1026694469,47,TRUE,0
8776664516,10366616,110,FALSE,0
8776664516,25907144,86,FALSE,0
8776664516,56351509,96,TRUE,1
8776664516,93817671,64,TRUE,1
8776664516,100058342,80,FALSE,0
8776664516,103735745,79,TRUE,1
8776664516,171262902,73,TRUE,1
8776664516,183719386,99,FALSE,0
8776664516,312436974,120,TRUE,1
8776664516,898455820,16,FALSE,0
8776679266,81306398,135,FALSE,1
8776679266,86698277,155,TRUE,0
8776679266,93618577,38,TRUE,0
8776679266,105045291,100,FALSE,1
8776679266,136829091,83,TRUE,0
8776679266,152455523,138,TRUE,0
8776679266,177203952,72,FALSE,1
8776679266,292921272,55,FALSE,1
8776679266,346412363,86,TRUE,0
8776679266,1026694469,120,FALSE,1
8776815882,81306398,68,FALSE,0
8776815882,86698277,155,TRUE,1
8776815882,93618577,7,TRUE,1
8776815882,105045291,123,FALSE,0
8776815882,136829091,91,TRUE,1
8776815882,152455523,72,TRUE,1
8776815882,177203952,19,FALSE,0
8776815882,292921272,120,FALSE,0
8776815882,346412363,136,TRUE,1
8776815882,1026694469,13,FALSE,0
8777377390,139031324,29,TRUE,1
8777377390,145957968,108,FALSE,0
8777377390,150961567,65,FALSE,0
8777377390,170896543,19,FALSE,0
8777377390,179313961,17,TRUE,1
8777377390,191597529,83,TRUE,1
8777377390,249835593,75,FALSE,0
8777377390,315272623,126,FALSE,0
8777377390,373667079,54,TRUE,1
8777377390,1112797393,79,TRUE,1
8777432261,94296097,58,TRUE,0
8777432261,101695162,123,TRUE,0
8777432261,124801257,80,FALSE,1
8777432261,126842529,120,FALSE,1
8777432261,129958758,108,TRUE,0
8777432261,173978074,16,TRUE,0
8777432261,256156323,65,FALSE,1
8777432261,301750126,106,FALSE,1
8777432261,320219866,40,FALSE,1
8777432261,898754153,63,TRUE,0
8777437242,139031324,135,FALSE,0
8777437242,145957968,28,TRUE,1
8777437242,150961567,138,TRUE,1
8777437242,170896543,114,TRUE,1
8777437242,179313961,38,FALSE,0
8777437242,191597529,31,FALSE,0
8777437242,249835593,64,TRUE,1
8777437242,315272623,15,TRUE,1
8777437242,373667079,80,FALSE,0
8777437242,1112797393,100,FALSE,0
8777439091,111114687,87,TRUE,1
8777439091,118134220,120,TRUE,1
8777439091,130991304,110,FALSE,0
8777439091,137129583,15,TRUE,1
8777439091,157475523,91,TRUE,1
8777439091,185590374,145,FALSE,0
8777439091,320252024,72,TRUE,1
8777439091,835864135,108,FALSE,0
8777439091,919735867,100,FALSE,0
8777439091,957204049,69,FALSE,0
8777492128,111114687,50,FALSE,0
8777492128,118134220,38,FALSE,0
8777492128,130991304,37,TRUE,1
8777492128,137129583,17,FALSE,0
8777492128,157475523,90,FALSE,0
8777492128,185590374,120,TRUE,1
8777492128,320252024,114,FALSE,0
8777492128,835864135,99,TRUE,1
8777492128,919735867,123,TRUE,1
8777492128,957204049,72,TRUE,1
8777495739,94296097,131,FALSE,1
8777495739,101695162,79,FALSE,1
8777495739,124801257,80,TRUE,0
8777495739,126842529,108,TRUE,0
8777495739,129958758,99,FALSE,1
8777495739,173978074,16,FALSE,1
8777495739,256156323,123,TRUE,0
8777495739,301750126,13,TRUE,0
8777495739,320219866,37,TRUE,0
8777495739,898754153,38,FALSE,1
8777501479,139031324,135,FALSE,1
8777501479,145957968,108,TRUE,0
8777501479,150961567,86,TRUE,0
8777501479,170896543,138,TRUE,0
8777501479,179313961,106,FALSE,1
8777501479,191597529,31,FALSE,1
8777501479,249835593,103,TRUE,0
8777501479,315272623,28,TRUE,0
8777501479,373667079,80,FALSE,1
8777501479,1112797393,100,FALSE,1
8777551202,101356886,111,TRUE,0
8777551202,135607261,83,FALSE,1
8777551202,137895298,17,FALSE,1
8777551202,138880576,120,TRUE,0
8777551202,140297552,106,TRUE,0
8777551202,152168157,86,TRUE,0
8777551202,164530809,65,FALSE,1
8777551202,165178538,38,FALSE,1
8777551202,418942836,138,TRUE,0
8777551202,1101855381,39,FALSE,1
8777560892,94296097,86,TRUE,1
8777560892,101695162,105,TRUE,1
8777560892,124801257,80,FALSE,0
8777560892,126842529,96,FALSE,0
8777560892,129958758,137,TRUE,1
8777560892,173978074,16,TRUE,1
8777560892,256156323,123,FALSE,0
8777560892,301750126,106,FALSE,0
8777560892,320219866,37,FALSE,0
8777560892,898754153,63,TRUE,1
8777570720,111114687,58,TRUE,0
8777570720,118134220,65,TRUE,0
8777570720,130991304,121,FALSE,1
8777570720,137129583,39,TRUE,0
8777570720,157475523,7,TRUE,0
8777570720,185590374,106,FALSE,1
8777570720,320252024,19,TRUE,0
8777570720,835864135,96,FALSE,1
8777570720,919735867,90,FALSE,1
8777570720,957204049,38,FALSE,1
8777630244,16497807,31,TRUE,1
8777630244,97590558,78,TRUE,1
8777630244,152962063,21,TRUE,1
8777630244,165564598,2,FALSE,0
8777630244,172099728,114,FALSE,0
8777630244,196878136,112,FALSE,0
8777630244,201358612,28,TRUE,1
8777630244,230487729,123,TRUE,1
8777630244,317880638,86,FALSE,0
8777630244,480412663,106,FALSE,0
8777641706,101356886,75,FALSE,0
8777641706,135607261,64,TRUE,1
8777641706,137895298,17,TRUE,1
8777641706,138880576,120,FALSE,0
8777641706,140297552,38,FALSE,0
8777641706,152168157,128,FALSE,0
8777641706,164530809,86,TRUE,1
8777641706,165178538,29,TRUE,1
8777641706,418942836,80,FALSE,0
8777641706,1101855381,19,TRUE,1
8777652578,9403474,91,FALSE,1
8777652578,90423751,86,TRUE,0
8777652578,127617979,19,FALSE,1
8777652578,154974246,38,TRUE,0
8777652578,160119017,69,TRUE,0
8777652578,190826739,28,FALSE,1
8777652578,191362875,40,TRUE,0
8777652578,206642367,36,TRUE,0
8777652578,210053851,120,FALSE,1
8777652578,1202267677,110,FALSE,1
8777713189,145957968,65,FALSE,0
8777713189,150961567,155,FALSE,0
8777713189,170896543,145,FALSE,0
8777713189,249835593,75,FALSE,0
8777713189,315272623,106,FALSE,0
8777713189,355409883,100,TRUE,1
8777713189,489696354,17,TRUE,1
8777713189,863282361,56,TRUE,1
8777713189,1171877280,129,TRUE,1
8777713189,1388432956,87,TRUE,1
8777714725,16497807,110,FALSE,1
8777714725,97590558,77,FALSE,1
8777714725,152962063,19,FALSE,1
8777714725,165564598,135,TRUE,0
8777714725,172099728,145,TRUE,0
8777714725,196878136,75,TRUE,0
8777714725,201358612,106,FALSE,1
8777714725,230487729,90,FALSE,1
8777714725,317880638,86,TRUE,0
8777714725,480412663,39,TRUE,0
8777738576,9403474,86,FALSE,1
8777738576,90423751,123,TRUE,0
8777738576,127617979,21,FALSE,1
8777738576,154974246,59,TRUE,0
8777738576,160119017,28,TRUE,0
8777738576,190826739,108,FALSE,1
8777738576,191362875,110,TRUE,0
8777738576,206642367,138,TRUE,0
8777738576,210053851,13,FALSE,1
8777738576,1202267677,131,FALSE,1
8777767528,101356886,75,TRUE,0
8777767528,114162163,123,FALSE,1
8777767528,120840516,58,FALSE,1
8777767528,127530803,13,FALSE,1
8777767528,138880576,108,TRUE,0
8777767528,140297552,38,TRUE,0
8777767528,152168157,86,TRUE,0
8777767528,158072796,23,FALSE,1
8777767528,418942836,80,TRUE,0
8777767528,1041276674,70,FALSE,1
8777800049,10366616,58,FALSE,1
8777800049,25907144,123,FALSE,1
8777800049,100058342,73,FALSE,1
8777800049,106305042,39,TRUE,0
8777800049,108958769,83,TRUE,0
8777800049,140835095,28,TRUE,0
8777800049,183719386,98,FALSE,1
8777800049,321580662,109,TRUE,0
8777800049,847565596,105,TRUE,0
8777800049,898455820,43,FALSE,1
8777838108,56351509,99,TRUE,1
8777838108,93817671,75,TRUE,1
8777838108,103735745,123,TRUE,1
8777838108,157989498,51,FALSE,0
8777838108,171262902,38,TRUE,1
8777838108,252737052,28,FALSE,0
8777838108,312436974,126,TRUE,1
8777838108,352545711,23,FALSE,0
8777838108,363758022,36,FALSE,0
8777838108,1031547092,110,FALSE,0
8777861135,101356886,90,TRUE,0
8777861135,114162163,40,FALSE,1
8777861135,120840516,64,FALSE,1
8777861135,127530803,13,FALSE,1
8777861135,138880576,108,TRUE,0
8777861135,140297552,77,TRUE,0
8777861135,152168157,86,TRUE,0
8777861135,158072796,120,FALSE,1
8777861135,418942836,138,TRUE,0
8777861135,1041276674,19,FALSE,1
8777936470,10366616,75,TRUE,0
8777936470,25907144,86,TRUE,0
8777936470,100058342,73,TRUE,0
8777936470,106305042,90,FALSE,1
8777936470,108958769,110,FALSE,1
8777936470,140835095,99,FALSE,1
8777936470,183719386,29,TRUE,0
8777936470,321580662,19,FALSE,1
8777936470,847565596,105,FALSE,1
8777936470,898455820,137,TRUE,0
8777955132,56351509,96,FALSE,1
8777955132,93817671,75,FALSE,1
8777955132,103735745,100,FALSE,1
8777955132,157989498,123,TRUE,0
8777955132,171262902,80,FALSE,1
8777955132,252737052,38,TRUE,0
8777955132,312436974,39,FALSE,1
8777955132,352545711,106,TRUE,0
8777955132,363758022,19,TRUE,0
8777955132,1031547092,58,TRUE,0
8778045350,10366616,66,TRUE,0
8778045350,25907144,123,TRUE,0
8778045350,100058342,63,TRUE,0
8778045350,106305042,17,FALSE,1
8778045350,108958769,105,FALSE,1
8778045350,140835095,120,FALSE,1
8778045350,183719386,99,TRUE,0
8778045350,321580662,114,FALSE,1
8778045350,847565596,131,FALSE,1
8778045350,898455820,16,TRUE,0
8778074211,86698277,98,TRUE,1
8778074211,93618577,106,TRUE,1
8778074211,94155156,5,FALSE,0
8778074211,97658618,73,FALSE,0
8778074211,126212866,33,FALSE,0
8778074211,136829091,58,TRUE,1
8778074211,152455523,54,TRUE,1
8778074211,154715080,126,FALSE,0
8778074211,241884166,86,FALSE,0
8778074211,346412363,123,TRUE,1
8778162915,73401082,110,TRUE,0
8778162915,81306398,58,FALSE,1
8778162915,105045291,123,FALSE,1
8778162915,106573901,106,TRUE,0
8778162915,164199202,86,TRUE,0
8778162915,177203952,48,FALSE,1
8778162915,292921272,98,FALSE,1
8778162915,402583877,60,TRUE,0
8778162915,1026694469,13,FALSE,1
8778162915,1044002267,12,TRUE,0
8778168822,86698277,16,FALSE,0
8778168822,93618577,74,FALSE,0
8778168822,94155156,31,TRUE,1
8778168822,97658618,41,TRUE,1
8778168822,126212866,137,TRUE,1
8778168822,136829091,100,FALSE,0
8778168822,152455523,80,FALSE,0
8778168822,154715080,126,TRUE,1
8778168822,241884166,86,TRUE,1
8778168822,346412363,121,FALSE,0
8778252071,86698277,108,TRUE,1
8778252071,93618577,74,TRUE,1
8778252071,94155156,40,FALSE,0
8778252071,97658618,21,FALSE,0
8778252071,126212866,135,FALSE,0
8778252071,136829091,121,TRUE,1
8778252071,152455523,19,TRUE,1
8778252071,154715080,126,FALSE,0
8778252071,241884166,100,FALSE,0
8778252071,346412363,123,TRUE,1
8778254726,73401082,9,TRUE,0
8778254726,81306398,79,FALSE,1
8778254726,105045291,123,FALSE,1
8778254726,106573901,74,TRUE,0
8778254726,164199202,52,TRUE,0
8778254726,177203952,114,FALSE,1
8778254726,292921272,97,FALSE,1
8778254726,402583877,28,TRUE,0
8778254726,1026694469,99,FALSE,1
8778254726,1044002267,145,TRUE,0
8778335100,85696663,86,FALSE,1
8778335100,92487440,2,TRUE,0
8778335100,123787715,100,TRUE,0
8778335100,140251702,39,TRUE,0
8778335100,145065875,110,TRUE,0
8778335100,177953305,64,FALSE,1
8778335100,320017600,80,TRUE,0
8778335100,383867949,120,FALSE,1
8778335100,425588742,73,FALSE,1
8778335100,445646028,78,FALSE,1
8778439040,85696663,110,FALSE,1
8778439040,92487440,28,TRUE,0
8778439040,123787715,131,TRUE,0
8778439040,140251702,106,TRUE,0
8778439040,145065875,86,TRUE,0
8778439040,177953305,51,FALSE,1
8778439040,320017600,80,TRUE,0
8778439040,383867949,39,FALSE,1
8778439040,425588742,19,FALSE,1
8778439040,445646028,108,FALSE,1
8778849866,90423751,121,TRUE,0
8778849866,106305042,39,FALSE,1
8778849866,108958769,83,FALSE,1
8778849866,140835095,29,FALSE,1
8778849866,154974246,59,TRUE,0
8778849866,160119017,16,TRUE,0
8778849866,191362875,40,TRUE,0
8778849866,206642367,80,TRUE,0
8778849866,321580662,48,FALSE,1
8778849866,847565596,86,FALSE,1
8778849893,16497807,111,TRUE,1
8778849893,97590558,120,TRUE,1
8778849893,111114687,68,FALSE,0
8778849893,118134220,60,FALSE,0
8778849893,137129583,106,FALSE,0
8778849893,152962063,99,TRUE,1
8778849893,157475523,65,FALSE,0
8778849893,201358612,39,TRUE,1
8778849893,230487729,123,TRUE,1
8778849893,320252024,19,FALSE,0
8778896415,90423751,86,FALSE,0
8778896415,106305042,16,TRUE,1
8778896415,108958769,100,TRUE,1
8778896415,140835095,155,TRUE,1
8778896415,154974246,145,FALSE,0
8778896415,160119017,28,FALSE,0
8778896415,191362875,40,FALSE,0
8778896415,206642367,19,FALSE,0
8778896415,321580662,138,TRUE,1
8778896415,847565596,123,TRUE,1
8778912772,16497807,40,FALSE,0
8778912772,97590558,99,FALSE,0
8778912772,111114687,58,TRUE,1
8778912772,118134220,16,TRUE,1
8778912772,137129583,47,TRUE,1
8778912772,152962063,145,FALSE,0
8778912772,157475523,52,TRUE,1
8778912772,201358612,38,FALSE,0
8778912772,230487729,123,FALSE,0
8778912772,320252024,114,TRUE,1
8778928145,101356886,110,TRUE,0
8778928145,122817493,40,FALSE,1
8778928145,123023873,19,FALSE,1
8778928145,125445069,73,FALSE,1
8778928145,138880576,104,TRUE,0
8778928145,140297552,38,TRUE,0
8778928145,152168157,123,TRUE,0
8778928145,175311897,86,FALSE,1
8778928145,383788462,108,FALSE,1
8778928145,418942836,80,TRUE,0
8778945001,81306398,22,TRUE,0
8778945001,94155156,110,FALSE,1
8778945001,97658618,19,FALSE,1
8778945001,105045291,123,TRUE,0
8778945001,126212866,28,FALSE,1
8778945001,154715080,16,FALSE,1
8778945001,177203952,54,TRUE,0
8778945001,241884166,121,FALSE,1
8778945001,292921272,29,TRUE,0
8778945001,1026694469,90,TRUE,0
8778960929,16497807,105,TRUE,0
8778960929,97590558,120,TRUE,0
8778960929,111114687,110,FALSE,1
8778960929,118134220,99,FALSE,1
8778960929,137129583,39,FALSE,1
8778960929,152962063,21,TRUE,0
8778960929,157475523,121,FALSE,1
8778960929,201358612,126,TRUE,0
8778960929,230487729,91,TRUE,0
8778960929,320252024,19,FALSE,1
8778986053,101356886,111,FALSE,0
8778986053,122817493,83,TRUE,1
8778986053,123023873,16,TRUE,1
8778986053,125445069,138,TRUE,1
8778986053,138880576,99,FALSE,0
8778986053,140297552,13,FALSE,0
8778986053,152168157,123,FALSE,0
8778986053,175311897,86,TRUE,1
8778986053,383788462,108,TRUE,1
8778986053,418942836,80,FALSE,0
8779004984,94296097,58,FALSE,1
8779004984,101695162,86,FALSE,1
8779004984,129958758,99,FALSE,1
8779004984,157989498,88,TRUE,0
8779004984,173978074,126,FALSE,1
8779004984,252737052,47,TRUE,0
8779004984,352545711,23,TRUE,0
8779004984,363758022,73,TRUE,0
8779004984,898754153,80,FALSE,1
8779004984,1031547092,65,TRUE,0
8779006190,81306398,86,TRUE,0
8779006190,94155156,40,FALSE,1
8779006190,97658618,72,FALSE,1
8779006190,105045291,121,TRUE,0
8779006190,126212866,120,FALSE,1
8779006190,154715080,106,FALSE,1
8779006190,177203952,19,TRUE,0
8779006190,241884166,123,FALSE,1
8779006190,292921272,65,TRUE,0
8779006190,1026694469,16,TRUE,0
8779057857,94296097,83,FALSE,0
8779057857,101695162,105,FALSE,0
8779057857,129958758,28,FALSE,0
8779057857,157989498,121,TRUE,1
8779057857,173978074,106,FALSE,0
8779057857,252737052,69,TRUE,1
8779057857,352545711,23,TRUE,1
8779057857,363758022,38,TRUE,1
8779057857,898754153,80,FALSE,0
8779057857,1031547092,123,TRUE,1
8779067796,10366616,110,FALSE,0
8779067796,25907144,27,FALSE,0
8779067796,100058342,80,FALSE,0
8779067796,165564598,85,TRUE,1
8779067796,172099728,73,TRUE,1
8779067796,183719386,29,FALSE,0
8779067796,196878136,3,TRUE,1
8779067796,317880638,26,TRUE,1
8779067796,480412663,106,TRUE,1
8779067796,898455820,39,FALSE,0
8779082104,101356886,110,TRUE,0
8779082104,104334048,79,FALSE,1
8779082104,138880576,96,TRUE,0
8779082104,140297552,126,TRUE,0
8779082104,152168157,123,TRUE,0
8779082104,234119750,69,FALSE,1
8779082104,418942836,138,TRUE,0
8779082104,435139370,86,FALSE,1
8779082104,1153798101,120,FALSE,1
8779082104,1675517497,33,FALSE,1
8779123262,94296097,5,FALSE,1
8779123262,101695162,100,FALSE,1
8779123262,129958758,108,FALSE,1
8779123262,157989498,51,TRUE,0
8779123262,173978074,16,FALSE,1
8779123262,252737052,33,TRUE,0
8779123262,352545711,43,TRUE,0
8779123262,363758022,38,TRUE,0
8779123262,898754153,114,FALSE,1
8779123262,1031547092,58,TRUE,0
8779155491,10366616,58,TRUE,1
8779155491,25907144,86,TRUE,1
8779155491,100058342,80,TRUE,1
8779155491,165564598,135,FALSE,0
8779155491,172099728,73,FALSE,0
8779155491,183719386,108,TRUE,1
8779155491,196878136,5,FALSE,0
8779155491,317880638,123,FALSE,0
8779155491,480412663,126,FALSE,0
8779155491,898455820,39,TRUE,1
8779175913,101356886,90,TRUE,0
8779175913,104334048,112,FALSE,1
8779175913,138880576,99,TRUE,0
8779175913,140297552,43,TRUE,0
8779175913,152168157,86,TRUE,0
8779175913,234119750,46,FALSE,1
8779175913,418942836,114,TRUE,0
8779175913,435139370,123,FALSE,1
8779175913,1153798101,39,FALSE,1
8779175913,1675517497,120,FALSE,1
8779214847,56351509,108,TRUE,0
8779214847,93817671,83,TRUE,0
8779214847,103735745,123,TRUE,0
8779214847,130991304,121,FALSE,1
8779214847,171262902,63,TRUE,0
8779214847,185590374,80,FALSE,1
8779214847,312436974,43,TRUE,0
8779214847,835864135,29,FALSE,1
8779214847,919735867,79,FALSE,1
8779214847,957204049,114,FALSE,1
8779265864,10366616,110,FALSE,1
8779265864,25907144,51,FALSE,1
8779265864,100058342,80,FALSE,1
8779265864,165564598,135,TRUE,0
8779265864,172099728,19,TRUE,0
8779265864,183719386,108,FALSE,1
8779265864,196878136,75,TRUE,0
8779265864,317880638,26,TRUE,0
8779265864,480412663,120,TRUE,0
8779265864,898455820,137,FALSE,1
8779297009,56351509,108,FALSE,1
8779297009,93817671,83,FALSE,1
8779297009,103735745,138,FALSE,1
8779297009,130991304,37,TRUE,0
8779297009,171262902,80,FALSE,1
8779297009,185590374,60,TRUE,0
8779297009,312436974,13,FALSE,1
8779297009,835864135,16,TRUE,0
8779297009,919735867,79,TRUE,0
8779297009,957204049,70,TRUE,0
8779372774,73401082,9,TRUE,1
8779372774,106573901,29,TRUE,1
8779372774,124801257,21,FALSE,0
8779372774,126842529,28,FALSE,0
8779372774,164199202,52,TRUE,1
8779372774,256156323,123,FALSE,0
8779372774,301750126,13,FALSE,0
8779372774,320219866,64,FALSE,0
8779372774,402583877,2,TRUE,1
8779372774,1044002267,12,TRUE,1
8779396380,56351509,78,FALSE,1
8779396380,93817671,58,FALSE,1
8779396380,103735745,123,FALSE,1
8779396380,130991304,40,TRUE,0
8779396380,171262902,109,FALSE,1
8779396380,185590374,74,TRUE,0
8779396380,312436974,23,FALSE,1
8779396380,835864135,28,TRUE,0
8779396380,919735867,86,TRUE,0
8779396380,957204049,61,TRUE,0
8779478244,73401082,66,TRUE,0
8779478244,106573901,74,TRUE,0
8779478244,124801257,21,FALSE,1
8779478244,126842529,98,FALSE,1
8779478244,164199202,52,TRUE,0
8779478244,256156323,123,FALSE,1
8779478244,301750126,39,FALSE,1
8779478244,320219866,110,FALSE,1
8779478244,402583877,28,TRUE,0
8779478244,1044002267,145,TRUE,0
8779491334,9403474,51,TRUE,0
8779491334,86698277,108,FALSE,1
8779491334,93618577,17,FALSE,1
8779491334,127617979,80,TRUE,0
8779491334,136829091,75,FALSE,1
8779491334,152455523,19,FALSE,1
8779491334,190826739,98,TRUE,0
8779491334,210053851,106,TRUE,0
8779491334,346412363,100,FALSE,1
8779491334,1202267677,40,TRUE,0
8779574003,9403474,100,TRUE,1
8779574003,86698277,98,FALSE,0
8779574003,93618577,16,FALSE,0
8779574003,127617979,73,TRUE,1
8779574003,136829091,121,FALSE,0
8779574003,152455523,80,FALSE,0
8779574003,190826739,29,TRUE,1
8779574003,210053851,17,TRUE,1
8779574003,346412363,86,FALSE,0
8779574003,1202267677,64,TRUE,1
8779581832,73401082,9,TRUE,1
8779581832,106573901,126,TRUE,1
8779581832,124801257,41,FALSE,0
8779581832,126842529,28,FALSE,0
8779581832,164199202,90,TRUE,1
8779581832,256156323,123,FALSE,0
8779581832,301750126,17,FALSE,0
8779581832,320219866,64,FALSE,0
8779581832,402583877,29,TRUE,1
8779581832,1044002267,109,TRUE,1
8779589316,92487440,120,TRUE,0
8779589316,100758751,83,FALSE,1
8779589316,123787715,105,TRUE,0
8779589316,140251702,39,TRUE,0
8779589316,145065875,86,TRUE,0
8779589316,185202677,38,FALSE,1
8779589316,186837494,123,FALSE,1
8779589316,320017600,73,TRUE,0
8779589316,421515107,28,FALSE,1
8779589316,914221413,47,FALSE,1
8779658823,9403474,121,TRUE,0
8779658823,86698277,69,FALSE,1
8779658823,93618577,126,FALSE,1
8779658823,127617979,94,TRUE,0
8779658823,136829091,110,FALSE,1
8779658823,152455523,54,FALSE,1
8779658823,190826739,120,TRUE,0
8779658823,210053851,106,TRUE,0
8779658823,346412363,86,FALSE,1
8779658823,1202267677,105,TRUE,0
8779682366,92487440,99,TRUE,0
8779682366,100758751,86,FALSE,1
8779682366,123787715,65,TRUE,0
8779682366,140251702,74,TRUE,0
8779682366,145065875,131,TRUE,0
8779682366,185202677,93,FALSE,1
8779682366,186837494,63,FALSE,1
8779682366,320017600,138,TRUE,0
8779682366,421515107,29,FALSE,1
8779682366,914221413,47,FALSE,1
8780072726,16497807,105,TRUE,0
8780072726,81306398,110,FALSE,1
8780072726,97590558,28,TRUE,0
8780072726,105045291,100,FALSE,1
8780072726,152962063,145,TRUE,0
8780072726,177203952,19,FALSE,1
8780072726,201358612,53,TRUE,0
8780072726,230487729,91,TRUE,0
8780072726,292921272,33,FALSE,1
8780072726,1026694469,47,FALSE,1
8780072753,106305042,38,TRUE,1
8780072753,108958769,75,TRUE,1
8780072753,130991304,110,FALSE,0
8780072753,140835095,120,TRUE,1
8780072753,185590374,59,FALSE,0
8780072753,321580662,73,TRUE,1
8780072753,835864135,108,FALSE,0
8780072753,847565596,65,TRUE,1
8780072753,919735867,86,FALSE,0
8780072753,957204049,69,FALSE,0
8780111466,106305042,17,TRUE,0
8780111466,108958769,75,TRUE,0
8780111466,130991304,121,FALSE,1
8780111466,140835095,23,TRUE,0
8780111466,185590374,16,FALSE,1
8780111466,321580662,80,TRUE,0
8780111466,835864135,77,FALSE,1
8780111466,847565596,86,TRUE,0
8780111466,919735867,79,FALSE,1
8780111466,957204049,70,FALSE,1
8780111494,16497807,110,FALSE,0
8780111494,81306398,40,TRUE,1
8780111494,97590558,65,FALSE,0
8780111494,105045291,26,TRUE,1
8780111494,152962063,19,FALSE,0
8780111494,177203952,73,TRUE,1
8780111494,201358612,106,FALSE,0
8780111494,230487729,86,FALSE,0
8780111494,292921272,85,TRUE,1
8780111494,1026694469,99,TRUE,1
8780159415,10366616,110,FALSE,0
8780159415,25907144,123,FALSE,0
8780159415,90423751,105,TRUE,1
8780159415,100058342,63,FALSE,0
8780159415,154974246,38,TRUE,1
8780159415,160119017,16,TRUE,1
8780159415,183719386,99,FALSE,0
8780159415,191362875,66,TRUE,1
8780159415,206642367,73,TRUE,1
8780159415,898455820,126,FALSE,0
8780164509,106305042,13,FALSE,0
8780164509,108958769,75,FALSE,0
8780164509,130991304,87,TRUE,1
8780164509,140835095,23,FALSE,0
8780164509,185590374,39,TRUE,1
8780164509,321580662,114,FALSE,0
8780164509,835864135,77,TRUE,1
8780164509,847565596,123,FALSE,0
8780164509,919735867,86,TRUE,1
8780164509,957204049,69,TRUE,1
8780212309,94296097,37,FALSE,0
8780212309,101695162,123,FALSE,0
8780212309,111114687,50,TRUE,1
8780212309,118134220,38,TRUE,1
8780212309,129958758,2,FALSE,0
8780212309,137129583,114,TRUE,1
8780212309,157475523,86,TRUE,1
8780212309,173978074,106,FALSE,0
8780212309,320252024,73,TRUE,1
8780212309,898754153,44,FALSE,0
8780224945,10366616,110,FALSE,0
8780224945,25907144,123,FALSE,0
8780224945,90423751,86,TRUE,1
8780224945,100058342,19,FALSE,0
8780224945,154974246,16,TRUE,1
8780224945,160119017,69,TRUE,1
8780224945,183719386,99,FALSE,0
8780224945,191362875,75,TRUE,1
8780224945,206642367,80,TRUE,1
8780224945,898455820,120,FALSE,0
8780270320,94296097,40,TRUE,0
8780270320,101695162,119,TRUE,0
8780270320,111114687,91,FALSE,1
8780270320,118134220,73,FALSE,1
8780270320,129958758,69,TRUE,0
8780270320,137129583,17,FALSE,1
8780270320,157475523,86,FALSE,1
8780270320,173978074,106,TRUE,0
8780270320,320252024,21,FALSE,1
8780270320,898754153,41,TRUE,0
8780302268,73401082,121,FALSE,1
8780302268,106573901,16,FALSE,1
8780302268,157989498,88,TRUE,0
8780302268,164199202,80,FALSE,1
8780302268,252737052,47,TRUE,0
8780302268,352545711,106,TRUE,0
8780302268,363758022,73,TRUE,0
8780302268,402583877,98,FALSE,1
8780302268,1031547092,58,TRUE,0
8780302268,1044002267,145,FALSE,1
8780306900,40805086,38,FALSE,1
8780306900,101356886,75,TRUE,0
8780306900,138880576,120,TRUE,0
8780306900,140297552,99,TRUE,0
8780306900,148612029,65,FALSE,1
8780306900,152168157,86,TRUE,0
8780306900,276449590,88,FALSE,1
8780306900,293731272,93,FALSE,1
8780306900,418942836,109,TRUE,0
8780306900,1048617659,121,FALSE,1
8780342142,9403474,121,TRUE,1
8780342142,94155156,75,FALSE,0
8780342142,97658618,48,FALSE,0
8780342142,126212866,135,FALSE,0
8780342142,127617979,49,TRUE,1
8780342142,154715080,13,FALSE,0
8780342142,190826739,78,TRUE,1
8780342142,210053851,106,TRUE,1
8780342142,241884166,123,FALSE,0
8780342142,1202267677,50,TRUE,1
8780381253,73401082,110,TRUE,0
8780381253,106573901,126,TRUE,0
8780381253,157989498,88,FALSE,1
8780381253,164199202,58,TRUE,0
8780381253,252737052,99,FALSE,1
8780381253,352545711,39,FALSE,1
8780381253,363758022,21,FALSE,1
8780381253,402583877,38,TRUE,0
8780381253,1031547092,40,FALSE,1
8780381253,1044002267,145,TRUE,0
8780393201,40805086,38,TRUE,1
8780393201,101356886,22,FALSE,0
8780393201,138880576,120,FALSE,0
8780393201,140297552,99,FALSE,0
8780393201,148612029,78,TRUE,1
8780393201,152168157,86,FALSE,0
8780393201,276449590,88,TRUE,1
8780393201,293731272,93,TRUE,1
8780393201,418942836,109,FALSE,0
8780393201,1048617659,65,TRUE,1
8780428772,9403474,14,TRUE,0
8780428772,94155156,58,FALSE,1
8780428772,97658618,21,FALSE,1
8780428772,126212866,108,FALSE,1
8780428772,127617979,19,TRUE,0
8780428772,154715080,13,FALSE,1
8780428772,190826739,55,TRUE,0
8780428772,210053851,38,TRUE,0
8780428772,241884166,123,FALSE,1
8780428772,1202267677,110,TRUE,0
8780454747,73401082,110,FALSE,0
8780454747,106573901,120,FALSE,0
8780454747,157989498,88,TRUE,1
8780454747,164199202,90,FALSE,0
8780454747,252737052,55,TRUE,1
8780454747,352545711,106,TRUE,1
8780454747,363758022,36,TRUE,1
8780454747,402583877,155,FALSE,0
8780454747,1031547092,58,TRUE,1
8780454747,1044002267,145,FALSE,0
8780527869,9403474,51,TRUE,0
8780527869,94155156,110,FALSE,1
8780527869,97658618,19,FALSE,1
8780527869,126212866,137,FALSE,1
8780527869,127617979,80,TRUE,0
8780527869,154715080,74,FALSE,1
8780527869,190826739,29,TRUE,0
8780527869,210053851,17,TRUE,0
8780527869,241884166,86,FALSE,1
8780527869,1202267677,40,TRUE,0
8780553618,72393079,17,TRUE,0
8780553618,92487440,36,FALSE,1
8780553618,115464954,121,TRUE,0
8780553618,116249155,29,TRUE,0
8780553618,123787715,86,FALSE,1
8780553618,140251702,120,FALSE,1
8780553618,145065875,123,FALSE,1
8780553618,241519559,19,TRUE,0
8780553618,320017600,99,FALSE,1
8780553618,349310876,110,TRUE,0
8780664964,72393079,39,FALSE,0
8780664964,92487440,29,TRUE,1
8780664964,115464954,105,FALSE,0
8780664964,116249155,69,FALSE,0
8780664964,123787715,58,TRUE,1
8780664964,140251702,120,TRUE,1
8780664964,145065875,123,TRUE,1
8780664964,241519559,19,FALSE,0
8780664964,320017600,54,TRUE,1
8780664964,349310876,86,FALSE,0
8780800449,92487440,2,FALSE,0
8780800449,123787715,58,FALSE,0
8780800449,140251702,39,FALSE,0
8780800449,145065875,123,FALSE,0
8780800449,157989498,121,TRUE,1
8780800449,252737052,135,TRUE,1
8780800449,320017600,41,FALSE,0
8780800449,352545711,35,TRUE,1
8780800449,363758022,145,TRUE,1
8780800449,1031547092,110,TRUE,1
8780889411,92487440,99,FALSE,1
8780889411,123787715,86,FALSE,1
8780889411,140251702,120,FALSE,1
8780889411,145065875,131,FALSE,1
8780889411,157989498,123,TRUE,0
8780889411,252737052,69,TRUE,0
8780889411,320017600,61,FALSE,1
8780889411,352545711,43,TRUE,0
8780889411,363758022,114,TRUE,0
8780889411,1031547092,40,TRUE,0
8780953040,92487440,69,TRUE,1
8780953040,123787715,40,TRUE,1
8780953040,140251702,16,TRUE,1
8780953040,145065875,131,TRUE,1
8780953040,157989498,123,FALSE,0
8780953040,252737052,120,FALSE,0
8780953040,320017600,114,TRUE,1
8780953040,352545711,39,FALSE,0
8780953040,363758022,54,FALSE,0
8780953040,1031547092,58,FALSE,0
8781318601,81306398,22,FALSE,0
8781318601,90423751,79,TRUE,1
8781318601,105045291,121,FALSE,0
8781318601,154974246,17,TRUE,1
8781318601,160119017,108,TRUE,1
8781318601,177203952,54,FALSE,0
8781318601,191362875,110,TRUE,1
8781318601,206642367,19,TRUE,1
8781318601,292921272,69,FALSE,0
8781318601,1026694469,38,FALSE,0
8781366014,81306398,86,TRUE,0
8781366014,90423751,100,FALSE,1
8781366014,105045291,121,TRUE,0
8781366014,154974246,39,FALSE,1
8781366014,160119017,38,FALSE,1
8781366014,177203952,19,TRUE,0
8781366014,191362875,110,FALSE,1
8781366014,206642367,69,FALSE,1
8781366014,292921272,23,TRUE,0
8781366014,1026694469,16,TRUE,0
8781428124,9403474,14,FALSE,1
8781428124,127617979,19,FALSE,1
8781428124,157989498,121,TRUE,0
8781428124,190826739,120,FALSE,1
8781428124,210053851,106,FALSE,1
8781428124,252737052,69,TRUE,0
8781428124,352545711,23,TRUE,0
8781428124,363758022,21,TRUE,0
8781428124,1031547092,51,TRUE,0
8781428124,1202267677,110,FALSE,1
8781484100,9403474,123,FALSE,0
8781484100,127617979,73,FALSE,0
8781484100,157989498,121,TRUE,1
8781484100,190826739,155,FALSE,0
8781484100,210053851,47,FALSE,0
8781484100,252737052,28,TRUE,1
8781484100,352545711,120,TRUE,1
8781484100,363758022,145,TRUE,1
8781484100,1031547092,5,TRUE,1
8781484100,1202267677,65,FALSE,0
8781560526,9403474,100,TRUE,1
8781560526,127617979,70,TRUE,1
8781560526,157989498,123,FALSE,0
8781560526,190826739,55,TRUE,1
8781560526,210053851,106,TRUE,1
8781560526,252737052,33,FALSE,0
8781560526,352545711,23,FALSE,0
8781560526,363758022,69,FALSE,0
8781560526,1031547092,5,FALSE,0
8781560526,1202267677,65,TRUE,1
8781585273,101356886,22,FALSE,0
8781585273,138880576,99,FALSE,0
8781585273,140297552,39,FALSE,0
8781585273,152168157,86,FALSE,0
8781585273,164506534,138,TRUE,1
8781585273,323562138,47,TRUE,1
8781585273,331711578,120,TRUE,1
8781585273,333351042,65,TRUE,1
8781585273,417235485,51,TRUE,1
8781585273,418942836,145,FALSE,0
8781669218,94296097,110,TRUE,1
8781669218,101695162,123,TRUE,1
8781669218,106305042,137,FALSE,0
8781669218,108958769,75,FALSE,0
8781669218,129958758,29,TRUE,1
8781669218,140835095,98,FALSE,0
8781669218,173978074,34,TRUE,1
8781669218,321580662,80,FALSE,0
8781669218,847565596,131,FALSE,0
8781669218,898754153,19,TRUE,1
8781676071,101356886,75,TRUE,0
8781676071,138880576,99,TRUE,0
8781676071,140297552,137,TRUE,0
8781676071,152168157,86,TRUE,0
8781676071,164506534,19,FALSE,1
8781676071,323562138,16,FALSE,1
8781676071,331711578,120,FALSE,1
8781676071,333351042,105,FALSE,1
8781676071,417235485,110,FALSE,1
8781676071,418942836,138,TRUE,0
8781774413,92487440,137,TRUE,0
8781774413,96183976,93,FALSE,1
8781774413,123787715,75,TRUE,0
8781774413,140251702,106,TRUE,0
8781774413,145065875,123,TRUE,0
8781774413,185059559,110,FALSE,1
8781774413,294135421,19,FALSE,1
8781774413,295697470,86,FALSE,1
8781774413,320017600,80,TRUE,0
8781774413,363739653,29,FALSE,1
8781808385,94296097,110,FALSE,1
8781808385,101695162,123,FALSE,1
8781808385,106305042,38,TRUE,0
8781808385,108958769,75,TRUE,0
8781808385,129958758,120,FALSE,1
8781808385,140835095,65,TRUE,0
8781808385,173978074,106,FALSE,1
8781808385,321580662,41,TRUE,0
8781808385,847565596,105,TRUE,0
8781808385,898754153,12,FALSE,1
8781875710,92487440,28,FALSE,1
8781875710,96183976,109,TRUE,0
8781875710,123787715,100,FALSE,1
8781875710,140251702,13,FALSE,1
8781875710,145065875,110,FALSE,1
8781875710,185059559,121,TRUE,0
8781875710,294135421,19,TRUE,0
8781875710,295697470,79,TRUE,0
8781875710,320017600,63,FALSE,1
8781875710,363739653,69,TRUE,0
8781942116,92487440,120,FALSE,1
8781942116,96183976,53,TRUE,0
8781942116,123787715,110,FALSE,1
8781942116,140251702,106,FALSE,1
8781942116,145065875,79,FALSE,1
8781942116,185059559,87,TRUE,0
8781942116,294135421,19,TRUE,0
8781942116,295697470,91,TRUE,0
8781942116,320017600,73,FALSE,1
8781942116,363739653,69,TRUE,0
8782036445,92487440,2,TRUE,1
8782036445,123787715,75,TRUE,1
8782036445,140251702,23,TRUE,1
8782036445,145065875,123,TRUE,1
8782036445,181267255,90,FALSE,0
8782036445,320017600,48,TRUE,1
8782036445,332342615,99,FALSE,0
8782036445,445291085,19,FALSE,0
8782036445,879017980,38,FALSE,0
8782036445,1675898897,91,FALSE,0
8782104100,92487440,99,FALSE,1
8782104100,123787715,105,FALSE,1
8782104100,140251702,106,FALSE,1
8782104100,145065875,86,FALSE,1
8782104100,181267255,123,TRUE,0
8782104100,320017600,41,FALSE,1
8782104100,332342615,104,TRUE,0
8782104100,445291085,120,TRUE,0
8782104100,879017980,138,TRUE,0
8782104100,1675898897,58,TRUE,0
8782527726,73401082,45,TRUE,1
8782527726,106573901,74,TRUE,1
8782527726,157989498,7,FALSE,0
8782527726,164199202,86,TRUE,1
8782527726,252737052,120,FALSE,0
8782527726,352545711,39,FALSE,0
8782527726,363758022,114,FALSE,0
8782527726,402583877,38,TRUE,1
8782527726,1031547092,131,FALSE,0
8782527726,1044002267,82,TRUE,1
8782581053,73401082,64,FALSE,0
8782581053,106573901,13,FALSE,0
8782581053,157989498,123,TRUE,1
8782581053,164199202,90,FALSE,0
8782581053,252737052,60,TRUE,1
8782581053,352545711,120,TRUE,1
8782581053,363758022,114,TRUE,1
8782581053,402583877,155,FALSE,0
8782581053,1031547092,68,TRUE,1
8782581053,1044002267,145,FALSE,0
8782625329,73401082,121,TRUE,0
8782625329,106573901,126,TRUE,0
8782625329,157989498,51,FALSE,1
8782625329,164199202,90,TRUE,0
8782625329,252737052,120,FALSE,1
8782625329,352545711,39,FALSE,1
8782625329,363758022,21,FALSE,1
8782625329,402583877,28,TRUE,0
8782625329,1031547092,58,FALSE,1
8782625329,1044002267,109,TRUE,0
8782678248,81306398,22,FALSE,1
8782678248,105045291,86,FALSE,1
8782678248,124801257,19,TRUE,0
8782678248,126842529,96,TRUE,0
8782678248,177203952,63,FALSE,1
8782678248,256156323,79,TRUE,0
8782678248,292921272,108,FALSE,1
8782678248,301750126,38,TRUE,0
8782678248,320219866,58,TRUE,0
8782678248,1026694469,47,FALSE,1
8782750796,81306398,43,TRUE,1
8782750796,105045291,27,TRUE,1
8782750796,124801257,70,FALSE,0
8782750796,126842529,155,FALSE,0
8782750796,177203952,114,TRUE,1
8782750796,256156323,123,FALSE,0
8782750796,292921272,135,TRUE,1
8782750796,301750126,13,FALSE,0
8782750796,320219866,64,FALSE,0
8782750796,1026694469,120,TRUE,1
8782781890,92487440,120,TRUE,0
8782781890,123787715,58,TRUE,0
8782781890,140251702,13,TRUE,0
8782781890,145065875,105,TRUE,0
8782781890,156485213,26,FALSE,1
8782781890,187123736,99,FALSE,1
8782781890,196481318,16,FALSE,1
8782781890,320017600,138,TRUE,0
8782781890,1114792376,79,FALSE,1
8782781890,1220993352,48,FALSE,1
8782867414,92487440,28,TRUE,0
8782867414,123787715,66,TRUE,0
8782867414,140251702,120,TRUE,0
8782867414,145065875,123,TRUE,0
8782867414,156485213,86,FALSE,1
8782867414,187123736,98,FALSE,1
8782867414,196481318,19,FALSE,1
8782867414,320017600,73,TRUE,0
8782867414,1114792376,110,FALSE,1
8782867414,1220993352,38,FALSE,1
8782870472,10366616,110,TRUE,1
8782870472,16497807,111,FALSE,0
8782870472,25907144,123,TRUE,1
8782870472,97590558,108,FALSE,0
8782870472,100058342,73,TRUE,1
8782870472,152962063,80,FALSE,0
8782870472,183719386,114,TRUE,1
8782870472,201358612,17,FALSE,0
8782870472,230487729,86,FALSE,0
8782870472,898455820,137,TRUE,1
8783006717,10366616,75,TRUE,1
8783006717,16497807,83,FALSE,0
8783006717,25907144,86,TRUE,1
8783006717,97590558,120,FALSE,0
8783006717,100058342,114,TRUE,1
8783006717,152962063,21,FALSE,0
8783006717,183719386,29,TRUE,1
8783006717,201358612,39,FALSE,0
8783006717,230487729,123,FALSE,0
8783006717,898455820,16,TRUE,1
8783105237,106305042,19,TRUE,1
8783105237,108958769,75,TRUE,1
8783105237,140835095,108,TRUE,1
8783105237,165564598,38,FALSE,0
8783105237,172099728,54,FALSE,0
8783105237,196878136,31,FALSE,0
8783105237,317880638,21,FALSE,0
8783105237,321580662,109,TRUE,1
8783105237,480412663,13,FALSE,0
8783105237,847565596,131,TRUE,1
8783198427,106305042,126,FALSE,1
8783198427,108958769,75,FALSE,1
8783198427,140835095,2,FALSE,1
8783198427,165564598,77,TRUE,0
8783198427,172099728,138,TRUE,0
8783198427,196878136,83,TRUE,0
8783198427,317880638,86,TRUE,0
8783198427,321580662,48,FALSE,1
8783198427,480412663,13,TRUE,0
8783198427,847565596,123,FALSE,1
8783810675,81306398,86,FALSE,1
8783810675,105045291,100,FALSE,1
8783810675,157989498,123,TRUE,0
8783810675,177203952,138,FALSE,1
8783810675,252737052,2,TRUE,0
8783810675,292921272,129,FALSE,1
8783810675,352545711,120,TRUE,0
8783810675,363758022,114,TRUE,0
8783810675,1026694469,47,FALSE,1
8783810675,1031547092,58,TRUE,0
8783863589,81306398,86,FALSE,0
8783863589,105045291,100,FALSE,0
8783863589,157989498,123,TRUE,1
8783863589,177203952,4,FALSE,0
8783863589,252737052,78,TRUE,1
8783863589,292921272,29,FALSE,0
8783863589,352545711,120,TRUE,1
8783863589,363758022,145,TRUE,1
8783863589,1026694469,47,FALSE,0
8783863589,1031547092,58,TRUE,1
8783893724,101356886,110,FALSE,0
8783893724,140297552,120,FALSE,0
8783893724,152168157,86,FALSE,0
8783893724,181267255,121,TRUE,1
8783893724,332342615,65,TRUE,1
8783893724,417604379,108,FALSE,0
8783893724,418942836,145,FALSE,0
8783893724,445291085,38,TRUE,1
8783893724,879017980,54,TRUE,1
8783893724,1675898897,31,TRUE,1
8783919534,81306398,86,FALSE,1
8783919534,105045291,123,FALSE,1
8783919534,157989498,26,TRUE,0
8783919534,177203952,54,FALSE,1
8783919534,252737052,137,TRUE,0
8783919534,292921272,78,FALSE,1
8783919534,352545711,39,TRUE,0
8783919534,363758022,114,TRUE,0
8783919534,1026694469,120,FALSE,1
8783919534,1031547092,83,TRUE,0
8783945948,101356886,22,TRUE,0
8783945948,140297552,38,TRUE,0
8783945948,152168157,123,TRUE,0
8783945948,181267255,121,FALSE,1
8783945948,332342615,99,FALSE,1
8783945948,417604379,120,TRUE,0
8783945948,418942836,41,TRUE,0
8783945948,445291085,13,FALSE,1
8783945948,879017980,63,FALSE,1
8783945948,1675898897,83,FALSE,1
8783980542,10366616,58,TRUE,0
8783980542,25907144,123,TRUE,0
8783980542,100058342,19,TRUE,0
8783980542,106305042,13,FALSE,1
8783980542,108958769,3,FALSE,1
8783980542,140835095,108,FALSE,1
8783980542,183719386,69,TRUE,0
8783980542,321580662,114,FALSE,1
8783980542,847565596,86,FALSE,1
8783980542,898455820,120,TRUE,0
8784047386,10366616,9,FALSE,0
8784047386,25907144,123,FALSE,0
8784047386,100058342,19,FALSE,0
8784047386,106305042,39,TRUE,1
8784047386,108958769,110,TRUE,1
8784047386,140835095,137,TRUE,1
8784047386,183719386,69,FALSE,0
8784047386,321580662,114,TRUE,1
8784047386,847565596,121,TRUE,1
8784047386,898455820,120,FALSE,0
8784176993,73401082,110,FALSE,0
8784176993,106573901,13,FALSE,0
8784176993,124801257,41,TRUE,1
8784176993,126842529,120,TRUE,1
8784176993,164199202,90,FALSE,0
8784176993,256156323,123,TRUE,1
8784176993,301750126,126,TRUE,1
8784176993,320219866,64,TRUE,1
8784176993,402583877,29,FALSE,0
8784176993,1044002267,82,FALSE,0
8784255815,73401082,110,TRUE,1
8784255815,106573901,106,TRUE,1
8784255815,124801257,70,FALSE,0
8784255815,126842529,155,FALSE,0
8784255815,164199202,90,TRUE,1
8784255815,256156323,86,FALSE,0
8784255815,301750126,13,FALSE,0
8784255815,320219866,37,FALSE,0
8784255815,402583877,99,TRUE,1
8784255815,1044002267,109,TRUE,1
8784373796,73401082,51,TRUE,1
8784373796,106573901,19,TRUE,1
8784373796,124801257,21,FALSE,0
8784373796,126842529,38,FALSE,0
8784373796,164199202,86,TRUE,1
8784373796,256156323,123,FALSE,0
8784373796,301750126,13,FALSE,0
8784373796,320219866,40,FALSE,0
8784373796,402583877,60,TRUE,1
8784373796,1044002267,94,TRUE,1
8784508335,16497807,110,TRUE,0
8784508335,97590558,135,TRUE,0
8784508335,152962063,19,TRUE,0
8784508335,165564598,98,FALSE,1
8784508335,172099728,54,FALSE,1
8784508335,196878136,31,FALSE,1
8784508335,201358612,39,TRUE,0
8784508335,230487729,100,TRUE,0
8784508335,317880638,86,FALSE,1
8784508335,480412663,106,FALSE,1
8784597508,16497807,111,FALSE,1
8784597508,97590558,155,FALSE,1
8784597508,152962063,73,FALSE,1
8784597508,165564598,29,TRUE,0
8784597508,172099728,145,TRUE,0
8784597508,196878136,112,TRUE,0
8784597508,201358612,59,FALSE,1
8784597508,230487729,26,FALSE,1
8784597508,317880638,21,TRUE,0
8784597508,480412663,39,TRUE,0
8784700248,16497807,110,TRUE,1
8784700248,97590558,135,TRUE,1
8784700248,152962063,19,TRUE,1
8784700248,165564598,29,FALSE,0
8784700248,172099728,145,FALSE,0
8784700248,196878136,112,FALSE,0
8784700248,201358612,126,TRUE,1
8784700248,230487729,26,TRUE,1
8784700248,317880638,86,FALSE,0
8784700248,480412663,39,FALSE,0
8785243904,10366616,110,FALSE,0
8785243904,25907144,86,FALSE,0
8785243904,73401082,58,TRUE,1
8785243904,100058342,73,FALSE,0
8785243904,106573901,39,TRUE,1
8785243904,164199202,131,TRUE,1
8785243904,183719386,47,FALSE,0
8785243904,402583877,69,TRUE,1
8785243904,898455820,38,FALSE,0
8785243904,1044002267,114,TRUE,1
8785317017,10366616,75,TRUE,0
8785317017,25907144,86,TRUE,0
8785317017,73401082,110,FALSE,1
8785317017,100058342,19,TRUE,0
8785317017,106573901,39,FALSE,1
8785317017,164199202,114,FALSE,1
8785317017,183719386,69,TRUE,0
8785317017,402583877,36,FALSE,1
8785317017,898455820,126,TRUE,0
8785317017,1044002267,80,FALSE,1
8785399798,16497807,110,TRUE,0
8785399798,97590558,120,TRUE,0
8785399798,152962063,39,TRUE,0
8785399798,157989498,100,FALSE,1
8785399798,201358612,38,TRUE,0
8785399798,230487729,86,TRUE,0
8785399798,252737052,47,FALSE,1
8785399798,352545711,23,FALSE,1
8785399798,363758022,19,FALSE,1
8785399798,1031547092,131,FALSE,1
8785463098,16497807,100,FALSE,0
8785463098,97590558,108,FALSE,0
8785463098,152962063,21,FALSE,0
8785463098,157989498,79,TRUE,1
8785463098,201358612,39,FALSE,0
8785463098,230487729,123,FALSE,0
8785463098,252737052,28,TRUE,1
8785463098,352545711,47,TRUE,1
8785463098,363758022,145,TRUE,1
8785463098,1031547092,110,TRUE,1
8785561247,124801257,19,TRUE,1
8785561247,126842529,129,TRUE,1
8785561247,165564598,135,FALSE,0
8785561247,172099728,114,FALSE,0
8785561247,196878136,111,FALSE,0
8785561247,256156323,26,TRUE,1
8785561247,301750126,39,TRUE,1
8785561247,317880638,21,FALSE,0
8785561247,320219866,110,TRUE,1
8785561247,480412663,120,FALSE,0
8785712176,124801257,19,FALSE,0
8785712176,126842529,129,FALSE,0
8785712176,165564598,99,TRUE,1
8785712176,172099728,41,TRUE,1
8785712176,196878136,75,TRUE,1
8785712176,256156323,86,FALSE,0
8785712176,301750126,126,FALSE,0
8785712176,317880638,123,TRUE,1
8785712176,320219866,37,FALSE,0
8785712176,480412663,13,TRUE,1
8785812275,124801257,70,FALSE,1
8785812275,126842529,129,FALSE,1
8785812275,165564598,65,TRUE,0
8785812275,172099728,114,TRUE,0
8785812275,196878136,111,TRUE,0
8785812275,256156323,105,FALSE,1
8785812275,301750126,13,FALSE,1
8785812275,317880638,123,TRUE,0
8785812275,320219866,37,FALSE,1
8785812275,480412663,59,TRUE,0
8785918300,10366616,75,TRUE,0
8785918300,16497807,86,FALSE,1
8785918300,25907144,51,TRUE,0
8785918300,97590558,120,FALSE,1
8785918300,100058342,19,TRUE,0
8785918300,152962063,53,FALSE,1
8785918300,183719386,135,TRUE,0
8785918300,201358612,13,FALSE,1
8785918300,230487729,123,FALSE,1
8785918300,898455820,65,TRUE,0
8785998445,92487440,55,TRUE,1
8785998445,114162163,105,FALSE,0
8785998445,120840516,110,FALSE,0
8785998445,123787715,58,TRUE,1
8785998445,127530803,38,FALSE,0
8785998445,140251702,120,TRUE,1
8785998445,145065875,100,TRUE,1
8785998445,158072796,137,FALSE,0
8785998445,320017600,145,TRUE,1
8785998445,1041276674,109,FALSE,0
8786038067,10366616,110,FALSE,1
8786038067,16497807,105,TRUE,0
8786038067,25907144,123,FALSE,1
8786038067,97590558,65,TRUE,0
8786038067,100058342,19,FALSE,1
8786038067,152962063,145,TRUE,0
8786038067,183719386,99,FALSE,1
8786038067,201358612,39,TRUE,0
8786038067,230487729,91,TRUE,0
8786038067,898455820,106,FALSE,1
8786096203,92487440,65,FALSE,0
8786096203,114162163,100,TRUE,1
8786096203,120840516,110,TRUE,1
8786096203,123787715,86,FALSE,0
8786096203,127530803,28,TRUE,1
8786096203,140251702,17,FALSE,0
8786096203,145065875,123,FALSE,0
8786096203,158072796,120,TRUE,1
8786096203,320017600,21,FALSE,0
8786096203,1041276674,138,TRUE,1
8786127499,10366616,75,TRUE,0
8786127499,16497807,111,FALSE,1
8786127499,25907144,86,TRUE,0
8786127499,97590558,65,FALSE,1
8786127499,100058342,19,TRUE,0
8786127499,152962063,114,FALSE,1
8786127499,183719386,69,TRUE,0
8786127499,201358612,39,FALSE,1
8786127499,230487729,91,FALSE,1
8786127499,898455820,16,TRUE,0
8786190347,92487440,28,TRUE,0
8786190347,114162163,105,FALSE,1
8786190347,120840516,64,FALSE,1
8786190347,123787715,111,TRUE,0
8786190347,127530803,106,FALSE,1
8786190347,140251702,17,TRUE,0
8786190347,145065875,123,TRUE,0
8786190347,158072796,135,FALSE,1
8786190347,320017600,114,TRUE,0
8786190347,1041276674,12,FALSE,1
8786827560,10366616,75,TRUE,1
8786827560,25907144,65,TRUE,1
8786827560,100058342,42,TRUE,1
8786827560,124801257,80,FALSE,0
8786827560,126842529,155,FALSE,0
8786827560,183719386,99,TRUE,1
8786827560,256156323,26,FALSE,0
8786827560,301750126,17,FALSE,0
8786827560,320219866,37,FALSE,0
8786827560,898455820,120,TRUE,1
8786902529,10366616,75,FALSE,1
8786902529,25907144,123,FALSE,1
8786902529,100058342,145,FALSE,1
8786902529,124801257,41,TRUE,0
8786902529,126842529,155,TRUE,0
8786902529,183719386,2,FALSE,1
8786902529,256156323,86,TRUE,0
8786902529,301750126,13,TRUE,0
8786902529,320219866,40,TRUE,0
8786902529,898455820,65,FALSE,1
8787054928,124801257,41,FALSE,1
8787054928,126842529,155,FALSE,1
8787054928,165564598,33,TRUE,0
8787054928,172099728,138,TRUE,0
8787054928,196878136,100,TRUE,0
8787054928,256156323,123,FALSE,1
8787054928,301750126,39,FALSE,1
8787054928,317880638,21,TRUE,0
8787054928,320219866,37,FALSE,1
8787054928,480412663,120,TRUE,0
8787185127,124801257,69,TRUE,1
8787185127,126842529,129,TRUE,1
8787185127,165564598,29,FALSE,0
8787185127,172099728,114,FALSE,0
8787185127,196878136,75,FALSE,0
8787185127,256156323,26,TRUE,1
8787185127,301750126,39,TRUE,1
8787185127,317880638,131,FALSE,0
8787185127,320219866,37,TRUE,1
8787185127,480412663,120,FALSE,0
8787299097,124801257,19,FALSE,1
8787299097,126842529,108,FALSE,1
8787299097,165564598,155,TRUE,0
8787299097,172099728,138,TRUE,0
8787299097,196878136,100,TRUE,0
8787299097,256156323,123,FALSE,1
8787299097,301750126,106,FALSE,1
8787299097,317880638,21,TRUE,0
8787299097,320219866,37,FALSE,1
8787299097,480412663,13,TRUE,0
8787553356,72393079,23,TRUE,1
8787553356,101356886,110,FALSE,0
8787553356,115464954,131,TRUE,1
8787553356,116249155,29,TRUE,1
8787553356,138880576,77,FALSE,0
8787553356,140297552,65,FALSE,0
8787553356,152168157,86,FALSE,0
8787553356,241519559,138,TRUE,1
8787553356,349310876,75,TRUE,1
8787553356,418942836,114,FALSE,0
8787657152,72393079,39,FALSE,1
8787657152,101356886,22,TRUE,0
8787657152,115464954,131,FALSE,1
8787657152,116249155,78,FALSE,1
8787657152,138880576,23,TRUE,0
8787657152,140297552,38,TRUE,0
8787657152,152168157,123,TRUE,0
8787657152,241519559,19,FALSE,1
8787657152,349310876,31,FALSE,1
8787657152,418942836,114,TRUE,0
8788753093,92487440,135,TRUE,0
8788753093,123787715,65,TRUE,0
8788753093,140251702,17,TRUE,0
8788753093,145065875,105,TRUE,0
8788753093,181267255,90,FALSE,1
8788753093,320017600,93,TRUE,0
8788753093,332342615,99,FALSE,1
8788753093,445291085,106,FALSE,1
8788753093,879017980,80,FALSE,1
8788753093,1675898897,9,FALSE,1
8788845470,92487440,137,FALSE,0
8788845470,123787715,111,FALSE,0
8788845470,140251702,17,FALSE,0
8788845470,145065875,131,FALSE,0
8788845470,181267255,105,TRUE,1
8788845470,320017600,138,FALSE,0
8788845470,332342615,155,TRUE,1
8788845470,445291085,120,TRUE,1
8788845470,879017980,114,TRUE,1
8788845470,1675898897,75,TRUE,1
8789970663,92487440,137,FALSE,0
8789970663,96183976,41,TRUE,1
8789970663,123787715,100,FALSE,0
8789970663,140251702,47,FALSE,0
8789970663,145065875,131,FALSE,0
8789970663,185059559,75,TRUE,1
8789970663,294135421,96,TRUE,1
8789970663,295697470,123,TRUE,1
8789970663,320017600,138,FALSE,0
8789970663,363739653,108,TRUE,1
8790066383,92487440,137,TRUE,1
8790066383,96183976,41,FALSE,0
8790066383,123787715,110,TRUE,1
8790066383,140251702,39,TRUE,1
8790066383,145065875,100,TRUE,1
8790066383,185059559,121,FALSE,0
8790066383,294135421,13,FALSE,0
8790066383,295697470,21,FALSE,0
8790066383,320017600,114,TRUE,1
8790066383,363739653,28,FALSE,0
8790141736,92487440,135,FALSE,1
8790141736,96183976,70,TRUE,0
8790141736,123787715,121,FALSE,1
8790141736,140251702,28,FALSE,1
8790141736,145065875,86,FALSE,1
8790141736,185059559,66,TRUE,0
8790141736,294135421,13,TRUE,0
8790141736,295697470,105,TRUE,0
8790141736,320017600,41,FALSE,1
8790141736,363739653,99,TRUE,0
8791146573,101356886,110,FALSE,0
8791146573,122817493,75,TRUE,1
8791146573,123023873,39,TRUE,1
8791146573,125445069,54,TRUE,1
8791146573,138880576,108,FALSE,0
8791146573,140297552,90,FALSE,0
8791146573,152168157,86,FALSE,0
8791146573,175311897,123,TRUE,1
8791146573,383788462,135,TRUE,1
8791146573,418942836,41,FALSE,0
8791260652,101356886,110,TRUE,0
8791260652,122817493,40,FALSE,1
8791260652,123023873,126,FALSE,1
8791260652,125445069,145,FALSE,1
8791260652,138880576,155,TRUE,0
8791260652,140297552,13,TRUE,0
8791260652,152168157,123,TRUE,0
8791260652,175311897,86,FALSE,1
8791260652,383788462,99,FALSE,1
8791260652,418942836,82,TRUE,0
8793065730,94296097,83,TRUE,0
8793065730,98887913,69,TRUE,0
8793065730,101695162,123,TRUE,0
8793065730,135607261,40,FALSE,1
8793065730,137895298,39,FALSE,1
8793065730,164530809,86,FALSE,1
8793065730,165178538,135,FALSE,1
8793065730,173978074,16,TRUE,0
8793065730,898754153,138,TRUE,0
8793065730,1101855381,38,FALSE,1
8793120962,111114687,37,FALSE,0
8793120962,118134220,99,FALSE,0
8793120962,137129583,13,FALSE,0
8793120962,157475523,86,FALSE,0
8793120962,320252024,145,FALSE,0
8793120962,355409883,101,TRUE,1
8793120962,489696354,17,TRUE,1
8793120962,863282361,19,TRUE,1
8793120962,1171877280,29,TRUE,1
8793120962,1388432956,87,TRUE,1
8793172904,137193239,106,FALSE,1
8793172904,138543123,86,FALSE,1
8793172904,139937922,108,FALSE,1
8793172904,143693439,110,FALSE,1
8793172904,145957968,65,TRUE,0
8793172904,148215639,54,FALSE,1
8793172904,150961567,107,TRUE,0
8793172904,170896543,145,TRUE,0
8793172904,249835593,112,TRUE,0
8793172904,315272623,120,TRUE,0
8793265942,94296097,112,TRUE,0
8793265942,98887913,29,TRUE,0
8793265942,101695162,86,TRUE,0
8793265942,113457795,13,FALSE,1
8793265942,138857296,120,FALSE,1
8793265942,158847773,50,FALSE,1
8793265942,173978074,38,TRUE,0
8793265942,185908355,73,FALSE,1
8793265942,207829314,58,FALSE,1
8793265942,898754153,109,TRUE,0
8793358954,94296097,83,FALSE,0
8793358954,98887913,2,FALSE,0
8793358954,101695162,21,FALSE,0
8793358954,113457795,120,TRUE,1
8793358954,138857296,108,TRUE,1
8793358954,158847773,37,TRUE,1
8793358954,173978074,34,FALSE,0
8793358954,185908355,145,TRUE,1
8793358954,207829314,86,TRUE,1
8793358954,898754153,80,FALSE,0
8793488300,111114687,75,TRUE,1
8793488300,118134220,137,TRUE,1
8793488300,137129583,35,TRUE,1
8793488300,145957968,108,FALSE,0
8793488300,150961567,86,FALSE,0
8793488300,157475523,121,TRUE,1
8793488300,170896543,138,FALSE,0
8793488300,249835593,83,FALSE,0
8793488300,315272623,23,FALSE,0
8793488300,320252024,19,TRUE,1
8793607851,111114687,75,FALSE,1
8793607851,118134220,36,FALSE,1
8793607851,137129583,126,FALSE,1
8793607851,145957968,99,TRUE,0
8793607851,150961567,90,TRUE,0
8793607851,157475523,21,FALSE,1
8793607851,170896543,145,TRUE,0
8793607851,249835593,112,TRUE,0
8793607851,315272623,13,TRUE,0
8793607851,320252024,114,FALSE,1
8793618463,101356886,22,FALSE,1
8793618463,138880576,69,FALSE,1
8793618463,140297552,38,FALSE,1
8793618463,152168157,86,FALSE,1
8793618463,157989498,123,TRUE,0
8793618463,252737052,39,TRUE,0
8793618463,352545711,120,TRUE,0
8793618463,363758022,73,TRUE,0
8793618463,418942836,114,FALSE,1
8793618463,1031547092,131,TRUE,0
8793716970,101356886,90,FALSE,1
8793716970,138880576,155,FALSE,1
8793716970,140297552,33,FALSE,1
8793716970,152168157,27,FALSE,1
8793716970,157989498,88,TRUE,0
8793716970,252737052,77,TRUE,0
8793716970,352545711,39,TRUE,0
8793716970,363758022,114,TRUE,0
8793716970,418942836,41,FALSE,1
8793716970,1031547092,65,TRUE,0
8793794280,101356886,110,FALSE,1
8793794280,138880576,99,FALSE,1
8793794280,140297552,43,FALSE,1
8793794280,152168157,123,FALSE,1
8793794280,157989498,101,TRUE,0
8793794280,252737052,137,TRUE,0
8793794280,352545711,23,TRUE,0
8793794280,363758022,69,TRUE,0
8793794280,418942836,109,FALSE,1
8793794280,1031547092,65,TRUE,0
8794503692,111114687,112,FALSE,0
8794503692,118134220,137,FALSE,0
8794503692,135607261,110,TRUE,1
8794503692,137129583,19,FALSE,0
8794503692,137895298,13,TRUE,1
8794503692,157475523,21,FALSE,0
8794503692,164530809,119,TRUE,1
8794503692,165178538,29,TRUE,1
8794503692,320252024,145,FALSE,0
8794503692,1101855381,54,TRUE,1
8794550277,111114687,112,FALSE,0
8794550277,118134220,108,FALSE,0
8794550277,135607261,110,TRUE,1
8794550277,137129583,19,FALSE,0
8794550277,137895298,13,TRUE,1
8794550277,157475523,21,FALSE,0
8794550277,164530809,105,TRUE,1
8794550277,165178538,29,TRUE,1
8794550277,320252024,145,FALSE,0
8794550277,1101855381,69,TRUE,1
8794678244,94296097,112,FALSE,1
8794678244,98887913,29,FALSE,1
8794678244,101695162,21,FALSE,1
8794678244,145957968,98,TRUE,0
8794678244,150961567,86,TRUE,0
8794678244,170896543,19,TRUE,0
8794678244,173978074,17,FALSE,1
8794678244,249835593,110,TRUE,0
8794678244,315272623,120,TRUE,0
8794678244,898754153,73,FALSE,1
8794701587,72393079,120,TRUE,1
8794701587,92487440,29,FALSE,0
8794701587,115464954,86,TRUE,1
8794701587,116249155,38,TRUE,1
8794701587,123787715,105,FALSE,0
8794701587,140251702,47,FALSE,0
8794701587,145065875,138,FALSE,0
8794701587,241519559,8,TRUE,1
8794701587,320017600,114,FALSE,0
8794701587,349310876,111,TRUE,1
8794744726,94296097,87,TRUE,1
8794744726,98887913,36,TRUE,1
8794744726,101695162,138,TRUE,1
8794744726,145957968,65,FALSE,0
8794744726,150961567,51,FALSE,0
8794744726,170896543,145,FALSE,0
8794744726,173978074,120,TRUE,1
8794744726,249835593,112,FALSE,0
8794744726,315272623,16,FALSE,0
8794744726,898754153,41,TRUE,1
8794796825,72393079,120,TRUE,1
8794796825,92487440,2,FALSE,0
8794796825,115464954,105,TRUE,1
8794796825,116249155,108,TRUE,1
8794796825,123787715,100,FALSE,0
8794796825,140251702,39,FALSE,0
8794796825,145065875,131,FALSE,0
8794796825,241519559,102,TRUE,1
8794796825,320017600,138,FALSE,0
8794796825,349310876,86,TRUE,1
8794844055,111114687,112,TRUE,0
8794844055,113457795,39,FALSE,1
8794844055,118134220,120,TRUE,0
8794844055,137129583,38,TRUE,0
8794844055,138857296,29,FALSE,1
8794844055,157475523,138,TRUE,0
8794844055,158847773,110,FALSE,1
8794844055,185908355,19,FALSE,1
8794844055,207829314,131,FALSE,1
8794844055,320252024,145,TRUE,0
8794924854,111114687,37,FALSE,1
8794924854,113457795,43,TRUE,0
8794924854,118134220,108,FALSE,1
8794924854,137129583,17,FALSE,1
8794924854,138857296,38,TRUE,0
8794924854,157475523,155,FALSE,1
8794924854,158847773,75,TRUE,0
8794924854,185908355,73,TRUE,0
8794924854,207829314,123,TRUE,0
8794924854,320252024,138,FALSE,1
8795015975,111114687,40,FALSE,0
8795015975,113457795,35,TRUE,1
8795015975,118134220,98,FALSE,0
8795015975,137129583,13,FALSE,0
8795015975,138857296,28,TRUE,1
8795015975,157475523,107,FALSE,0
8795015975,158847773,123,TRUE,1
8795015975,185908355,19,TRUE,1
8795015975,207829314,79,TRUE,1
8795015975,320252024,21,FALSE,0
8795149036,140835095,29,TRUE,1
8795149036,157989498,101,FALSE,0
8795149036,194979527,39,TRUE,1
8795149036,217472313,3,TRUE,1
8795149036,218231587,123,TRUE,1
8795149036,252737052,47,FALSE,0
8795149036,352545711,120,FALSE,0
8795149036,363758022,11,FALSE,0
8795149036,860145568,74,TRUE,1
8795149036,1031547092,83,FALSE,0
8795235991,140835095,108,TRUE,0
8795235991,157989498,100,FALSE,1
8795235991,194979527,21,TRUE,0
8795235991,217472313,86,TRUE,0
8795235991,218231587,51,TRUE,0
8795235991,252737052,99,FALSE,1
8795235991,352545711,47,FALSE,1
8795235991,363758022,11,FALSE,1
8795235991,860145568,34,TRUE,0
8795235991,1031547092,79,FALSE,1
8795313607,140835095,120,TRUE,0
8795313607,157989498,83,FALSE,1
8795313607,194979527,19,TRUE,0
8795313607,217472313,111,TRUE,0
8795313607,218231587,65,TRUE,0
8795313607,252737052,77,FALSE,1
8795313607,352545711,39,FALSE,1
8795313607,363758022,73,FALSE,1
8795313607,860145568,59,TRUE,0
8795313607,1031547092,58,FALSE,1
8795422881,101356886,90,FALSE,0
8795422881,118559150,40,TRUE,1
8795422881,138880576,104,FALSE,0
8795422881,140297552,120,FALSE,0
8795422881,140411011,19,TRUE,1
8795422881,152168157,65,FALSE,0
8795422881,155447692,86,TRUE,1
8795422881,156328257,135,TRUE,1
8795422881,181716137,13,TRUE,1
8795422881,418942836,145,FALSE,0
8795506924,101356886,105,TRUE,0
8795506924,118559150,112,FALSE,1
8795506924,138880576,65,TRUE,0
8795506924,140297552,13,TRUE,0
8795506924,140411011,19,FALSE,1
8795506924,152168157,86,TRUE,0
8795506924,155447692,21,FALSE,1
8795506924,156328257,38,FALSE,1
8795506924,181716137,17,FALSE,1
8795506924,418942836,23,TRUE,0
8795920439,94296097,75,TRUE,0
8795920439,101695162,123,TRUE,0
8795920439,111114687,112,FALSE,1
8795920439,118134220,108,FALSE,1
8795920439,129958758,120,TRUE,0
8795920439,137129583,39,FALSE,1
8795920439,157475523,138,FALSE,1
8795920439,173978074,34,TRUE,0
8795920439,320252024,145,FALSE,1
8795920439,898754153,19,TRUE,0
8796002560,94296097,51,FALSE,1
8796002560,101695162,90,FALSE,1
8796002560,111114687,83,TRUE,0
8796002560,118134220,16,TRUE,0
8796002560,129958758,29,FALSE,1
8796002560,137129583,106,TRUE,0
8796002560,157475523,86,TRUE,0
8796002560,173978074,120,FALSE,1
8796002560,320252024,21,TRUE,0
8796002560,898754153,138,FALSE,1
8796079102,94296097,111,FALSE,1
8796079102,101695162,123,FALSE,1
8796079102,111114687,40,TRUE,0
8796079102,118134220,120,TRUE,0
8796079102,129958758,28,FALSE,1
8796079102,137129583,17,TRUE,0
8796079102,157475523,65,TRUE,0
8796079102,173978074,137,FALSE,1
8796079102,320252024,145,TRUE,0
8796079102,898754153,63,FALSE,1
8796227220,111114687,40,FALSE,1
8796227220,118134220,28,FALSE,1
8796227220,137129583,106,FALSE,1
8796227220,145957968,99,TRUE,0
8796227220,150961567,107,TRUE,0
8796227220,157475523,138,FALSE,1
8796227220,170896543,39,TRUE,0
8796227220,249835593,112,TRUE,0
8796227220,315272623,120,TRUE,0
8796227220,320252024,114,FALSE,1
8796321705,111114687,112,TRUE,0
8796321705,118134220,99,TRUE,0
8796321705,137129583,28,TRUE,0
8796321705,145957968,98,FALSE,1
8796321705,150961567,21,FALSE,1
8796321705,157475523,51,TRUE,0
8796321705,170896543,145,FALSE,1
8796321705,249835593,50,FALSE,1
8796321705,315272623,120,FALSE,1
8796321705,320252024,70,TRUE,0
8796325317,92487440,69,FALSE,1
8796325317,118559150,40,TRUE,0
8796325317,123787715,121,FALSE,1
8796325317,140251702,19,FALSE,1
8796325317,140411011,80,TRUE,0
8796325317,145065875,123,FALSE,1
8796325317,155447692,131,TRUE,0
8796325317,156328257,120,TRUE,0
8796325317,181716137,90,TRUE,0
8796325317,320017600,41,FALSE,1
8796401622,92487440,135,TRUE,1
8796401622,118559150,31,FALSE,0
8796401622,123787715,66,TRUE,1
8796401622,140251702,28,TRUE,1
8796401622,140411011,145,FALSE,0
8796401622,145065875,138,TRUE,1
8796401622,155447692,121,FALSE,0
8796401622,156328257,2,FALSE,0
8796401622,181716137,38,FALSE,0
8796401622,320017600,47,TRUE,1
8796420980,111114687,40,FALSE,0
8796420980,118134220,98,FALSE,0
8796420980,137129583,13,FALSE,0
8796420980,145957968,120,TRUE,1
8796420980,150961567,123,TRUE,1
8796420980,157475523,155,FALSE,0
8796420980,170896543,19,TRUE,1
8796420980,249835593,37,TRUE,1
8796420980,315272623,16,TRUE,1
8796420980,320252024,21,FALSE,0
8796537475,111114687,45,TRUE,0
8796537475,118134220,36,TRUE,0
8796537475,137129583,17,TRUE,0
8796537475,145957968,29,FALSE,1
8796537475,150961567,107,FALSE,1
8796537475,157475523,7,TRUE,0
8796537475,170896543,67,FALSE,1
8796537475,249835593,112,FALSE,1
8796537475,315272623,39,FALSE,1
8796537475,320252024,138,TRUE,0
8796584138,72393079,13,TRUE,1
8796584138,101356886,105,FALSE,0
8796584138,115464954,121,TRUE,1
8796584138,138880576,47,FALSE,0
8796584138,140297552,120,FALSE,0
8796584138,152168157,51,FALSE,0
8796584138,241519559,114,TRUE,1
8796584138,349310876,86,TRUE,1
8796584138,374875067,77,TRUE,1
8796584138,418942836,109,FALSE,0
8796687562,72393079,120,FALSE,1
8796687562,101356886,112,TRUE,0
8796687562,115464954,88,FALSE,1
8796687562,138880576,28,TRUE,0
8796687562,140297552,65,TRUE,0
8796687562,152168157,71,TRUE,0
8796687562,241519559,10,FALSE,1
8796687562,349310876,131,FALSE,1
8796687562,374875067,99,FALSE,1
8796687562,418942836,21,TRUE,0
8796840419,9403474,121,FALSE,1
8796840419,111620041,106,FALSE,1
8796840419,127617979,73,FALSE,1
8796840419,140288368,58,FALSE,1
8796840419,140835095,29,TRUE,0
8796840419,190826739,16,FALSE,1
8796840419,194979527,19,TRUE,0
8796840419,217472313,31,TRUE,0
8796840419,218231587,65,TRUE,0
8796840419,860145568,120,TRUE,0
8796923918,9403474,123,FALSE,0
8796923918,111620041,36,FALSE,0
8796923918,127617979,145,FALSE,0
8796923918,140288368,110,FALSE,0
8796923918,140835095,120,TRUE,1
8796923918,190826739,108,FALSE,0
8796923918,194979527,19,TRUE,1
8796923918,217472313,131,TRUE,1
8796923918,218231587,138,TRUE,1
8796923918,860145568,59,TRUE,1
8797005855,9403474,123,FALSE,1
8797005855,111620041,36,FALSE,1
8797005855,127617979,145,FALSE,1
8797005855,140288368,110,FALSE,1
8797005855,140835095,137,TRUE,0
8797005855,190826739,120,FALSE,1
8797005855,194979527,73,TRUE,0
8797005855,217472313,131,TRUE,0
8797005855,218231587,51,TRUE,0
8797005855,860145568,90,TRUE,0
8797699775,9403474,51,FALSE,0
8797699775,111620041,126,FALSE,0
8797699775,114162163,86,TRUE,1
8797699775,127530803,39,TRUE,1
8797699775,127565532,64,TRUE,1
8797699775,127617979,80,FALSE,0
8797699775,140288368,27,FALSE,0
8797699775,158072796,108,TRUE,1
8797699775,190826739,47,FALSE,0
8797699775,1041276674,114,TRUE,1
8797782323,9403474,123,FALSE,0
8797782323,111620041,38,FALSE,0
8797782323,114162163,22,TRUE,1
8797782323,127530803,23,TRUE,1
8797782323,127565532,40,TRUE,1
8797782323,127617979,73,FALSE,0
8797782323,140288368,86,FALSE,0
8797782323,158072796,69,TRUE,1
8797782323,190826739,78,FALSE,0
8797782323,1041276674,138,TRUE,1
8798159246,81475303,40,FALSE,1
8798159246,87063175,86,FALSE,1
8798159246,100471531,108,FALSE,1
8798159246,101356886,110,TRUE,0
8798159246,131303632,74,FALSE,1
8798159246,138880576,47,TRUE,0
8798159246,140297552,77,TRUE,0
8798159246,152168157,51,TRUE,0
8798159246,418942836,114,TRUE,0
8798159246,968545762,138,FALSE,1
8798213956,81475303,75,FALSE,1
8798213956,87063175,51,FALSE,1
8798213956,100471531,65,FALSE,1
8798213956,101356886,110,TRUE,0
8798213956,131303632,106,FALSE,1
8798213956,138880576,108,TRUE,0
8798213956,140297552,155,TRUE,0
8798213956,152168157,123,TRUE,0
8798213956,418942836,21,TRUE,0
8798213956,968545762,19,FALSE,1
8798715738,114162163,86,FALSE,1
8798715738,127530803,106,FALSE,1
8798715738,127565532,110,FALSE,1
8798715738,140835095,99,TRUE,0
8798715738,158072796,108,FALSE,1
8798715738,194979527,80,TRUE,0
8798715738,217472313,31,TRUE,0
8798715738,218231587,51,TRUE,0
8798715738,860145568,34,TRUE,0
8798715738,1041276674,70,FALSE,1
8798776092,114162163,86,FALSE,0
8798776092,127530803,106,FALSE,0
8798776092,127565532,110,FALSE,0
8798776092,140835095,28,TRUE,1
8798776092,158072796,2,FALSE,0
8798776092,194979527,54,TRUE,1
8798776092,217472313,31,TRUE,1
8798776092,218231587,105,TRUE,1
8798776092,860145568,47,TRUE,1
8798776092,1041276674,80,FALSE,0
8798846842,114162163,105,FALSE,1
8798846842,127530803,13,FALSE,1
8798846842,127565532,110,FALSE,1
8798846842,140835095,155,TRUE,0
8798846842,158072796,120,FALSE,1
8798846842,194979527,73,TRUE,0
8798846842,217472313,3,TRUE,0
8798846842,218231587,123,TRUE,0
8798846842,860145568,16,TRUE,0
8798846842,1041276674,19,FALSE,1
8799205642,9403474,51,FALSE,1
8799205642,111620041,39,FALSE,1
8799205642,122817493,40,TRUE,0
8799205642,123023873,106,TRUE,0
8799205642,127617979,73,FALSE,1
8799205642,140288368,110,FALSE,1
8799205642,164506534,145,TRUE,0
8799205642,175311897,123,TRUE,0
8799205642,190826739,137,FALSE,1
8799205642,383788462,99,TRUE,0
8799274239,9403474,123,FALSE,1
8799274239,111620041,126,FALSE,1
8799274239,122817493,40,TRUE,0
8799274239,123023873,13,TRUE,0
8799274239,127617979,19,FALSE,1
8799274239,140288368,110,FALSE,1
8799274239,164506534,145,TRUE,0
8799274239,175311897,90,TRUE,0
8799274239,190826739,120,FALSE,1
8799274239,383788462,38,TRUE,0
8799367313,81475303,110,TRUE,0
8799367313,87063175,123,TRUE,0
8799367313,92487440,28,FALSE,1
8799367313,100471531,29,TRUE,0
8799367313,123787715,105,FALSE,1
8799367313,131303632,106,TRUE,0
8799367313,140251702,39,FALSE,1
8799367313,145065875,86,FALSE,1
8799367313,320017600,109,FALSE,1
8799367313,968545762,21,TRUE,0
8799432002,81475303,110,TRUE,1
8799432002,87063175,131,TRUE,1
8799432002,92487440,135,FALSE,0
8799432002,100471531,39,TRUE,1
8799432002,123787715,31,FALSE,0
8799432002,131303632,28,TRUE,1
8799432002,140251702,106,FALSE,0
8799432002,145065875,123,FALSE,0
8799432002,320017600,114,FALSE,0
8799432002,968545762,69,TRUE,1
8799499238,81475303,58,FALSE,1
8799499238,87063175,123,FALSE,1
8799499238,92487440,108,TRUE,0
8799499238,100471531,99,FALSE,1
8799499238,123787715,86,TRUE,0
8799499238,131303632,106,FALSE,1
8799499238,140251702,13,TRUE,0
8799499238,145065875,51,TRUE,0
8799499238,320017600,73,TRUE,0
8799499238,968545762,19,FALSE,1
8799897822,122817493,111,TRUE,1
8799897822,123023873,13,TRUE,1
8799897822,140835095,120,FALSE,0
8799897822,175311897,123,TRUE,1
8799897822,194979527,21,FALSE,0
8799897822,217472313,3,FALSE,0
8799897822,218231587,51,FALSE,0
8799897822,383788462,99,TRUE,1
8799897822,860145568,34,FALSE,0
8799897822,1657135701,41,TRUE,1
8799969151,122817493,40,FALSE,1
8799969151,123023873,13,FALSE,1
8799969151,140835095,137,TRUE,0
8799969151,175311897,138,FALSE,1
8799969151,194979527,73,TRUE,0
8799969151,217472313,131,TRUE,0
8799969151,218231587,51,TRUE,0
8799969151,383788462,23,FALSE,1
8799969151,860145568,39,TRUE,0
8799969151,1657135701,114,FALSE,1
8800392534,9403474,123,FALSE,0
8800392534,111620041,106,FALSE,0
8800392534,127617979,59,FALSE,0
8800392534,140288368,40,FALSE,0
8800392534,157989498,86,TRUE,1
8800392534,190826739,69,FALSE,0
8800392534,252737052,108,TRUE,1
8800392534,352545711,43,TRUE,1
8800392534,363758022,138,TRUE,1
8800392534,1031547092,65,TRUE,1
8800459074,9403474,51,FALSE,1
8800459074,111620041,38,FALSE,1
8800459074,127617979,73,FALSE,1
8800459074,140288368,105,FALSE,1
8800459074,157989498,100,TRUE,0
8800459074,190826739,110,FALSE,1
8800459074,252737052,65,TRUE,0
8800459074,352545711,17,TRUE,0
8800459074,363758022,114,TRUE,0
8800459074,1031547092,58,TRUE,0
8800536923,9403474,131,FALSE,1
8800536923,111620041,72,FALSE,1
8800536923,127617979,59,FALSE,1
8800536923,140288368,110,FALSE,1
8800536923,157989498,100,TRUE,0
8800536923,190826739,78,FALSE,1
8800536923,252737052,33,TRUE,0
8800536923,352545711,106,TRUE,0
8800536923,363758022,114,TRUE,0
8800536923,1031547092,58,TRUE,0
8800603973,92487440,2,TRUE,1
8800603973,101356886,110,FALSE,0
8800603973,123787715,75,TRUE,1
8800603973,138880576,155,FALSE,0
8800603973,140251702,28,TRUE,1
8800603973,140297552,13,FALSE,0
8800603973,145065875,123,TRUE,1
8800603973,152168157,51,FALSE,0
8800603973,320017600,19,TRUE,1
8800603973,418942836,21,FALSE,0
8800661907,92487440,29,FALSE,1
8800661907,101356886,90,TRUE,0
8800661907,123787715,75,FALSE,1
8800661907,138880576,155,TRUE,0
8800661907,140251702,126,FALSE,1
8800661907,140297552,13,TRUE,0
8800661907,145065875,123,FALSE,1
8800661907,152168157,51,TRUE,0
8800661907,320017600,41,FALSE,1
8800661907,418942836,109,TRUE,0
8801558188,9403474,105,TRUE,1
8801558188,92487440,2,FALSE,0
8801558188,111620041,126,TRUE,1
8801558188,123787715,40,FALSE,0
8801558188,127617979,11,TRUE,1
8801558188,140251702,13,FALSE,0
8801558188,140288368,83,TRUE,1
8801558188,145065875,123,FALSE,0
8801558188,190826739,28,TRUE,1
8801558188,320017600,21,FALSE,0
8801689041,9403474,90,TRUE,0
8801689041,92487440,155,FALSE,1
8801689041,111620041,106,TRUE,0
8801689041,123787715,111,FALSE,1
8801689041,127617979,49,TRUE,0
8801689041,140251702,17,FALSE,1
8801689041,140288368,40,TRUE,0
8801689041,145065875,123,FALSE,1
8801689041,190826739,77,TRUE,0
8801689041,320017600,61,FALSE,1
8801752449,9403474,90,TRUE,1
8801752449,92487440,29,FALSE,0
8801752449,111620041,106,TRUE,1
8801752449,123787715,58,FALSE,0
8801752449,127617979,11,TRUE,1
8801752449,140251702,13,FALSE,0
8801752449,140288368,27,TRUE,1
8801752449,145065875,105,FALSE,0
8801752449,190826739,108,TRUE,1
8801752449,320017600,54,FALSE,0
8802328626,118559150,31,TRUE,0
8802328626,140411011,48,TRUE,0
8802328626,140835095,23,FALSE,1
8802328626,155447692,105,TRUE,0
8802328626,156328257,77,TRUE,0
8802328626,181716137,120,TRUE,0
8802328626,194979527,21,FALSE,1
8802328626,217472313,123,FALSE,1
8802328626,218231587,51,FALSE,1
8802328626,860145568,16,FALSE,1
8802399753,118559150,112,FALSE,0
8802399753,140411011,48,FALSE,0
8802399753,140835095,120,TRUE,1
8802399753,155447692,123,FALSE,0
8802399753,156328257,137,FALSE,0
8802399753,181716137,13,FALSE,0
8802399753,194979527,19,TRUE,1
8802399753,217472313,131,TRUE,1
8802399753,218231587,91,TRUE,1
8802399753,860145568,106,TRUE,1
8802500436,101356886,105,TRUE,1
8802500436,138880576,108,TRUE,1
8802500436,140297552,43,TRUE,1
8802500436,152168157,123,TRUE,1
8802500436,157989498,100,FALSE,0
8802500436,252737052,65,FALSE,0
8802500436,352545711,23,FALSE,0
8802500436,363758022,145,FALSE,0
8802500436,418942836,38,TRUE,1
8802500436,1031547092,131,FALSE,0
8802615564,101356886,90,FALSE,1
8802615564,138880576,137,FALSE,1
8802615564,140297552,38,FALSE,1
8802615564,152168157,51,FALSE,1
8802615564,157989498,123,TRUE,0
8802615564,252737052,69,TRUE,0
8802615564,352545711,129,TRUE,0
8802615564,363758022,145,TRUE,0
8802615564,418942836,21,FALSE,1
8802615564,1031547092,58,TRUE,0
8802755227,86698277,98,FALSE,1
8802755227,93618577,17,FALSE,1
8802755227,122817493,45,TRUE,0
8802755227,123023873,106,TRUE,0
8802755227,125445069,80,TRUE,0
8802755227,136829091,105,FALSE,1
8802755227,175311897,86,TRUE,0
8802755227,331855530,70,FALSE,1
8802755227,346412363,90,FALSE,1
8802755227,383788462,108,TRUE,0
8802892505,86698277,155,TRUE,0
8802892505,93618577,43,TRUE,0
8802892505,122817493,58,FALSE,1
8802892505,123023873,39,FALSE,1
8802892505,125445069,54,FALSE,1
8802892505,136829091,105,TRUE,0
8802892505,175311897,123,FALSE,1
8802892505,331855530,138,TRUE,0
8802892505,346412363,86,TRUE,0
8802892505,383788462,99,FALSE,1
8802982182,86698277,77,FALSE,1
8802982182,93618577,59,FALSE,1
8802982182,122817493,87,TRUE,0
8802982182,123023873,13,TRUE,0
8802982182,125445069,99,TRUE,0
8802982182,136829091,110,FALSE,1
8802982182,175311897,86,TRUE,0
8802982182,331855530,19,FALSE,1
8802982182,346412363,65,FALSE,1
8802982182,383788462,108,TRUE,0
8803088532,73401082,128,TRUE,0
8803088532,92487440,16,FALSE,1
8803088532,106573901,39,TRUE,0
8803088532,123787715,58,FALSE,1
8803088532,140251702,74,FALSE,1
8803088532,145065875,131,FALSE,1
8803088532,164199202,86,TRUE,0
8803088532,195108598,135,TRUE,0
8803088532,320017600,114,FALSE,1
8803088532,1044002267,19,TRUE,0
8803167635,73401082,66,FALSE,0
8803167635,92487440,108,TRUE,1
8803167635,106573901,39,FALSE,0
8803167635,123787715,110,TRUE,1
8803167635,140251702,106,TRUE,1
8803167635,145065875,51,TRUE,1
8803167635,164199202,59,FALSE,0
8803167635,195108598,28,FALSE,0
8803167635,320017600,21,TRUE,1
8803167635,1044002267,19,FALSE,0
8803706352,86698277,108,FALSE,1
8803706352,93618577,128,FALSE,1
8803706352,136829091,51,FALSE,1
8803706352,140835095,77,TRUE,0
8803706352,194979527,145,TRUE,0
8803706352,217472313,31,TRUE,0
8803706352,218231587,123,TRUE,0
8803706352,331855530,82,FALSE,1
8803706352,346412363,86,FALSE,1
8803706352,860145568,74,TRUE,0
8803798979,86698277,29,TRUE,1
8803798979,93618577,120,TRUE,1
8803798979,136829091,31,TRUE,1
8803798979,140835095,23,FALSE,0
8803798979,194979527,48,FALSE,0
8803798979,217472313,112,FALSE,0
8803798979,218231587,65,FALSE,0
8803798979,331855530,73,TRUE,1
8803798979,346412363,86,TRUE,1
8803798979,860145568,34,FALSE,0
8803905362,92487440,16,FALSE,1
8803905362,101356886,105,TRUE,0
8803905362,123787715,65,FALSE,1
8803905362,138880576,98,TRUE,0
8803905362,140251702,99,FALSE,1
8803905362,140297552,47,TRUE,0
8803905362,145065875,86,FALSE,1
8803905362,152168157,51,TRUE,0
8803905362,320017600,109,FALSE,1
8803905362,418942836,38,TRUE,0
8803998030,92487440,99,FALSE,1
8803998030,101356886,90,TRUE,0
8803998030,123787715,75,FALSE,1
8803998030,138880576,104,TRUE,0
8803998030,140251702,120,FALSE,1
8803998030,140297552,13,TRUE,0
8803998030,145065875,86,FALSE,1
8803998030,152168157,65,TRUE,0
8803998030,320017600,21,FALSE,1
8803998030,418942836,145,TRUE,0
8804425449,73401082,128,FALSE,0
8804425449,106573901,74,FALSE,0
8804425449,157989498,51,TRUE,1
8804425449,164199202,86,FALSE,0
8804425449,195108598,28,FALSE,0
8804425449,252737052,135,TRUE,1
8804425449,352545711,17,TRUE,1
8804425449,363758022,11,TRUE,1
8804425449,1031547092,65,TRUE,1
8804425449,1044002267,41,FALSE,0
8804529019,73401082,87,FALSE,1
8804529019,106573901,13,FALSE,1
8804529019,157989498,136,TRUE,0
8804529019,164199202,59,FALSE,1
8804529019,195108598,28,FALSE,1
8804529019,252737052,2,TRUE,0
8804529019,352545711,47,TRUE,0
8804529019,363758022,21,TRUE,0
8804529019,1031547092,65,TRUE,0
8804529019,1044002267,44,FALSE,1
8804593771,73401082,66,TRUE,0
8804593771,106573901,120,TRUE,0
8804593771,157989498,136,FALSE,1
8804593771,164199202,114,TRUE,0
8804593771,195108598,135,TRUE,0
8804593771,252737052,137,FALSE,1
8804593771,352545711,23,FALSE,1
8804593771,363758022,38,FALSE,1
8804593771,1031547092,58,FALSE,1
8804593771,1044002267,19,TRUE,0
8805197594,101356886,75,TRUE,0
8805197594,118559150,58,FALSE,1
8805197594,138880576,108,TRUE,0
8805197594,140297552,120,TRUE,0
8805197594,140411011,54,FALSE,1
8805197594,152168157,86,TRUE,0
8805197594,155447692,51,FALSE,1
8805197594,156328257,137,FALSE,1
8805197594,181716137,39,FALSE,1
8805197594,418942836,145,TRUE,0
8805293764,101356886,91,FALSE,0
8805293764,118559150,64,TRUE,1
8805293764,138880576,23,FALSE,0
8805293764,140297552,120,FALSE,0
8805293764,140411011,41,TRUE,1
8805293764,152168157,51,FALSE,0
8805293764,155447692,86,TRUE,1
8805293764,156328257,77,TRUE,1
8805293764,181716137,16,TRUE,1
8805293764,418942836,145,FALSE,0
8805414368,140835095,69,TRUE,1
8805414368,157989498,51,FALSE,0
8805414368,194979527,145,TRUE,1
8805414368,217472313,31,TRUE,1
8805414368,218231587,123,TRUE,1
8805414368,252737052,47,FALSE,0
8805414368,352545711,106,FALSE,0
8805414368,363758022,114,FALSE,0
8805414368,860145568,90,TRUE,1
8805414368,1031547092,110,FALSE,0
8805569200,140835095,29,FALSE,0
8805569200,157989498,123,TRUE,1
8805569200,194979527,48,FALSE,0
8805569200,217472313,131,FALSE,0
8805569200,218231587,65,FALSE,0
8805569200,252737052,38,TRUE,1
8805569200,352545711,17,TRUE,1
8805569200,363758022,145,TRUE,1
8805569200,860145568,91,FALSE,0
8805569200,1031547092,110,TRUE,1
8805663571,140835095,137,FALSE,1
8805663571,157989498,88,TRUE,0
8805663571,194979527,73,FALSE,1
8805663571,217472313,31,FALSE,1
8805663571,218231587,65,FALSE,1
8805663571,252737052,155,TRUE,0
8805663571,352545711,106,TRUE,0
8805663571,363758022,48,TRUE,0
8805663571,860145568,91,FALSE,1
8805663571,1031547092,110,TRUE,0
8805773858,73401082,121,FALSE,0
8805773858,106573901,120,FALSE,0
8805773858,122817493,3,TRUE,1
8805773858,123023873,13,TRUE,1
8805773858,125445069,48,TRUE,1
8805773858,164199202,88,FALSE,0
8805773858,175311897,105,TRUE,1
8805773858,195108598,77,FALSE,0
8805773858,383788462,29,TRUE,1
8805773858,1044002267,145,FALSE,0
8805862156,73401082,110,TRUE,0
8805862156,106573901,52,TRUE,0
8805862156,122817493,5,FALSE,1
8805862156,123023873,38,FALSE,1
8805862156,125445069,138,FALSE,1
8805862156,164199202,107,TRUE,0
8805862156,175311897,86,FALSE,1
8805862156,195108598,28,TRUE,0
8805862156,383788462,108,FALSE,1
8805862156,1044002267,53,TRUE,0
8805965139,101356886,90,TRUE,1
8805965139,138880576,120,TRUE,1
8805965139,140297552,13,TRUE,1
8805965139,152168157,86,TRUE,1
8805965139,157989498,51,FALSE,0
8805965139,252737052,137,FALSE,0
8805965139,352545711,17,FALSE,0
8805965139,363758022,21,FALSE,0
8805965139,418942836,145,TRUE,1
8805965139,1031547092,105,FALSE,0
8806065028,101356886,105,TRUE,1
8806065028,138880576,23,TRUE,1
8806065028,140297552,90,TRUE,1
8806065028,152168157,123,TRUE,1
8806065028,157989498,100,FALSE,0
8806065028,252737052,65,FALSE,0
8806065028,352545711,17,FALSE,0
8806065028,363758022,114,FALSE,0
8806065028,418942836,145,TRUE,1
8806065028,1031547092,83,FALSE,0
8807061841,73401082,110,TRUE,0
8807061841,106573901,106,TRUE,0
8807061841,122817493,40,FALSE,1
8807061841,123023873,39,FALSE,1
8807061841,125445069,48,FALSE,1
8807061841,164199202,58,TRUE,0
8807061841,175311897,86,FALSE,1
8807061841,195108598,28,TRUE,0
8807061841,383788462,155,FALSE,1
8807061841,1044002267,10,TRUE,0
8807150359,73401082,112,FALSE,0
8807150359,106573901,106,FALSE,0
8807150359,122817493,5,TRUE,1
8807150359,123023873,120,TRUE,1
8807150359,125445069,99,TRUE,1
8807150359,164199202,58,FALSE,0
8807150359,175311897,105,TRUE,1
8807150359,195108598,155,FALSE,0
8807150359,383788462,98,TRUE,1
8807150359,1044002267,145,FALSE,0
8807232081,73401082,110,TRUE,0
8807232081,106573901,17,TRUE,0
8807232081,122817493,58,FALSE,1
8807232081,123023873,39,FALSE,1
8807232081,125445069,48,FALSE,1
8807232081,164199202,88,TRUE,0
8807232081,175311897,86,FALSE,1
8807232081,195108598,28,TRUE,0
8807232081,383788462,108,FALSE,1
8807232081,1044002267,8,TRUE,0
8809158835,10366616,31,FALSE,1
8809158835,25907144,51,FALSE,1
8809158835,94155156,40,TRUE,0
8809158835,97658618,80,TRUE,0
8809158835,100058342,73,FALSE,1
8809158835,126212866,2,TRUE,0
8809158835,154715080,17,TRUE,0
8809158835,183719386,135,FALSE,1
8809158835,241884166,123,TRUE,0
8809158835,898455820,120,FALSE,1
8809158915,81306398,112,FALSE,0
8809158915,90423751,86,TRUE,1
8809158915,105045291,51,FALSE,0
8809158915,140835095,98,FALSE,0
8809158915,154974246,39,TRUE,1
8809158915,160119017,28,TRUE,1
8809158915,177203952,145,FALSE,0
8809158915,191362875,53,TRUE,1
8809158915,206642367,19,TRUE,1
8809158915,1026694469,17,FALSE,0
8809159511,106305042,39,FALSE,0
8809159511,111114687,79,TRUE,1
8809159511,118134220,99,TRUE,1
8809159511,137129583,38,TRUE,1
8809159511,157475523,123,TRUE,1
8809159511,218231587,51,FALSE,0
8809159511,302214028,137,FALSE,0
8809159511,320252024,145,TRUE,1
8809159511,321580662,73,FALSE,0
8809159511,847565596,121,FALSE,0
8809166456,16497807,51,FALSE,1
8809166456,77490514,91,FALSE,1
8809166456,97590558,120,FALSE,1
8809166456,124801257,19,TRUE,0
8809166456,126842529,97,TRUE,0
8809166456,152962063,11,FALSE,1
8809166456,201358612,126,FALSE,1
8809166456,256156323,26,TRUE,0
8809166456,301750126,13,TRUE,0
8809166456,320219866,110,TRUE,0
8809227928,16497807,51,TRUE,0
8809227928,77490514,105,TRUE,0
8809227928,97590558,28,TRUE,0
8809227928,124801257,21,FALSE,1
8809227928,126842529,155,FALSE,1
8809227928,152962063,48,TRUE,0
8809227928,201358612,120,TRUE,0
8809227928,256156323,123,FALSE,1
8809227928,301750126,17,FALSE,1
8809227928,320219866,111,FALSE,1
8809242493,10366616,75,TRUE,0
8809242493,25907144,79,TRUE,0
8809242493,94155156,83,FALSE,1
8809242493,97658618,21,FALSE,1
8809242493,100058342,54,TRUE,0
8809242493,126212866,108,FALSE,1
8809242493,154715080,126,FALSE,1
8809242493,183719386,29,TRUE,0
8809242493,241884166,86,FALSE,1
8809242493,898455820,120,TRUE,0
8809244962,106305042,39,TRUE,0
8809244962,111114687,75,FALSE,1
8809244962,118134220,98,FALSE,1
8809244962,137129583,106,FALSE,1
8809244962,157475523,86,FALSE,1
8809244962,218231587,123,TRUE,0
8809244962,302214028,104,TRUE,0
8809244962,320252024,21,FALSE,1
8809244962,321580662,73,TRUE,0
8809244962,847565596,58,TRUE,0
8809246462,81306398,5,TRUE,0
8809246462,90423751,71,FALSE,1
8809246462,105045291,86,TRUE,0
8809246462,140835095,29,TRUE,0
8809246462,154974246,35,FALSE,1
8809246462,160119017,77,FALSE,1
8809246462,177203952,73,TRUE,0
8809246462,191362875,40,FALSE,1
8809246462,206642367,81,FALSE,1
8809246462,1026694469,59,TRUE,0
8809303579,16497807,51,FALSE,0
8809303579,77490514,123,FALSE,0
8809303579,97590558,28,FALSE,0
8809303579,124801257,21,TRUE,1
8809303579,126842529,108,TRUE,1
8809303579,152962063,48,FALSE,0
8809303579,201358612,120,FALSE,0
8809303579,256156323,86,TRUE,1
8809303579,301750126,17,TRUE,1
8809303579,320219866,111,TRUE,1
8809373469,118559150,37,TRUE,1
8809373469,140411011,145,TRUE,1
8809373469,155447692,88,TRUE,1
8809373469,156328257,98,TRUE,1
8809373469,165564598,29,FALSE,0
8809373469,172099728,19,FALSE,0
8809373469,181716137,137,TRUE,1
8809373469,196878136,112,FALSE,0
8809373469,317880638,86,FALSE,0
8809373469,480412663,17,FALSE,0
8809385333,101356886,91,TRUE,1
8809385333,130991304,75,FALSE,0
8809385333,138880576,47,TRUE,1
8809385333,140297552,13,TRUE,1
8809385333,152168157,86,TRUE,1
8809385333,185590374,60,FALSE,0
8809385333,418942836,145,TRUE,1
8809385333,835864135,2,FALSE,0
8809385333,919735867,51,FALSE,0
8809385333,957204049,70,FALSE,0
8809412954,73401082,128,TRUE,0
8809412954,86698277,65,FALSE,1
8809412954,93618577,126,FALSE,1
8809412954,106573901,17,TRUE,0
8809412954,136829091,31,FALSE,1
8809412954,164199202,90,TRUE,0
8809412954,195108598,108,TRUE,0
8809412954,331855530,80,FALSE,1
8809412954,346412363,51,FALSE,1
8809412954,1044002267,19,TRUE,0
8809425113,10366616,31,TRUE,0
8809425113,25907144,51,TRUE,0
8809425113,94155156,40,FALSE,1
8809425113,97658618,53,FALSE,1
8809425113,100058342,73,TRUE,0
8809425113,126212866,29,FALSE,1
8809425113,154715080,120,FALSE,1
8809425113,183719386,98,TRUE,0
8809425113,241884166,123,FALSE,1
8809425113,898455820,39,TRUE,0
8809470214,118559150,75,TRUE,1
8809470214,140411011,109,TRUE,1
8809470214,155447692,123,TRUE,1
8809470214,156328257,155,TRUE,1
8809470214,165564598,77,FALSE,0
8809470214,172099728,54,FALSE,0
8809470214,181716137,106,TRUE,1
8809470214,196878136,31,FALSE,0
8809470214,317880638,86,FALSE,0
8809470214,480412663,114,FALSE,0
8809490207,101356886,112,TRUE,1
8809490207,130991304,110,FALSE,0
8809490207,138880576,99,TRUE,1
8809490207,140297552,47,TRUE,1
8809490207,152168157,123,TRUE,1
8809490207,185590374,145,FALSE,0
8809490207,418942836,19,TRUE,1
8809490207,835864135,2,FALSE,0
8809490207,919735867,26,FALSE,0
8809490207,957204049,36,FALSE,0
8809504168,73401082,128,TRUE,1
8809504168,86698277,29,FALSE,0
8809504168,93618577,74,FALSE,0
8809504168,106573901,17,TRUE,1
8809504168,136829091,110,FALSE,0
8809504168,164199202,86,TRUE,1
8809504168,195108598,155,TRUE,1
8809504168,331855530,69,FALSE,0
8809504168,346412363,51,FALSE,0
8809504168,1044002267,19,TRUE,1
8809536007,94296097,110,FALSE,0
8809536007,101695162,105,FALSE,0
8809536007,129958758,2,FALSE,0
8809536007,157989498,86,TRUE,1
8809536007,173978074,120,FALSE,0
8809536007,252737052,137,TRUE,1
8809536007,352545711,47,TRUE,1
8809536007,363758022,11,TRUE,1
8809536007,898754153,6,FALSE,0
8809536007,1031547092,83,TRUE,1
8809600367,73401082,58,TRUE,0
8809600367,86698277,29,FALSE,1
8809600367,93618577,74,FALSE,1
8809600367,106573901,120,TRUE,0
8809600367,136829091,105,FALSE,1
8809600367,164199202,86,TRUE,0
8809600367,195108598,135,TRUE,0
8809600367,331855530,69,FALSE,1
8809600367,346412363,27,FALSE,1
8809600367,1044002267,12,TRUE,0
8809634682,94296097,51,TRUE,0
8809634682,101695162,123,TRUE,0
8809634682,129958758,108,TRUE,0
8809634682,157989498,119,FALSE,1
8809634682,173978074,17,TRUE,0
8809634682,252737052,28,FALSE,1
8809634682,352545711,106,FALSE,1
8809634682,363758022,114,FALSE,1
8809634682,898754153,6,TRUE,0
8809634682,1031547092,105,FALSE,1
8809655926,90423751,79,FALSE,1
8809655926,111114687,112,TRUE,0
8809655926,118134220,38,TRUE,0
8809655926,137129583,43,TRUE,0
8809655926,154974246,17,FALSE,1
8809655926,157475523,51,TRUE,0
8809655926,160119017,28,FALSE,1
8809655926,191362875,110,FALSE,1
8809655926,206642367,6,FALSE,1
8809655926,320252024,70,TRUE,0
8809656567,10366616,31,FALSE,0
8809656567,25907144,51,FALSE,0
8809656567,100058342,73,FALSE,0
8809656567,124801257,70,TRUE,1
8809656567,126842529,135,TRUE,1
8809656567,183719386,15,FALSE,0
8809656567,256156323,86,TRUE,1
8809656567,301750126,120,TRUE,1
8809656567,320219866,110,TRUE,1
8809656567,898455820,137,FALSE,0
8809696561,16497807,112,TRUE,1
8809696561,77490514,105,TRUE,1
8809696561,97590558,29,TRUE,1
8809696561,106305042,17,FALSE,0
8809696561,152962063,145,TRUE,1
8809696561,201358612,106,TRUE,1
8809696561,218231587,86,FALSE,0
8809696561,302214028,2,FALSE,0
8809696561,321580662,109,FALSE,0
8809696561,847565596,53,FALSE,0
8809710774,81306398,75,FALSE,1
8809710774,94155156,105,TRUE,0
8809710774,97658618,109,TRUE,0
8809710774,105045291,123,FALSE,1
8809710774,126212866,29,TRUE,0
8809710774,140835095,77,FALSE,1
8809710774,154715080,13,TRUE,0
8809710774,177203952,19,FALSE,1
8809710774,241884166,51,TRUE,0
8809710774,1026694469,126,FALSE,1
8809726019,90423751,123,TRUE,1
8809726019,111114687,83,FALSE,0
8809726019,118134220,65,FALSE,0
8809726019,137129583,17,FALSE,0
8809726019,154974246,11,TRUE,1
8809726019,157475523,7,FALSE,0
8809726019,160119017,2,TRUE,1
8809726019,191362875,112,TRUE,1
8809726019,206642367,41,TRUE,1
8809726019,320252024,138,FALSE,0
8809747666,10366616,31,TRUE,0
8809747666,25907144,51,TRUE,0
8809747666,100058342,48,TRUE,0
8809747666,124801257,53,FALSE,1
8809747666,126842529,129,FALSE,1
8809747666,183719386,69,TRUE,0
8809747666,256156323,86,FALSE,1
8809747666,301750126,39,FALSE,1
8809747666,320219866,64,FALSE,1
8809747666,898455820,114,TRUE,0
8809797141,81306398,22,FALSE,1
8809797141,94155156,31,TRUE,0
8809797141,97658618,19,TRUE,0
8809797141,105045291,123,FALSE,1
8809797141,126212866,38,TRUE,0
8809797141,140835095,69,FALSE,1
8809797141,154715080,13,TRUE,0
8809797141,177203952,70,FALSE,1
8809797141,241884166,51,TRUE,0
8809797141,1026694469,106,FALSE,1
8809802771,16497807,51,FALSE,0
8809802771,77490514,105,FALSE,0
8809802771,97590558,69,FALSE,0
8809802771,106305042,19,TRUE,1
8809802771,152962063,145,FALSE,0
8809802771,201358612,17,FALSE,0
8809802771,218231587,65,TRUE,1
8809802771,302214028,29,TRUE,1
8809802771,321580662,12,TRUE,1
8809802771,847565596,123,TRUE,1
8809888784,16497807,83,TRUE,1
8809888784,77490514,86,TRUE,1
8809888784,97590558,108,TRUE,1
8809888784,106305042,59,FALSE,0
8809888784,152962063,138,TRUE,1
8809888784,201358612,13,TRUE,1
8809888784,218231587,51,FALSE,0
8809888784,302214028,43,FALSE,0
8809888784,321580662,41,FALSE,0
8809888784,847565596,110,FALSE,0
8810373935,101356886,110,FALSE,1
8810373935,138880576,2,FALSE,1
8810373935,140297552,120,FALSE,1
8810373935,152168157,21,FALSE,1
8810373935,157989498,121,TRUE,0
8810373935,252737052,69,TRUE,0
8810373935,352545711,23,TRUE,0
8810373935,363758022,145,TRUE,0
8810373935,418942836,138,FALSE,1
8810373935,1031547092,112,TRUE,0
8810373959,86698277,78,FALSE,1
8810373959,93618577,106,FALSE,1
8810373959,94296097,110,TRUE,0
8810373959,101695162,123,TRUE,0
8810373959,129958758,69,TRUE,0
8810373959,136829091,105,FALSE,1
8810373959,173978074,17,TRUE,0
8810373959,331855530,145,FALSE,1
8810373959,346412363,86,FALSE,1
8810373959,898754153,6,TRUE,0
8810373967,73401082,105,TRUE,0
8810373967,106573901,120,TRUE,0
8810373967,164199202,58,TRUE,0
8810373967,165564598,2,FALSE,1
8810373967,172099728,73,FALSE,1
8810373967,195108598,135,TRUE,0
8810373967,196878136,5,FALSE,1
8810373967,317880638,21,FALSE,1
8810373967,480412663,126,FALSE,1
8810373967,1044002267,36,TRUE,0
8810429061,73401082,121,TRUE,1
8810429061,106573901,35,TRUE,1
8810429061,164199202,58,TRUE,1
8810429061,165564598,120,FALSE,0
8810429061,172099728,114,FALSE,0
8810429061,195108598,135,TRUE,1
8810429061,196878136,112,FALSE,0
8810429061,317880638,21,FALSE,0
8810429061,480412663,59,FALSE,0
8810429061,1044002267,17,TRUE,1
8810452708,86698277,155,TRUE,1
8810452708,93618577,74,TRUE,1
8810452708,94296097,58,FALSE,0
8810452708,101695162,105,FALSE,0
8810452708,129958758,78,FALSE,0
8810452708,136829091,31,TRUE,1
8810452708,173978074,17,FALSE,0
8810452708,331855530,138,TRUE,1
8810452708,346412363,86,TRUE,1
8810452708,898754153,145,FALSE,0
8810453731,101356886,90,TRUE,1
8810453731,138880576,2,TRUE,1
8810453731,140297552,77,TRUE,1
8810453731,152168157,86,TRUE,1
8810453731,157989498,88,FALSE,0
8810453731,252737052,29,FALSE,0
8810453731,352545711,47,FALSE,0
8810453731,363758022,36,FALSE,0
8810453731,418942836,109,TRUE,1
8810453731,1031547092,123,FALSE,0
8810506148,73401082,123,TRUE,0
8810506148,106573901,106,TRUE,0
8810506148,164199202,90,TRUE,0
8810506148,165564598,29,FALSE,1
8810506148,172099728,73,FALSE,1
8810506148,195108598,155,TRUE,0
8810506148,196878136,75,FALSE,1
8810506148,317880638,131,FALSE,1
8810506148,480412663,120,FALSE,1
8810506148,1044002267,109,TRUE,0
8810600432,106305042,17,TRUE,0
8810600432,124801257,69,FALSE,1
8810600432,126842529,97,FALSE,1
8810600432,218231587,105,TRUE,0
8810600432,256156323,51,FALSE,1
8810600432,301750126,106,FALSE,1
8810600432,302214028,155,TRUE,0
8810600432,320219866,75,FALSE,1
8810600432,321580662,145,TRUE,0
8810600432,847565596,123,TRUE,0
8810614945,10366616,31,FALSE,0
8810614945,25907144,26,FALSE,0
8810614945,81306398,86,TRUE,1
8810614945,100058342,21,FALSE,0
8810614945,105045291,51,TRUE,1
8810614945,140835095,98,TRUE,1
8810614945,177203952,70,TRUE,1
8810614945,183719386,15,FALSE,0
8810614945,898455820,120,FALSE,0
8810614945,1026694469,106,TRUE,1
8810636217,94155156,110,TRUE,0
8810636217,97658618,54,TRUE,0
8810636217,111114687,112,FALSE,1
8810636217,118134220,120,FALSE,1
8810636217,126212866,29,TRUE,0
8810636217,137129583,19,FALSE,1
8810636217,154715080,13,TRUE,0
8810636217,157475523,86,FALSE,1
8810636217,241884166,123,TRUE,0
8810636217,320252024,8,FALSE,1
8810642364,16497807,110,FALSE,0
8810642364,77490514,123,FALSE,0
8810642364,90423751,86,TRUE,1
8810642364,97590558,96,FALSE,0
8810642364,152962063,145,FALSE,0
8810642364,154974246,17,TRUE,1
8810642364,160119017,69,TRUE,1
8810642364,191362875,112,TRUE,1
8810642364,201358612,120,FALSE,0
8810642364,206642367,48,TRUE,1
8810706519,106305042,137,FALSE,0
8810706519,124801257,41,TRUE,1
8810706519,126842529,96,TRUE,1
8810706519,218231587,119,FALSE,0
8810706519,256156323,86,TRUE,1
8810706519,301750126,120,TRUE,1
8810706519,302214028,69,FALSE,0
8810706519,320219866,110,TRUE,1
8810706519,321580662,73,FALSE,0
8810706519,847565596,121,FALSE,0
8810741766,94155156,58,TRUE,0
8810741766,97658618,19,TRUE,0
8810741766,111114687,83,FALSE,1
8810741766,118134220,135,FALSE,1
8810741766,126212866,97,TRUE,0
8810741766,137129583,17,FALSE,1
8810741766,154715080,106,TRUE,0
8810741766,157475523,119,FALSE,1
8810741766,241884166,123,TRUE,0
8810741766,320252024,41,FALSE,1
8810753165,10366616,31,FALSE,0
8810753165,25907144,86,FALSE,0
8810753165,81306398,51,TRUE,1
8810753165,100058342,54,FALSE,0
8810753165,105045291,123,TRUE,1
8810753165,140835095,23,TRUE,1
8810753165,177203952,109,TRUE,1
8810753165,183719386,108,FALSE,0
8810753165,898455820,28,FALSE,0
8810753165,1026694469,90,TRUE,1
8810792178,16497807,111,TRUE,0
8810792178,77490514,65,TRUE,0
8810792178,90423751,128,FALSE,1
8810792178,97590558,135,TRUE,0
8810792178,152962063,95,TRUE,0
8810792178,154974246,120,FALSE,1
8810792178,160119017,77,FALSE,1
8810792178,191362875,53,FALSE,1
8810792178,201358612,17,TRUE,0
8810792178,206642367,41,FALSE,1
8810894092,130991304,110,TRUE,0
8810894092,165564598,129,FALSE,1
8810894092,172099728,54,FALSE,1
8810894092,185590374,145,TRUE,0
8810894092,196878136,112,FALSE,1
8810894092,317880638,123,FALSE,1
8810894092,480412663,128,FALSE,1
8810894092,835864135,2,TRUE,0
8810894092,919735867,79,TRUE,0
8810894092,957204049,70,TRUE,0
8810894235,73401082,112,TRUE,1
8810894235,94296097,31,FALSE,0
8810894235,101695162,123,FALSE,0
8810894235,106573901,39,TRUE,1
8810894235,129958758,98,FALSE,0
8810894235,164199202,86,TRUE,1
8810894235,173978074,16,FALSE,0
8810894235,195108598,38,TRUE,1
8810894235,898754153,80,FALSE,0
8810894235,1044002267,114,TRUE,1
8810895940,86698277,69,FALSE,0
8810895940,93618577,106,FALSE,0
8810895940,101356886,22,TRUE,1
8810895940,136829091,105,FALSE,0
8810895940,138880576,28,TRUE,1
8810895940,140297552,13,TRUE,1
8810895940,152168157,123,TRUE,1
8810895940,331855530,145,FALSE,0
8810895940,346412363,26,FALSE,0
8810895940,418942836,46,TRUE,1
8810989536,73401082,112,TRUE,0
8810989536,94296097,31,FALSE,1
8810989536,101695162,105,FALSE,1
8810989536,106573901,59,TRUE,0
8810989536,129958758,99,FALSE,1
8810989536,164199202,86,TRUE,0
8810989536,173978074,13,FALSE,1
8810989536,195108598,135,TRUE,0
8810989536,898754153,80,FALSE,1
8810989536,1044002267,19,TRUE,0
8810990695,130991304,110,FALSE,0
8810990695,165564598,135,TRUE,1
8810990695,172099728,36,TRUE,1
8810990695,185590374,90,FALSE,0
8810990695,196878136,112,TRUE,1
8810990695,317880638,123,TRUE,1
8810990695,480412663,17,TRUE,1
8810990695,835864135,2,FALSE,0
8810990695,919735867,26,FALSE,0
8810990695,957204049,41,FALSE,0
8810991986,86698277,155,FALSE,1
8810991986,93618577,126,FALSE,1
8810991986,101356886,75,TRUE,0
8810991986,136829091,105,FALSE,1
8810991986,138880576,29,TRUE,0
8810991986,140297552,120,TRUE,0
8810991986,152168157,123,TRUE,0
8810991986,331855530,145,FALSE,1
8810991986,346412363,26,FALSE,1
8810991986,418942836,19,TRUE,0
8811075585,86698277,155,TRUE,0
8811075585,93618577,74,TRUE,0
8811075585,101356886,110,FALSE,1
8811075585,136829091,105,TRUE,0
8811075585,138880576,97,FALSE,1
8811075585,140297552,126,FALSE,1
8811075585,152168157,123,FALSE,1
8811075585,331855530,21,TRUE,0
8811075585,346412363,100,TRUE,0
8811075585,418942836,19,FALSE,1
8811095968,73401082,51,TRUE,0
8811095968,94296097,110,FALSE,1
8811095968,101695162,86,FALSE,1
8811095968,106573901,106,TRUE,0
8811095968,129958758,28,FALSE,1
8811095968,164199202,88,TRUE,0
8811095968,173978074,17,FALSE,1
8811095968,195108598,38,TRUE,0
8811095968,898754153,44,FALSE,1
8811095968,1044002267,138,TRUE,0
8811618959,16497807,75,TRUE,0
8811618959,77490514,86,TRUE,0
8811618959,94155156,31,FALSE,1
8811618959,97590558,108,TRUE,0
8811618959,97658618,109,FALSE,1
8811618959,126212866,135,FALSE,1
8811618959,152962063,99,TRUE,0
8811618959,154715080,17,FALSE,1
8811618959,201358612,120,TRUE,0
8811618959,241884166,105,FALSE,1
8811618989,90423751,105,FALSE,1
8811618989,106305042,17,TRUE,0
8811618989,154974246,106,FALSE,1
8811618989,160119017,69,FALSE,1
8811618989,191362875,112,FALSE,1
8811618989,206642367,145,FALSE,1
8811618989,218231587,123,TRUE,0
8811618989,302214028,155,TRUE,0
8811618989,321580662,19,TRUE,0
8811618989,847565596,86,TRUE,0
8811618995,10366616,40,FALSE,0
8811618995,25907144,26,FALSE,0
8811618995,100058342,80,FALSE,0
8811618995,111114687,110,TRUE,1
8811618995,118134220,38,TRUE,1
8811618995,137129583,47,TRUE,1
8811618995,157475523,51,TRUE,1
8811618995,183719386,98,FALSE,0
8811618995,320252024,6,TRUE,1
8811618995,898455820,114,FALSE,0
8811620119,81306398,22,FALSE,1
8811620119,105045291,105,FALSE,1
8811620119,124801257,19,TRUE,0
8811620119,126842529,69,TRUE,0
8811620119,140835095,47,FALSE,1
8811620119,177203952,73,FALSE,1
8811620119,256156323,123,TRUE,0
8811620119,301750126,21,TRUE,0
8811620119,320219866,40,TRUE,0
8811620119,1026694469,137,FALSE,1
8811680490,81306398,86,TRUE,1
8811680490,105045291,121,TRUE,1
8811680490,124801257,21,FALSE,0
8811680490,126842529,29,FALSE,0
8811680490,140835095,137,TRUE,1
8811680490,177203952,73,TRUE,1
8811680490,256156323,123,FALSE,0
8811680490,301750126,13,FALSE,0
8811680490,320219866,37,FALSE,0
8811680490,1026694469,106,TRUE,1
8811683230,16497807,31,FALSE,0
8811683230,77490514,123,FALSE,0
8811683230,94155156,112,TRUE,1
8811683230,97590558,99,FALSE,0
8811683230,97658618,145,TRUE,1
8811683230,126212866,23,TRUE,1
8811683230,152962063,138,FALSE,0
8811683230,154715080,17,TRUE,1
8811683230,201358612,120,FALSE,0
8811683230,241884166,105,TRUE,1
8811687114,10366616,31,TRUE,0
8811687114,25907144,123,TRUE,0
8811687114,100058342,19,TRUE,0
8811687114,111114687,110,FALSE,1
8811687114,118134220,129,FALSE,1
8811687114,137129583,35,FALSE,1
8811687114,157475523,21,FALSE,1
8811687114,183719386,69,TRUE,0
8811687114,320252024,145,FALSE,1
8811687114,898455820,22,TRUE,0
8811706161,90423751,105,TRUE,1
8811706161,106305042,13,FALSE,0
8811706161,154974246,17,TRUE,1
8811706161,160119017,135,TRUE,1
8811706161,191362875,110,TRUE,1
8811706161,206642367,48,TRUE,1
8811706161,218231587,86,FALSE,0
8811706161,302214028,155,FALSE,0
8811706161,321580662,53,FALSE,0
8811706161,847565596,83,FALSE,0
8811838021,94296097,40,FALSE,1
8811838021,101356886,110,TRUE,0
8811838021,101695162,86,FALSE,1
8811838021,129958758,108,FALSE,1
8811838021,138880576,155,TRUE,0
8811838021,140297552,120,TRUE,0
8811838021,152168157,88,TRUE,0
8811838021,173978074,13,FALSE,1
8811838021,418942836,80,TRUE,0
8811838021,898754153,145,FALSE,1
8811838048,73401082,105,TRUE,0
8811838048,106573901,17,TRUE,0
8811838048,130991304,79,FALSE,1
8811838048,164199202,59,TRUE,0
8811838048,185590374,74,FALSE,1
8811838048,195108598,78,TRUE,0
8811838048,835864135,2,FALSE,1
8811838048,919735867,51,FALSE,1
8811838048,957204049,109,FALSE,1
8811838048,1044002267,80,TRUE,0
8811839782,86698277,98,TRUE,1
8811839782,93618577,17,TRUE,1
8811839782,118559150,58,FALSE,0
8811839782,136829091,105,TRUE,1
8811839782,140411011,48,FALSE,0
8811839782,155447692,123,FALSE,0
8811839782,156328257,23,FALSE,0
8811839782,181716137,39,FALSE,0
8811839782,331855530,38,TRUE,1
8811839782,346412363,86,TRUE,1
8811845697,157989498,123,FALSE,0
8811845697,165564598,97,TRUE,1
8811845697,172099728,19,TRUE,1
8811845697,196878136,31,TRUE,1
8811845697,252737052,108,FALSE,0
8811845697,317880638,21,TRUE,1
8811845697,352545711,106,FALSE,0
8811845697,363758022,69,FALSE,0
8811845697,480412663,120,TRUE,1
8811845697,1031547092,58,FALSE,0
8811930872,94296097,112,FALSE,1
8811930872,101356886,91,TRUE,0
8811930872,101695162,105,FALSE,1
8811930872,129958758,98,FALSE,1
8811930872,138880576,69,TRUE,0
8811930872,140297552,126,TRUE,0
8811930872,152168157,27,TRUE,0
8811930872,173978074,13,FALSE,1
8811930872,418942836,11,TRUE,0
8811930872,898754153,56,FALSE,1
8811941658,73401082,112,TRUE,0
8811941658,106573901,120,TRUE,0
8811941658,130991304,75,FALSE,1
8811941658,164199202,88,TRUE,0
8811941658,185590374,126,FALSE,1
8811941658,195108598,2,TRUE,0
8811941658,835864135,28,FALSE,1
8811941658,919735867,123,FALSE,1
8811941658,957204049,70,FALSE,1
8811941658,1044002267,138,TRUE,0
8811958377,157989498,123,TRUE,1
8811958377,165564598,120,FALSE,0
8811958377,172099728,145,FALSE,0
8811958377,196878136,112,FALSE,0
8811958377,252737052,108,TRUE,1
8811958377,317880638,21,FALSE,0
8811958377,352545711,106,TRUE,1
8811958377,363758022,19,TRUE,1
8811958377,480412663,128,FALSE,0
8811958377,1031547092,58,TRUE,1
8811974004,86698277,38,FALSE,1
8811974004,93618577,126,FALSE,1
8811974004,118559150,40,TRUE,0
8811974004,136829091,75,FALSE,1
8811974004,140411011,89,TRUE,0
8811974004,155447692,86,TRUE,0
8811974004,156328257,23,TRUE,0
8811974004,181716137,13,TRUE,0
8811974004,331855530,114,FALSE,1
8811974004,346412363,100,FALSE,1
8812041728,157989498,101,FALSE,1
8812041728,165564598,155,TRUE,0
8812041728,172099728,145,TRUE,0
8812041728,196878136,75,TRUE,0
8812041728,252737052,2,FALSE,1
8812041728,317880638,123,TRUE,0
8812041728,352545711,120,FALSE,1
8812041728,363758022,69,FALSE,1
8812041728,480412663,13,TRUE,0
8812041728,1031547092,110,FALSE,1
8812138585,94155156,110,FALSE,1
8812138585,97658618,54,FALSE,1
8812138585,106305042,120,TRUE,0
8812138585,126212866,2,FALSE,1
8812138585,154715080,13,FALSE,1
8812138585,218231587,138,TRUE,0
8812138585,241884166,123,FALSE,1
8812138585,302214028,43,TRUE,0
8812138585,321580662,145,TRUE,0
8812138585,847565596,121,TRUE,0
8812138607,81306398,83,FALSE,1
8812138607,105045291,86,FALSE,1
8812138607,111114687,110,TRUE,0
8812138607,118134220,38,TRUE,0
8812138607,137129583,120,TRUE,0
8812138607,140835095,29,FALSE,1
8812138607,157475523,90,TRUE,0
8812138607,177203952,138,FALSE,1
8812138607,320252024,19,TRUE,0
8812138607,1026694469,99,FALSE,1
8812138635,10366616,66,TRUE,0
8812138635,16497807,51,FALSE,1
8812138635,25907144,86,TRUE,0
8812138635,77490514,123,FALSE,1
8812138635,97590558,96,FALSE,1
8812138635,100058342,70,TRUE,0
8812138635,152962063,11,FALSE,1
8812138635,183719386,129,TRUE,0
8812138635,201358612,126,FALSE,1
8812138635,898455820,120,TRUE,0
8812155277,90423751,123,FALSE,1
8812155277,124801257,69,TRUE,0
8812155277,126842529,98,TRUE,0
8812155277,154974246,106,FALSE,1
8812155277,160119017,60,FALSE,1
8812155277,191362875,112,FALSE,1
8812155277,206642367,6,FALSE,1
8812155277,256156323,26,TRUE,0
8812155277,301750126,120,TRUE,0
8812155277,320219866,58,TRUE,0
8812233361,94155156,112,TRUE,1
8812233361,97658618,138,TRUE,1
8812233361,106305042,128,FALSE,0
8812233361,126212866,38,TRUE,1
8812233361,154715080,19,TRUE,1
8812233361,218231587,65,FALSE,0
8812233361,241884166,86,TRUE,1
8812233361,302214028,28,FALSE,0
8812233361,321580662,73,FALSE,0
8812233361,847565596,121,FALSE,0
8812258249,10366616,31,TRUE,0
8812258249,16497807,83,FALSE,1
8812258249,25907144,155,TRUE,0
8812258249,77490514,86,FALSE,1
8812258249,97590558,135,FALSE,1
8812258249,100058342,19,TRUE,0
8812258249,152962063,138,FALSE,1
8812258249,183719386,47,TRUE,0
8812258249,201358612,23,FALSE,1
8812258249,898455820,13,TRUE,0
8812263063,90423751,123,FALSE,1
8812263063,124801257,21,TRUE,0
8812263063,126842529,155,TRUE,0
8812263063,154974246,106,FALSE,1
8812263063,160119017,69,FALSE,1
8812263063,191362875,110,FALSE,1
8812263063,206642367,6,FALSE,1
8812263063,256156323,26,TRUE,0
8812263063,301750126,17,TRUE,0
8812263063,320219866,37,TRUE,0
8812274718,81306398,31,TRUE,1
8812274718,105045291,105,TRUE,1
8812274718,111114687,83,FALSE,0
8812274718,118134220,2,FALSE,0
8812274718,137129583,39,FALSE,0
8812274718,140835095,98,TRUE,1
8812274718,157475523,21,FALSE,0
8812274718,177203952,54,TRUE,1
8812274718,320252024,6,FALSE,0
8812274718,1026694469,28,TRUE,1
8812989027,73401082,112,FALSE,0
8812989027,101356886,91,TRUE,1
8812989027,106573901,59,FALSE,0
8812989027,138880576,155,TRUE,1
8812989027,140297552,17,TRUE,1
8812989027,152168157,27,TRUE,1
8812989027,164199202,51,FALSE,0
8812989027,195108598,2,FALSE,0
8812989027,418942836,48,TRUE,1
8812989027,1044002267,145,FALSE,0
8812989544,86698277,98,TRUE,0
8812989544,93618577,74,TRUE,0
8812989544,136829091,110,TRUE,0
8812989544,165564598,29,FALSE,1
8812989544,172099728,48,FALSE,1
8812989544,196878136,31,FALSE,1
8812989544,317880638,86,FALSE,1
8812989544,331855530,145,TRUE,0
8812989544,346412363,100,TRUE,0
8812989544,480412663,128,FALSE,1
8812990272,94296097,31,TRUE,0
8812990272,101695162,88,TRUE,0
8812990272,118559150,110,FALSE,1
8812990272,129958758,135,TRUE,0
8812990272,140411011,18,FALSE,1
8812990272,155447692,86,FALSE,1
8812990272,156328257,2,FALSE,1
8812990272,173978074,120,TRUE,0
8812990272,181716137,13,FALSE,1
8812990272,898754153,41,TRUE,0
8813055101,73401082,121,TRUE,0
8813055101,101356886,91,FALSE,1
8813055101,106573901,106,TRUE,0
8813055101,138880576,155,FALSE,1
8813055101,140297552,13,FALSE,1
8813055101,152168157,105,FALSE,1
8813055101,164199202,51,TRUE,0
8813055101,195108598,2,TRUE,0
8813055101,418942836,72,FALSE,1
8813055101,1044002267,145,TRUE,0
8813059358,94296097,31,FALSE,0
8813059358,101695162,26,FALSE,0
8813059358,118559150,121,TRUE,1
8813059358,129958758,135,FALSE,0
8813059358,140411011,19,TRUE,1
8813059358,155447692,86,TRUE,1
8813059358,156328257,108,TRUE,1
8813059358,173978074,120,FALSE,0
8813059358,181716137,13,TRUE,1
8813059358,898754153,73,FALSE,0
8813075789,86698277,69,FALSE,1
8813075789,93618577,128,FALSE,1
8813075789,136829091,37,FALSE,1
8813075789,165564598,29,TRUE,0
8813075789,172099728,138,TRUE,0
8813075789,196878136,100,TRUE,0
8813075789,317880638,21,TRUE,0
8813075789,331855530,145,FALSE,1
8813075789,346412363,123,FALSE,1
8813075789,480412663,22,TRUE,0
8813156153,86698277,77,TRUE,0
8813156153,93618577,34,TRUE,0
8813156153,136829091,110,TRUE,0
8813156153,165564598,155,FALSE,1
8813156153,172099728,135,FALSE,1
8813156153,196878136,100,FALSE,1
8813156153,317880638,79,FALSE,1
8813156153,331855530,21,TRUE,0
8813156153,346412363,123,TRUE,0
8813156153,480412663,128,FALSE,1
8813239180,90423751,121,TRUE,1
8813239180,94155156,31,FALSE,0
8813239180,97658618,73,FALSE,0
8813239180,126212866,29,FALSE,0
8813239180,154715080,120,FALSE,0
8813239180,154974246,17,TRUE,1
8813239180,160119017,155,TRUE,1
8813239180,191362875,110,TRUE,1
8813239180,206642367,70,TRUE,1
8813239180,241884166,26,FALSE,0
8813239365,16497807,31,FALSE,0
8813239365,77490514,65,FALSE,0
8813239365,81306398,112,TRUE,1
8813239365,97590558,69,FALSE,0
8813239365,105045291,123,TRUE,1
8813239365,140835095,29,TRUE,1
8813239365,152962063,145,FALSE,0
8813239365,177203952,41,TRUE,1
8813239365,201358612,106,FALSE,0
8813239365,1026694469,39,TRUE,1
8813240600,111114687,110,FALSE,1
8813240600,118134220,43,FALSE,1
8813240600,124801257,70,TRUE,0
8813240600,126842529,69,TRUE,0
8813240600,137129583,17,FALSE,1
8813240600,157475523,7,FALSE,1
8813240600,256156323,51,TRUE,0
8813240600,301750126,39,TRUE,0
8813240600,320219866,75,TRUE,0
8813240600,320252024,6,FALSE,1
8813287573,10366616,75,FALSE,1
8813287573,25907144,86,FALSE,1
8813287573,100058342,63,FALSE,1
8813287573,106305042,126,TRUE,0
8813287573,183719386,69,FALSE,1
8813287573,218231587,100,TRUE,0
8813287573,302214028,155,TRUE,0
8813287573,321580662,73,TRUE,0
8813287573,847565596,121,TRUE,0
8813287573,898455820,13,FALSE,1
8813352678,16497807,75,TRUE,0
8813352678,77490514,86,TRUE,0
8813352678,81306398,112,FALSE,1
8813352678,97590558,69,TRUE,0
8813352678,105045291,26,FALSE,1
8813352678,140835095,98,FALSE,1
8813352678,152962063,19,TRUE,0
8813352678,177203952,114,FALSE,1
8813352678,201358612,13,TRUE,0
8813352678,1026694469,120,FALSE,1
8813352696,90423751,105,FALSE,0
8813352696,94155156,31,TRUE,1
8813352696,97658618,21,TRUE,1
8813352696,126212866,108,TRUE,1
8813352696,154715080,126,TRUE,1
8813352696,154974246,106,FALSE,0
8813352696,160119017,28,FALSE,0
8813352696,191362875,79,FALSE,0
8813352696,206642367,54,FALSE,0
8813352696,241884166,86,TRUE,1
8813355676,111114687,31,TRUE,0
8813355676,118134220,2,TRUE,0
8813355676,124801257,70,FALSE,1
8813355676,126842529,28,FALSE,1
8813355676,137129583,93,TRUE,0
8813355676,157475523,91,TRUE,0
8813355676,256156323,123,FALSE,1
8813355676,301750126,106,FALSE,1
8813355676,320219866,111,FALSE,1
8813355676,320252024,138,TRUE,0
8813398413,10366616,40,TRUE,0
8813398413,25907144,26,TRUE,0
8813398413,100058342,21,TRUE,0
8813398413,106305042,17,FALSE,1
8813398413,183719386,98,TRUE,0
8813398413,218231587,51,FALSE,1
8813398413,302214028,2,FALSE,1
8813398413,321580662,109,FALSE,1
8813398413,847565596,121,FALSE,1
8813398413,898455820,120,TRUE,0
8813441620,90423751,105,FALSE,0
8813441620,94155156,31,TRUE,1
8813441620,97658618,19,TRUE,1
8813441620,126212866,137,TRUE,1
8813441620,154715080,17,TRUE,1
8813441620,154974246,106,FALSE,0
8813441620,160119017,108,FALSE,0
8813441620,191362875,86,FALSE,0
8813441620,206642367,48,FALSE,0
8813441620,241884166,123,TRUE,1
8813453376,111114687,31,TRUE,1
8813453376,118134220,99,TRUE,1
8813453376,124801257,70,FALSE,0
8813453376,126842529,69,FALSE,0
8813453376,137129583,38,TRUE,1
8813453376,157475523,88,TRUE,1
8813453376,256156323,26,FALSE,0
8813453376,301750126,39,FALSE,0
8813453376,320219866,58,FALSE,0
8813453376,320252024,94,TRUE,1
8813536582,10366616,131,FALSE,0
8813536582,25907144,26,FALSE,0
8813536582,100058342,19,FALSE,0
8813536582,106305042,34,TRUE,1
8813536582,183719386,98,FALSE,0
8813536582,218231587,123,TRUE,1
8813536582,302214028,137,TRUE,1
8813536582,321580662,145,TRUE,1
8813536582,847565596,86,TRUE,1
8813536582,898455820,120,FALSE,0
8813551147,86698277,98,FALSE,1
8813551147,93618577,126,FALSE,1
8813551147,130991304,128,TRUE,0
8813551147,136829091,110,FALSE,1
8813551147,185590374,13,TRUE,0
8813551147,331855530,21,FALSE,1
8813551147,346412363,100,FALSE,1
8813551147,835864135,96,TRUE,0
8813551147,919735867,123,TRUE,0
8813551147,957204049,70,TRUE,0
8813556518,101356886,110,FALSE,0
8813556518,118559150,37,TRUE,1
8813556518,138880576,2,FALSE,0
8813556518,140297552,77,FALSE,0
8813556518,140411011,145,TRUE,1
8813556518,152168157,86,FALSE,0
8813556518,155447692,123,TRUE,1
8813556518,156328257,135,TRUE,1
8813556518,181716137,13,TRUE,1
8813556518,418942836,114,FALSE,0
8813604844,73401082,105,TRUE,1
8813604844,106573901,13,TRUE,1
8813604844,157989498,21,FALSE,0
8813604844,164199202,88,TRUE,1
8813604844,195108598,28,TRUE,1
8813604844,252737052,2,FALSE,0
8813604844,352545711,120,FALSE,0
8813604844,363758022,69,FALSE,0
8813604844,1031547092,58,FALSE,0
8813604844,1044002267,6,TRUE,1
8813650766,86698277,155,TRUE,0
8813650766,93618577,13,TRUE,0
8813650766,130991304,110,FALSE,1
8813650766,136829091,75,TRUE,0
8813650766,185590374,19,FALSE,1
8813650766,331855530,46,TRUE,0
8813650766,346412363,123,TRUE,0
8813650766,835864135,2,FALSE,1
8813650766,919735867,86,FALSE,1
8813650766,957204049,61,FALSE,1
8813653439,94296097,110,FALSE,1
8813653439,101695162,123,FALSE,1
8813653439,129958758,69,FALSE,1
8813653439,165564598,108,TRUE,0
8813653439,172099728,145,TRUE,0
8813653439,173978074,120,FALSE,1
8813653439,196878136,3,TRUE,0
8813653439,317880638,86,TRUE,0
8813653439,480412663,17,TRUE,0
8813653439,898754153,19,FALSE,1
8813657190,101356886,110,TRUE,0
8813657190,118559150,31,FALSE,1
8813657190,138880576,29,TRUE,0
8813657190,140297552,155,TRUE,0
8813657190,140411011,9,FALSE,1
8813657190,152168157,123,TRUE,0
8813657190,155447692,21,FALSE,1
8813657190,156328257,28,FALSE,1
8813657190,181716137,106,FALSE,1
8813657190,418942836,138,TRUE,0
8813707883,73401082,112,FALSE,0
8813707883,106573901,106,FALSE,0
8813707883,157989498,101,TRUE,1
8813707883,164199202,90,FALSE,0
8813707883,195108598,135,FALSE,0
8813707883,252737052,2,TRUE,1
8813707883,352545711,120,TRUE,1
8813707883,363758022,73,TRUE,1
8813707883,1031547092,110,TRUE,1
8813707883,1044002267,19,FALSE,0
8813745846,86698277,78,TRUE,1
8813745846,93618577,38,TRUE,1
8813745846,130991304,40,FALSE,0
8813745846,136829091,110,TRUE,1
8813745846,185590374,120,FALSE,0
8813745846,331855530,46,TRUE,1
8813745846,346412363,123,TRUE,1
8813745846,835864135,97,FALSE,0
8813745846,919735867,79,FALSE,0
8813745846,957204049,114,FALSE,0
8813775647,94296097,31,TRUE,1
8813775647,101695162,123,TRUE,1
8813775647,129958758,98,TRUE,1
8813775647,165564598,137,FALSE,0
8813775647,172099728,145,FALSE,0
8813775647,173978074,120,TRUE,1
8813775647,196878136,3,FALSE,0
8813775647,317880638,86,FALSE,0
8813775647,480412663,128,FALSE,0
8813775647,898754153,12,TRUE,1
8813802531,73401082,112,FALSE,1
8813802531,106573901,17,FALSE,1
8813802531,157989498,88,TRUE,0
8813802531,164199202,51,FALSE,1
8813802531,195108598,135,FALSE,1
8813802531,252737052,38,TRUE,0
8813802531,352545711,23,TRUE,0
8813802531,363758022,36,TRUE,0
8813802531,1031547092,58,TRUE,0
8813802531,1044002267,80,FALSE,1
8814473618,94155156,75,TRUE,1
8814473618,97658618,54,TRUE,1
8814473618,124801257,12,FALSE,0
8814473618,126212866,28,TRUE,1
8814473618,126842529,2,FALSE,0
8814473618,154715080,106,TRUE,1
8814473618,241884166,123,TRUE,1
8814473618,256156323,86,FALSE,0
8814473618,301750126,13,FALSE,0
8814473618,320219866,110,FALSE,0
8814473655,16497807,155,FALSE,1
8814473655,77490514,86,FALSE,1
8814473655,97590558,28,FALSE,1
8814473655,111114687,31,TRUE,0
8814473655,118134220,69,TRUE,0
8814473655,137129583,106,TRUE,0
8814473655,152962063,53,FALSE,1
8814473655,157475523,123,TRUE,0
8814473655,201358612,17,FALSE,1
8814473655,320252024,109,TRUE,0
8814473986,81306398,5,FALSE,1
8814473986,105045291,105,FALSE,1
8814473986,106305042,22,TRUE,0
8814473986,140835095,120,FALSE,1
8814473986,177203952,70,FALSE,1
8814473986,218231587,123,TRUE,0
8814473986,302214028,28,TRUE,0
8814473986,321580662,8,TRUE,0
8814473986,847565596,131,TRUE,0
8814473986,1026694469,128,FALSE,1
8814475396,10366616,112,FALSE,1
8814475396,25907144,51,FALSE,1
8814475396,90423751,121,TRUE,0
8814475396,100058342,70,FALSE,1
8814475396,154974246,126,TRUE,0
8814475396,160119017,155,TRUE,0
8814475396,183719386,98,FALSE,1
8814475396,191362875,40,TRUE,0
8814475396,206642367,80,TRUE,0
8814475396,898455820,120,FALSE,1
8814549253,81306398,5,TRUE,1
8814549253,105045291,123,TRUE,1
8814549253,106305042,28,FALSE,0
8814549253,140835095,99,TRUE,1
8814549253,177203952,82,TRUE,1
8814549253,218231587,105,FALSE,0
8814549253,302214028,120,FALSE,0
8814549253,321580662,19,FALSE,0
8814549253,847565596,131,FALSE,0
8814549253,1026694469,13,TRUE,1
8814554021,16497807,111,FALSE,0
8814554021,77490514,105,FALSE,0
8814554021,97590558,69,FALSE,0
8814554021,111114687,40,TRUE,1
8814554021,118134220,65,TRUE,1
8814554021,137129583,13,TRUE,1
8814554021,152962063,19,FALSE,0
8814554021,157475523,91,TRUE,1
8814554021,201358612,126,FALSE,0
8814554021,320252024,21,TRUE,1
8814558995,94155156,75,FALSE,0
8814558995,97658618,48,FALSE,0
8814558995,124801257,21,TRUE,1
8814558995,126212866,96,FALSE,0
8814558995,126842529,38,TRUE,1
8814558995,154715080,126,FALSE,0
8814558995,241884166,123,FALSE,0
8814558995,256156323,26,TRUE,1
8814558995,301750126,17,TRUE,1
8814558995,320219866,40,TRUE,1
8814561483,10366616,75,TRUE,0
8814561483,25907144,51,TRUE,0
8814561483,90423751,121,FALSE,1
8814561483,100058342,48,TRUE,0
8814561483,154974246,13,FALSE,1
8814561483,160119017,77,FALSE,1
8814561483,183719386,98,TRUE,0
8814561483,191362875,40,FALSE,1
8814561483,206642367,56,FALSE,1
8814561483,898455820,120,TRUE,0
8814642533,16497807,103,FALSE,0
8814642533,77490514,105,FALSE,0
8814642533,97590558,120,FALSE,0
8814642533,111114687,31,TRUE,1
8814642533,118134220,137,TRUE,1
8814642533,137129583,126,TRUE,1
8814642533,152962063,48,FALSE,0
8814642533,157475523,21,TRUE,1
8814642533,201358612,13,FALSE,0
8814642533,320252024,73,TRUE,1
8814645393,94155156,40,TRUE,1
8814645393,97658618,145,TRUE,1
8814645393,124801257,19,FALSE,0
8814645393,126212866,29,TRUE,1
8814645393,126842529,135,FALSE,0
8814645393,154715080,106,TRUE,1
8814645393,241884166,105,TRUE,1
8814645393,256156323,26,FALSE,0
8814645393,301750126,114,FALSE,0
8814645393,320219866,37,FALSE,0
8814673909,10366616,31,TRUE,0
8814673909,25907144,51,TRUE,0
8814673909,90423751,86,FALSE,1
8814673909,100058342,48,TRUE,0
8814673909,154974246,13,FALSE,1
8814673909,160119017,77,FALSE,1
8814673909,183719386,129,TRUE,0
8814673909,191362875,40,FALSE,1
8814673909,206642367,138,FALSE,1
8814673909,898455820,120,TRUE,0
8814748706,73401082,121,TRUE,0
8814748706,106573901,120,TRUE,0
8814748706,118559150,31,FALSE,1
8814748706,140411011,80,FALSE,1
8814748706,155447692,26,FALSE,1
8814748706,156328257,135,FALSE,1
8814748706,164199202,90,TRUE,0
8814748706,181716137,106,FALSE,1
8814748706,195108598,108,TRUE,0
8814748706,1044002267,19,TRUE,0
8814771003,101356886,105,TRUE,1
8814771003,138880576,2,TRUE,1
8814771003,140297552,120,TRUE,1
8814771003,152168157,86,TRUE,1
8814771003,165564598,38,FALSE,0
8814771003,172099728,145,FALSE,0
8814771003,196878136,3,FALSE,0
8814771003,317880638,90,FALSE,0
8814771003,418942836,109,TRUE,1
8814771003,480412663,128,FALSE,0
8814775838,86698277,65,FALSE,1
8814775838,93618577,74,FALSE,1
8814775838,136829091,110,FALSE,1
8814775838,157989498,88,TRUE,0
8814775838,252737052,69,TRUE,0
8814775838,331855530,70,FALSE,1
8814775838,346412363,26,FALSE,1
8814775838,352545711,106,TRUE,0
8814775838,363758022,21,TRUE,0
8814775838,1031547092,75,TRUE,0
8814800807,94296097,110,TRUE,1
8814800807,101695162,105,TRUE,1
8814800807,129958758,135,TRUE,1
8814800807,130991304,79,FALSE,0
8814800807,173978074,17,TRUE,1
8814800807,185590374,145,FALSE,0
8814800807,835864135,96,FALSE,0
8814800807,898754153,6,TRUE,1
8814800807,919735867,86,FALSE,0
8814800807,957204049,69,FALSE,0
8814858474,73401082,110,FALSE,1
8814858474,106573901,106,FALSE,1
8814858474,118559150,37,TRUE,0
8814858474,140411011,145,TRUE,0
8814858474,155447692,51,TRUE,0
8814858474,156328257,137,TRUE,0
8814858474,164199202,58,FALSE,1
8814858474,181716137,39,TRUE,0
8814858474,195108598,28,FALSE,1
8814858474,1044002267,138,FALSE,1
8814885502,86698277,29,TRUE,0
8814885502,93618577,13,TRUE,0
8814885502,136829091,100,TRUE,0
8814885502,157989498,86,FALSE,1
8814885502,252737052,108,FALSE,1
8814885502,331855530,21,TRUE,0
8814885502,346412363,123,TRUE,0
8814885502,352545711,47,FALSE,1
8814885502,363758022,138,FALSE,1
8814885502,1031547092,65,FALSE,1
8814932055,94296097,58,TRUE,1
8814932055,101695162,123,TRUE,1
8814932055,129958758,155,TRUE,1
8814932055,130991304,40,FALSE,0
8814932055,173978074,17,TRUE,1
8814932055,185590374,74,FALSE,0
8814932055,835864135,108,FALSE,0
8814932055,898754153,145,TRUE,1
8814932055,919735867,86,FALSE,0
8814932055,957204049,41,FALSE,0
8814944245,101356886,105,TRUE,1
8814944245,138880576,96,TRUE,1
8814944245,140297552,120,TRUE,1
8814944245,152168157,128,TRUE,1
8814944245,165564598,38,FALSE,0
8814944245,172099728,138,FALSE,0
8814944245,196878136,100,FALSE,0
8814944245,317880638,90,FALSE,0
8814944245,418942836,94,TRUE,1
8814944245,480412663,126,FALSE,0
8814994202,73401082,121,FALSE,0
8814994202,106573901,74,FALSE,0
8814994202,118559150,75,TRUE,1
8814994202,140411011,36,TRUE,1
8814994202,155447692,26,TRUE,1
8814994202,156328257,43,TRUE,1
8814994202,164199202,114,FALSE,0
8814994202,181716137,120,TRUE,1
8814994202,195108598,2,FALSE,0
8814994202,1044002267,145,FALSE,0
8815026096,86698277,98,FALSE,0
8815026096,93618577,17,FALSE,0
8815026096,136829091,105,FALSE,0
8815026096,157989498,123,TRUE,1
8815026096,252737052,29,TRUE,1
8815026096,331855530,145,FALSE,0
8815026096,346412363,51,FALSE,0
8815026096,352545711,23,TRUE,1
8815026096,363758022,21,TRUE,1
8815026096,1031547092,58,TRUE,1
8815801127,94296097,110,FALSE,1
8815801127,101695162,86,FALSE,1
8815801127,129958758,2,FALSE,1
8815801127,157989498,123,TRUE,0
8815801127,173978074,128,FALSE,1
8815801127,252737052,78,TRUE,0
8815801127,352545711,106,TRUE,0
8815801127,363758022,36,TRUE,0
8815801127,898754153,109,FALSE,1
8815801127,1031547092,58,TRUE,0
8815854223,86698277,155,FALSE,0
8815854223,93618577,17,FALSE,0
8815854223,136829091,31,FALSE,0
8815854223,157989498,100,TRUE,1
8815854223,252737052,38,TRUE,1
8815854223,331855530,44,FALSE,0
8815854223,346412363,123,FALSE,0
8815854223,352545711,39,TRUE,1
8815854223,363758022,11,TRUE,1
8815854223,1031547092,75,TRUE,1
8815912139,86698277,69,TRUE,0
8815912139,93618577,17,TRUE,0
8815912139,94296097,3,FALSE,1
8815912139,101695162,86,FALSE,1
8815912139,129958758,108,FALSE,1
8815912139,136829091,31,TRUE,0
8815912139,173978074,120,FALSE,1
8815912139,331855530,138,TRUE,0
8815912139,346412363,123,TRUE,0
8815912139,898754153,48,FALSE,1
8817062805,10366616,31,TRUE,0
8817062805,25907144,26,TRUE,0
8817062805,86698277,69,FALSE,1
8817062805,93618577,13,FALSE,1
8817062805,100058342,21,TRUE,0
8817062805,136829091,75,FALSE,1
8817062805,183719386,29,TRUE,0
8817062805,331855530,44,FALSE,1
8817062805,346412363,86,FALSE,1
8817062805,898455820,114,TRUE,0
8817145578,10366616,31,FALSE,0
8817145578,25907144,26,FALSE,0
8817145578,86698277,16,TRUE,1
8817145578,93618577,34,TRUE,1
8817145578,100058342,54,FALSE,0
8817145578,136829091,68,TRUE,1
8817145578,183719386,98,FALSE,0
8817145578,331855530,21,TRUE,1
8817145578,346412363,119,TRUE,1
8817145578,898455820,28,FALSE,0
8817248835,16497807,112,TRUE,1
8817248835,73401082,30,FALSE,0
8817248835,77490514,51,TRUE,1
8817248835,97590558,29,TRUE,1
8817248835,106573901,52,FALSE,0
8817248835,152962063,21,TRUE,1
8817248835,164199202,88,FALSE,0
8817248835,195108598,38,FALSE,0
8817248835,201358612,17,TRUE,1
8817248835,1044002267,145,FALSE,0
8817309538,106305042,17,TRUE,0
8817309538,165564598,2,FALSE,1
8817309538,172099728,114,FALSE,1
8817309538,196878136,31,FALSE,1
8817309538,218231587,21,TRUE,0
8817309538,302214028,120,TRUE,0
8817309538,317880638,86,FALSE,1
8817309538,321580662,6,TRUE,0
8817309538,480412663,106,FALSE,1
8817309538,847565596,83,TRUE,0
8817364827,16497807,31,FALSE,0
8817364827,73401082,105,TRUE,1
8817364827,77490514,86,FALSE,0
8817364827,97590558,60,FALSE,0
8817364827,106573901,23,TRUE,1
8817364827,152962063,145,FALSE,0
8817364827,164199202,88,TRUE,1
8817364827,195108598,98,TRUE,1
8817364827,201358612,13,FALSE,0
8817364827,1044002267,36,TRUE,1
8817437213,106305042,39,TRUE,0
8817437213,165564598,155,FALSE,1
8817437213,172099728,114,FALSE,1
8817437213,196878136,31,FALSE,1
8817437213,218231587,105,TRUE,0
8817437213,302214028,120,TRUE,0
8817437213,317880638,21,FALSE,1
8817437213,321580662,11,TRUE,0
8817437213,480412663,126,FALSE,1
8817437213,847565596,83,TRUE,0
8817480844,16497807,3,FALSE,1
8817480844,73401082,121,TRUE,0
8817480844,77490514,86,FALSE,1
8817480844,97590558,108,FALSE,1
8817480844,106573901,120,TRUE,0
8817480844,152962063,11,FALSE,1
8817480844,164199202,90,TRUE,0
8817480844,195108598,98,TRUE,0
8817480844,201358612,145,FALSE,1
8817480844,1044002267,109,TRUE,0
8817588541,124801257,70,FALSE,1
8817588541,126842529,110,FALSE,1
8817588541,130991304,75,TRUE,0
8817588541,185590374,60,TRUE,0
8817588541,256156323,26,FALSE,1
8817588541,301750126,13,FALSE,1
8817588541,320219866,37,FALSE,1
8817588541,835864135,2,TRUE,0
8817588541,919735867,128,TRUE,0
8817588541,957204049,46,TRUE,0
8817670980,124801257,70,TRUE,0
8817670980,126842529,135,TRUE,0
8817670980,130991304,26,FALSE,1
8817670980,185590374,126,FALSE,1
8817670980,256156323,123,TRUE,0
8817670980,301750126,13,TRUE,0
8817670980,320219866,110,TRUE,0
8817670980,835864135,97,FALSE,1
8817670980,919735867,128,FALSE,1
8817670980,957204049,41,FALSE,1
8817760291,124801257,19,TRUE,0
8817760291,126842529,135,TRUE,0
8817760291,130991304,110,FALSE,1
8817760291,185590374,120,FALSE,1
8817760291,256156323,123,TRUE,0
8817760291,301750126,17,TRUE,0
8817760291,320219866,40,TRUE,0
8817760291,835864135,98,FALSE,1
8817760291,919735867,26,FALSE,1
8817760291,957204049,114,FALSE,1
8818236072,86698277,98,TRUE,1
8818236072,93618577,17,TRUE,1
8818236072,94155156,31,FALSE,0
8818236072,97658618,138,FALSE,0
8818236072,126212866,2,FALSE,0
8818236072,136829091,105,TRUE,1
8818236072,154715080,106,FALSE,0
8818236072,241884166,131,FALSE,0
8818236072,331855530,73,TRUE,1
8818236072,346412363,86,TRUE,1
8818298714,86698277,77,FALSE,0
8818298714,93618577,74,FALSE,0
8818298714,94155156,31,TRUE,1
8818298714,97658618,48,TRUE,1
8818298714,126212866,96,TRUE,1
8818298714,136829091,3,FALSE,0
8818298714,154715080,126,TRUE,1
8818298714,241884166,105,TRUE,1
8818298714,331855530,138,FALSE,0
8818298714,346412363,123,FALSE,0
8818365999,86698277,29,FALSE,0
8818365999,93618577,74,FALSE,0
8818365999,94155156,110,TRUE,1
8818365999,97658618,21,TRUE,1
8818365999,126212866,2,TRUE,1
8818365999,136829091,100,FALSE,0
8818365999,154715080,106,TRUE,1
8818365999,241884166,131,TRUE,1
8818365999,331855530,138,FALSE,0
8818365999,346412363,27,FALSE,0
8818469042,111114687,31,TRUE,1
8818469042,118134220,69,TRUE,1
8818469042,137129583,43,TRUE,1
8818469042,157475523,88,TRUE,1
8818469042,165564598,135,FALSE,0
8818469042,172099728,6,FALSE,0
8818469042,196878136,51,FALSE,0
8818469042,317880638,123,FALSE,0
8818469042,320252024,80,TRUE,1
8818469042,480412663,17,FALSE,0
8818592824,111114687,31,FALSE,0
8818592824,118134220,120,FALSE,0
8818592824,137129583,39,FALSE,0
8818592824,157475523,21,FALSE,0
8818592824,165564598,135,TRUE,1
8818592824,172099728,138,TRUE,1
8818592824,196878136,100,TRUE,1
8818592824,317880638,123,TRUE,1
8818592824,320252024,19,FALSE,0
8818592824,480412663,17,TRUE,1
8818701153,111114687,31,TRUE,1
8818701153,118134220,98,TRUE,1
8818701153,137129583,22,TRUE,1
8818701153,157475523,21,TRUE,1
8818701153,165564598,78,FALSE,0
8818701153,172099728,114,FALSE,0
8818701153,196878136,3,FALSE,0
8818701153,317880638,86,FALSE,0
8818701153,320252024,109,TRUE,1
8818701153,480412663,128,FALSE,0
8818801707,16497807,31,TRUE,1
8818801707,77490514,123,TRUE,1
8818801707,94296097,110,FALSE,0
8818801707,97590558,28,TRUE,1
8818801707,101695162,86,FALSE,0
8818801707,129958758,135,FALSE,0
8818801707,152962063,19,TRUE,1
8818801707,173978074,38,FALSE,0
8818801707,201358612,106,TRUE,1
8818801707,898754153,6,FALSE,0
8818882603,16497807,110,FALSE,0
8818882603,77490514,90,FALSE,0
8818882603,94296097,58,TRUE,1
8818882603,97590558,29,FALSE,0
8818882603,101695162,86,TRUE,1
8818882603,129958758,135,TRUE,1
8818882603,152962063,19,FALSE,0
8818882603,173978074,38,TRUE,1
8818882603,201358612,120,FALSE,0
8818882603,898754153,41,TRUE,1
8818947976,16497807,103,FALSE,1
8818947976,77490514,105,FALSE,1
8818947976,94296097,31,TRUE,0
8818947976,97590558,69,FALSE,1
8818947976,101695162,88,TRUE,0
8818947976,129958758,96,TRUE,0
8818947976,152962063,21,FALSE,1
8818947976,173978074,52,TRUE,0
8818947976,201358612,13,FALSE,1
8818947976,898754153,6,TRUE,0
8819659855,10366616,66,TRUE,0
8819659855,25907144,26,TRUE,0
8819659855,73401082,51,FALSE,1
8819659855,100058342,19,TRUE,0
8819659855,106573901,43,FALSE,1
8819659855,164199202,90,FALSE,1
8819659855,183719386,98,TRUE,0
8819659855,195108598,135,FALSE,1
8819659855,898455820,59,TRUE,0
8819659855,1044002267,47,FALSE,1
8819762321,10366616,75,FALSE,1
8819762321,25907144,131,FALSE,1
8819762321,73401082,30,TRUE,0
8819762321,100058342,80,FALSE,1
8819762321,106573901,47,TRUE,0
8819762321,164199202,90,TRUE,0
8819762321,183719386,129,FALSE,1
8819762321,195108598,98,TRUE,0
8819762321,898455820,28,FALSE,1
8819762321,1044002267,19,TRUE,0
8819831686,10366616,31,TRUE,1
8819831686,25907144,123,TRUE,1
8819831686,73401082,30,FALSE,0
8819831686,100058342,48,TRUE,1
8819831686,106573901,35,FALSE,0
8819831686,164199202,86,FALSE,0
8819831686,183719386,69,TRUE,1
8819831686,195108598,98,FALSE,0
8819831686,898455820,114,TRUE,1
8819831686,1044002267,19,FALSE,0
8819933287,106305042,23,FALSE,0
8819933287,124801257,54,TRUE,1
8819933287,126842529,69,TRUE,1
8819933287,218231587,86,FALSE,0
8819933287,256156323,105,TRUE,1
8819933287,301750126,21,TRUE,1
8819933287,302214028,128,FALSE,0
8819933287,320219866,31,TRUE,1
8819933287,321580662,11,FALSE,0
8819933287,847565596,83,FALSE,0
8820011939,106305042,17,TRUE,1
8820011939,124801257,69,FALSE,0
8820011939,126842529,2,FALSE,0
8820011939,218231587,123,TRUE,1
8820011939,256156323,26,FALSE,0
8820011939,301750126,106,FALSE,0
8820011939,302214028,129,TRUE,1
8820011939,320219866,110,FALSE,0
8820011939,321580662,53,TRUE,1
8820011939,847565596,83,TRUE,1
8820090629,106305042,74,TRUE,0
8820090629,124801257,21,FALSE,1
8820090629,126842529,135,FALSE,1
8820090629,218231587,131,TRUE,0
8820090629,256156323,51,FALSE,1
8820090629,301750126,17,FALSE,1
8820090629,302214028,137,TRUE,0
8820090629,320219866,110,FALSE,1
8820090629,321580662,73,TRUE,0
8820090629,847565596,123,TRUE,0
8820614299,86698277,98,FALSE,0
8820614299,93618577,17,FALSE,0
8820614299,94296097,31,TRUE,1
8820614299,101695162,90,TRUE,1
8820614299,129958758,38,TRUE,1
8820614299,136829091,110,FALSE,0
8820614299,173978074,106,TRUE,1
8820614299,331855530,145,FALSE,0
8820614299,346412363,123,FALSE,0
8820614299,898754153,109,TRUE,1
8820696424,86698277,36,TRUE,1
8820696424,93618577,19,TRUE,1
8820696424,94296097,110,FALSE,0
8820696424,101695162,26,FALSE,0
8820696424,129958758,98,FALSE,0
8820696424,136829091,75,TRUE,1
8820696424,173978074,17,FALSE,0
8820696424,331855530,138,TRUE,1
8820696424,346412363,123,TRUE,1
8820696424,898754153,53,FALSE,0
8820791846,86698277,36,FALSE,0
8820791846,93618577,13,FALSE,0
8820791846,94296097,110,TRUE,1
8820791846,101695162,26,TRUE,1
8820791846,129958758,2,TRUE,1
8820791846,136829091,31,FALSE,0
8820791846,173978074,120,TRUE,1
8820791846,331855530,69,FALSE,0
8820791846,346412363,123,FALSE,0
8820791846,898754153,109,TRUE,1
8820939983,157989498,123,TRUE,1
8820939983,165564598,38,FALSE,0
8820939983,172099728,73,FALSE,0
8820939983,196878136,3,FALSE,0
8820939983,252737052,135,TRUE,1
8820939983,317880638,90,FALSE,0
8820939983,352545711,120,TRUE,1
8820939983,363758022,19,TRUE,1
8820939983,480412663,128,FALSE,0
8820939983,1031547092,110,TRUE,1
8821039753,157989498,123,TRUE,0
8821039753,165564598,38,FALSE,1
8821039753,172099728,19,FALSE,1
8821039753,196878136,3,FALSE,1
8821039753,252737052,108,TRUE,0
8821039753,317880638,90,FALSE,1
8821039753,352545711,23,TRUE,0
8821039753,363758022,114,TRUE,0
8821039753,480412663,17,FALSE,1
8821039753,1031547092,58,TRUE,0
8821169334,157989498,21,TRUE,0
8821169334,165564598,108,FALSE,1
8821169334,172099728,114,FALSE,1
8821169334,196878136,111,FALSE,1
8821169334,252737052,77,TRUE,0
8821169334,317880638,86,FALSE,1
8821169334,352545711,17,TRUE,0
8821169334,363758022,36,TRUE,0
8821169334,480412663,59,FALSE,1
8821169334,1031547092,65,TRUE,0
8821255705,86698277,155,FALSE,1
8821255705,93618577,120,FALSE,1
8821255705,124801257,21,TRUE,0
8821255705,126842529,98,TRUE,0
8821255705,136829091,31,FALSE,1
8821255705,256156323,123,TRUE,0
8821255705,301750126,128,TRUE,0
8821255705,320219866,3,TRUE,0
8821255705,331855530,70,FALSE,1
8821255705,346412363,119,FALSE,1
8821342421,86698277,77,TRUE,1
8821342421,93618577,128,TRUE,1
8821342421,124801257,19,FALSE,0
8821342421,126842529,98,FALSE,0
8821342421,136829091,31,TRUE,1
8821342421,256156323,26,FALSE,0
8821342421,301750126,39,FALSE,0
8821342421,320219866,75,FALSE,0
8821342421,331855530,11,TRUE,1
8821342421,346412363,51,TRUE,1
8821954344,10366616,31,FALSE,0
8821954344,25907144,86,FALSE,0
8821954344,100058342,54,FALSE,0
8821954344,157989498,51,TRUE,1
8821954344,183719386,69,FALSE,0
8821954344,252737052,155,TRUE,1
8821954344,352545711,28,TRUE,1
8821954344,363758022,11,TRUE,1
8821954344,898455820,120,FALSE,0
8821954344,1031547092,123,TRUE,1
8822088303,10366616,31,FALSE,0
8822088303,25907144,128,FALSE,0
8822088303,100058342,19,FALSE,0
8822088303,157989498,85,TRUE,1
8822088303,183719386,29,FALSE,0
8822088303,252737052,47,TRUE,1
8822088303,352545711,106,TRUE,1
8822088303,363758022,11,TRUE,1
8822088303,898455820,13,FALSE,0
8822088303,1031547092,155,TRUE,1
8822238357,73401082,31,FALSE,1
8822238357,106305042,128,TRUE,0
8822238357,106573901,74,FALSE,1
8822238357,164199202,26,FALSE,1
8822238357,195108598,135,FALSE,1
8822238357,218231587,100,TRUE,0
8822238357,302214028,69,TRUE,0
8822238357,321580662,41,TRUE,0
8822238357,847565596,123,TRUE,0
8822238357,1044002267,145,FALSE,1
8822330030,73401082,75,TRUE,0
8822330030,106305042,17,FALSE,1
8822330030,106573901,47,TRUE,0
8822330030,164199202,90,TRUE,0
8822330030,195108598,38,TRUE,0
8822330030,218231587,51,FALSE,1
8822330030,302214028,155,FALSE,1
8822330030,321580662,73,FALSE,1
8822330030,847565596,131,FALSE,1
8822330030,1044002267,145,TRUE,0
8822412074,73401082,112,TRUE,0
8822412074,106305042,35,FALSE,1
8822412074,106573901,120,TRUE,0
8822412074,164199202,136,TRUE,0
8822412074,195108598,47,TRUE,0
8822412074,218231587,65,FALSE,1
8822412074,302214028,28,FALSE,1
8822412074,321580662,69,FALSE,1
8822412074,847565596,31,FALSE,1
8822412074,1044002267,145,TRUE,0
8822520406,10366616,31,FALSE,1
8822520406,25907144,19,FALSE,1
8822520406,100058342,21,FALSE,1
8822520406,124801257,80,TRUE,0
8822520406,126842529,28,TRUE,0
8822520406,183719386,98,FALSE,1
8822520406,256156323,3,TRUE,0
8822520406,301750126,114,TRUE,0
8822520406,320219866,110,TRUE,0
8822520406,898455820,120,FALSE,1
8822593932,10366616,31,TRUE,1
8822593932,25907144,51,TRUE,1
8822593932,100058342,54,TRUE,1
8822593932,124801257,70,FALSE,0
8822593932,126842529,2,FALSE,0
8822593932,183719386,29,TRUE,1
8822593932,256156323,3,FALSE,0
8822593932,301750126,128,FALSE,0
8822593932,320219866,110,FALSE,0
8822593932,898455820,43,TRUE,1
8823502263,106305042,126,FALSE,1
8823502263,124801257,41,TRUE,0
8823502263,126842529,69,TRUE,0
8823502263,218231587,105,FALSE,1
8823502263,256156323,26,TRUE,0
8823502263,301750126,39,TRUE,0
8823502263,302214028,137,FALSE,1
8823502263,320219866,37,TRUE,0
8823502263,321580662,73,FALSE,1
8823502263,847565596,110,FALSE,1
8823581121,106305042,74,TRUE,1
8823581121,124801257,89,FALSE,0
8823581121,126842529,98,FALSE,0
8823581121,218231587,136,TRUE,1
8823581121,256156323,26,FALSE,0
8823581121,301750126,126,FALSE,0
8823581121,302214028,104,TRUE,1
8823581121,320219866,58,FALSE,0
8823581121,321580662,41,TRUE,1
8823581121,847565596,86,TRUE,1
8823789680,73401082,30,TRUE,0
8823789680,106573901,120,TRUE,0
8823789680,124801257,19,FALSE,1
8823789680,126842529,98,FALSE,1
8823789680,164199202,26,TRUE,0
8823789680,195108598,28,TRUE,0
8823789680,256156323,3,FALSE,1
8823789680,301750126,13,FALSE,1
8823789680,320219866,110,FALSE,1
8823789680,1044002267,11,TRUE,0
8823904596,73401082,75,TRUE,1
8823904596,106573901,106,TRUE,1
8823904596,124801257,19,FALSE,0
8823904596,126842529,98,FALSE,0
8823904596,164199202,26,TRUE,1
8823904596,195108598,28,TRUE,1
8823904596,256156323,3,FALSE,0
8823904596,301750126,39,FALSE,0
8823904596,320219866,110,FALSE,0
8823904596,1044002267,11,TRUE,1
8824011004,73401082,30,TRUE,0
8824011004,106573901,120,TRUE,0
8824011004,124801257,19,FALSE,1
8824011004,126842529,155,FALSE,1
8824011004,164199202,91,TRUE,0
8824011004,195108598,135,TRUE,0
8824011004,256156323,3,FALSE,1
8824011004,301750126,13,FALSE,1
8824011004,320219866,110,FALSE,1
8824011004,1044002267,138,TRUE,0
8824123966,73401082,66,TRUE,1
8824123966,106573901,126,TRUE,1
8824123966,124801257,73,FALSE,0
8824123966,126842529,155,FALSE,0
8824123966,164199202,26,TRUE,1
8824123966,195108598,2,TRUE,1
8824123966,256156323,123,FALSE,0
8824123966,301750126,13,FALSE,0
8824123966,320219866,58,FALSE,0
8824123966,1044002267,41,TRUE,1
8824218541,73401082,3,TRUE,0
8824218541,106573901,120,TRUE,0
8824218541,124801257,36,FALSE,1
8824218541,126842529,135,FALSE,1
8824218541,164199202,91,TRUE,0
8824218541,195108598,2,TRUE,0
8824218541,256156323,123,FALSE,1
8824218541,301750126,13,FALSE,1
8824218541,320219866,110,FALSE,1
8824218541,1044002267,72,TRUE,0
8825993964,10366616,31,TRUE,1
8825993964,25907144,155,TRUE,1
8825993964,100058342,19,TRUE,1
8825993964,147767183,78,FALSE,0
8825993964,152859296,86,FALSE,0
8825993964,183719386,129,TRUE,1
8825993964,202217968,74,FALSE,0
8825993964,343084576,83,FALSE,0
8825993964,392565237,21,FALSE,0
8825993964,898455820,128,TRUE,1
8825996999,73401082,111,TRUE,0
8825996999,100594231,58,FALSE,1
8825996999,106573901,120,TRUE,0
8825996999,155494381,51,FALSE,1
8825996999,164199202,86,TRUE,0
8825996999,195108598,38,TRUE,0
8825996999,324277900,128,FALSE,1
8825996999,355168766,21,FALSE,1
8825996999,431770905,110,FALSE,1
8825996999,1044002267,109,TRUE,0
8826042346,81306398,3,FALSE,0
8826042346,105045291,123,FALSE,0
8826042346,165564598,77,TRUE,1
8826042346,172099728,36,TRUE,1
8826042346,177203952,89,FALSE,0
8826042346,196878136,100,TRUE,1
8826042346,292921272,128,FALSE,0
8826042346,317880638,21,TRUE,1
8826042346,480412663,90,TRUE,1
8826042346,1026694469,23,FALSE,0
8826052816,16497807,30,FALSE,0
8826052816,77490514,90,FALSE,0
8826052816,94296097,58,TRUE,1
8826052816,97590558,60,FALSE,0
8826052816,101695162,26,TRUE,1
8826052816,129958758,108,TRUE,1
8826052816,152962063,19,FALSE,0
8826052816,173978074,128,TRUE,1
8826052816,201358612,17,FALSE,0
8826052816,898754153,41,TRUE,1
8826099852,86698277,29,FALSE,1
8826099852,93618577,17,FALSE,1
8826099852,124801257,19,TRUE,0
8826099852,126842529,2,TRUE,0
8826099852,136829091,3,FALSE,1
8826099852,256156323,86,TRUE,0
8826099852,301750126,128,TRUE,0
8826099852,320219866,40,TRUE,0
8826099852,331855530,11,FALSE,1
8826099852,346412363,51,FALSE,1
8826110206,56351509,33,TRUE,0
8826110206,93817671,83,TRUE,0
8826110206,103735745,123,TRUE,0
8826110206,106305042,13,FALSE,1
8826110206,171262902,11,TRUE,0
8826110206,218231587,21,FALSE,1
8826110206,302214028,2,FALSE,1
8826110206,312436974,60,TRUE,0
8826110206,321580662,80,FALSE,1
8826110206,847565596,110,FALSE,1
8826168772,10366616,66,TRUE,0
8826168772,25907144,26,TRUE,0
8826168772,100058342,36,TRUE,0
8826168772,100594231,3,FALSE,1
8826168772,155494381,90,FALSE,1
8826168772,183719386,120,TRUE,0
8826168772,324277900,114,FALSE,1
8826168772,355168766,138,FALSE,1
8826168772,431770905,98,FALSE,1
8826168772,898455820,35,TRUE,0
8826189006,81306398,83,TRUE,0
8826189006,105045291,26,TRUE,0
8826189006,147767183,99,FALSE,1
8826189006,152859296,86,FALSE,1
8826189006,177203952,36,TRUE,0
8826189006,202217968,17,FALSE,1
8826189006,292921272,128,TRUE,0
8826189006,343084576,110,FALSE,1
8826189006,392565237,109,FALSE,1
8826189006,1026694469,145,TRUE,0
8826258112,73401082,83,TRUE,0
8826258112,94296097,103,FALSE,1
8826258112,101695162,90,FALSE,1
8826258112,106573901,47,TRUE,0
8826258112,129958758,129,FALSE,1
8826258112,164199202,91,TRUE,0
8826258112,173978074,128,FALSE,1
8826258112,195108598,28,TRUE,0
8826258112,898754153,138,FALSE,1
8826258112,1044002267,8,TRUE,0
8826268112,124801257,19,TRUE,1
8826268112,126842529,96,TRUE,1
8826268112,165564598,155,FALSE,0
8826268112,172099728,21,FALSE,0
8826268112,196878136,51,FALSE,0
8826268112,256156323,123,TRUE,1
8826268112,301750126,17,TRUE,1
8826268112,317880638,90,FALSE,0
8826268112,320219866,110,TRUE,1
8826268112,480412663,106,FALSE,0
8826341985,86698277,98,FALSE,1
8826341985,93618577,22,FALSE,1
8826341985,106305042,107,TRUE,0
8826341985,136829091,31,FALSE,1
8826341985,218231587,123,TRUE,0
8826341985,302214028,69,TRUE,0
8826341985,321580662,11,TRUE,0
8826341985,331855530,6,FALSE,1
8826341985,346412363,100,FALSE,1
8826341985,847565596,3,TRUE,0
8826347921,16497807,31,FALSE,1
8826347921,56351509,38,TRUE,0
8826347921,77490514,105,FALSE,1
8826347921,93817671,3,TRUE,0
8826347921,97590558,69,FALSE,1
8826347921,103735745,90,TRUE,0
8826347921,152962063,21,FALSE,1
8826347921,171262902,11,TRUE,0
8826347921,201358612,13,FALSE,1
8826347921,312436974,106,TRUE,0
8826437838,94296097,3,TRUE,0
8826437838,100594231,58,FALSE,1
8826437838,101695162,90,TRUE,0
8826437838,129958758,38,TRUE,0
8826437838,155494381,123,FALSE,1
8826437838,173978074,128,TRUE,0
8826437838,324277900,120,FALSE,1
8826437838,355168766,48,FALSE,1
8826437838,431770905,135,FALSE,1
8826437838,898754153,19,TRUE,0
8826468180,10366616,66,FALSE,0
8826468180,25907144,26,FALSE,0
8826468180,81306398,3,TRUE,1
8826468180,100058342,19,FALSE,0
8826468180,105045291,123,TRUE,1
8826468180,177203952,60,TRUE,1
8826468180,183719386,69,FALSE,0
8826468180,292921272,2,TRUE,1
8826468180,898455820,126,FALSE,0
8826468180,1026694469,22,TRUE,1
8826537048,124801257,19,TRUE,1
8826537048,126842529,29,TRUE,1
8826537048,147767183,57,FALSE,0
8826537048,152859296,51,FALSE,0
8826537048,202217968,17,FALSE,0
8826537048,256156323,26,TRUE,1
8826537048,301750126,128,TRUE,1
8826537048,320219866,79,TRUE,1
8826537048,343084576,112,FALSE,0
8826537048,392565237,11,FALSE,0
8826591758,56351509,110,FALSE,0
8826591758,73401082,51,TRUE,1
8826591758,93817671,31,FALSE,0
8826591758,103735745,86,FALSE,0
8826591758,106573901,17,TRUE,1
8826591758,164199202,90,TRUE,1
8826591758,171262902,80,FALSE,0
8826591758,195108598,98,TRUE,1
8826591758,312436974,28,FALSE,0
8826591758,1044002267,36,TRUE,1
8826631538,16497807,83,FALSE,1
8826631538,77490514,123,FALSE,1
8826631538,86698277,155,TRUE,0
8826631538,93618577,106,TRUE,0
8826631538,97590558,96,FALSE,1
8826631538,136829091,3,TRUE,0
8826631538,152962063,6,FALSE,1
8826631538,201358612,99,FALSE,1
8826631538,331855530,69,TRUE,0
8826631538,346412363,90,TRUE,0
8826691962,106305042,39,TRUE,1
8826691962,165564598,77,FALSE,0
8826691962,172099728,54,FALSE,0
8826691962,196878136,3,FALSE,0
8826691962,218231587,131,TRUE,1
8826691962,302214028,155,TRUE,1
8826691962,317880638,90,FALSE,0
8826691962,321580662,109,TRUE,1
8826691962,480412663,128,FALSE,0
8826691962,847565596,123,TRUE,1
8827282767,10366616,58,FALSE,0
8827282767,25907144,26,FALSE,0
8827282767,94296097,51,TRUE,1
8827282767,100058342,73,FALSE,0
8827282767,101695162,123,TRUE,1
8827282767,129958758,60,TRUE,1
8827282767,173978074,16,TRUE,1
8827282767,183719386,120,FALSE,0
8827282767,898455820,137,FALSE,0
8827282767,898754153,145,TRUE,1
8827289834,81306398,51,TRUE,0
8827289834,105045291,21,TRUE,0
8827289834,124801257,73,FALSE,1
8827289834,126842529,98,FALSE,1
8827289834,177203952,11,TRUE,0
8827289834,256156323,123,FALSE,1
8827289834,292921272,65,TRUE,0
8827289834,301750126,17,FALSE,1
8827289834,320219866,40,FALSE,1
8827289834,1026694469,38,TRUE,0
8827339763,106305042,128,TRUE,0
8827339763,147767183,65,FALSE,1
8827339763,152859296,86,FALSE,1
8827339763,202217968,17,FALSE,1
8827339763,218231587,26,TRUE,0
8827339763,302214028,129,TRUE,0
8827339763,321580662,6,TRUE,0
8827339763,343084576,83,FALSE,1
8827339763,392565237,11,FALSE,1
8827339763,847565596,100,TRUE,0
8827351366,56351509,120,FALSE,0
8827351366,93817671,105,FALSE,0
8827351366,100594231,31,TRUE,1
8827351366,103735745,86,FALSE,0
8827351366,155494381,100,TRUE,1
8827351366,171262902,145,FALSE,0
8827351366,312436974,60,FALSE,0
8827351366,324277900,13,TRUE,1
8827351366,355168766,19,TRUE,1
8827351366,431770905,69,TRUE,1
8827394170,73401082,105,TRUE,0
8827394170,86698277,77,FALSE,1
8827394170,93618577,128,FALSE,1
8827394170,106573901,47,TRUE,0
8827394170,136829091,100,FALSE,1
8827394170,164199202,136,TRUE,0
8827394170,195108598,120,TRUE,0
8827394170,331855530,21,FALSE,1
8827394170,346412363,90,FALSE,1
8827394170,1044002267,41,TRUE,0
8827398120,16497807,75,TRUE,0
8827398120,77490514,91,TRUE,0
8827398120,97590558,60,TRUE,0
8827398120,152962063,19,TRUE,0
8827398120,165564598,77,FALSE,1
8827398120,172099728,73,FALSE,1
8827398120,196878136,111,FALSE,1
8827398120,201358612,17,TRUE,0
8827398120,317880638,26,FALSE,1
8827398120,480412663,128,FALSE,1
8827464470,10366616,58,TRUE,0
8827464470,25907144,51,TRUE,0
8827464470,100058342,20,TRUE,0
8827464470,124801257,21,FALSE,1
8827464470,126842529,69,FALSE,1
8827464470,183719386,15,TRUE,0
8827464470,256156323,123,FALSE,1
8827464470,301750126,126,FALSE,1
8827464470,320219866,3,FALSE,1
8827464470,898455820,7,TRUE,0
8827492535,56351509,28,FALSE,0
8827492535,93817671,31,FALSE,0
8827492535,94296097,110,TRUE,1
8827492535,101695162,26,TRUE,1
8827492535,103735745,123,FALSE,0
8827492535,129958758,97,TRUE,1
8827492535,171262902,21,FALSE,0
8827492535,173978074,34,TRUE,1
8827492535,312436974,74,FALSE,0
8827492535,898754153,145,TRUE,1
8827534616,81306398,83,FALSE,0
8827534616,105045291,21,FALSE,0
8827534616,106305042,38,TRUE,1
8827534616,177203952,20,FALSE,0
8827534616,218231587,123,TRUE,1
8827534616,292921272,65,FALSE,0
8827534616,302214028,69,TRUE,1
8827534616,321580662,8,TRUE,1
8827534616,847565596,105,TRUE,1
8827534616,1026694469,145,FALSE,0
8827591403,86698277,98,FALSE,1
8827591403,93618577,106,FALSE,1
8827591403,100594231,75,TRUE,0
8827591403,136829091,3,FALSE,1
8827591403,155494381,90,TRUE,0
8827591403,324277900,17,TRUE,0
8827591403,331855530,44,FALSE,1
8827591403,346412363,123,FALSE,1
8827591403,355168766,36,TRUE,0
8827591403,431770905,38,TRUE,0
8827613435,73401082,30,FALSE,0
8827613435,106573901,120,FALSE,0
8827613435,164199202,86,FALSE,0
8827613435,165564598,29,TRUE,1
8827613435,172099728,11,TRUE,1
8827613435,195108598,135,FALSE,0
8827613435,196878136,83,TRUE,1
8827613435,317880638,123,TRUE,1
8827613435,480412663,106,TRUE,1
8827613435,1044002267,145,FALSE,0
8827680462,16497807,30,TRUE,0
8827680462,77490514,90,TRUE,0
8827680462,97590558,2,TRUE,0
8827680462,147767183,38,FALSE,1
8827680462,152859296,88,FALSE,1
8827680462,152962063,99,TRUE,0
8827680462,201358612,106,TRUE,0
8827680462,202217968,17,FALSE,1
8827680462,343084576,58,FALSE,1
8827680462,392565237,41,FALSE,1
8827769920,106305042,59,FALSE,1
8827769920,124801257,19,TRUE,0
8827769920,126842529,155,TRUE,0
8827769920,218231587,123,FALSE,1
8827769920,256156323,26,TRUE,0
8827769920,301750126,39,TRUE,0
8827769920,302214028,57,FALSE,1
8827769920,320219866,68,TRUE,0
8827769920,321580662,145,FALSE,1
8827769920,847565596,83,FALSE,1
8827784459,10366616,110,FALSE,0
8827784459,25907144,51,FALSE,0
8827784459,56351509,120,TRUE,1
8827784459,93817671,31,TRUE,1
8827784459,100058342,19,FALSE,0
8827784459,103735745,21,TRUE,1
8827784459,171262902,145,TRUE,1
8827784459,183719386,104,FALSE,0
8827784459,312436974,22,TRUE,1
8827784459,898455820,128,FALSE,0
8827875225,16497807,79,FALSE,0
8827875225,77490514,123,FALSE,0
8827875225,81306398,83,TRUE,1
8827875225,97590558,2,FALSE,0
8827875225,105045291,21,TRUE,1
8827875225,152962063,11,FALSE,0
8827875225,177203952,36,TRUE,1
8827875225,201358612,74,FALSE,0
8827875225,292921272,65,TRUE,1
8827875225,1026694469,155,TRUE,1
8827888041,86698277,38,FALSE,0
8827888041,93618577,106,FALSE,0
8827888041,94296097,3,TRUE,1
8827888041,101695162,86,TRUE,1
8827888041,129958758,29,TRUE,1
8827888041,136829091,31,FALSE,0
8827888041,173978074,17,TRUE,1
8827888041,331855530,69,FALSE,0
8827888041,346412363,90,FALSE,0
8827888041,898754153,53,TRUE,1
8828557643,100594231,105,TRUE,1
8828557643,155494381,123,TRUE,1
8828557643,165564598,2,FALSE,0
8828557643,172099728,109,FALSE,0
8828557643,196878136,112,FALSE,0
8828557643,317880638,26,FALSE,0
8828557643,324277900,23,TRUE,1
8828557643,355168766,145,TRUE,1
8828557643,431770905,60,TRUE,1
8828557643,480412663,13,FALSE,0
8828562631,73401082,3,TRUE,0
8828562631,106573901,7,TRUE,0
8828562631,147767183,77,FALSE,1
8828562631,152859296,21,FALSE,1
8828562631,164199202,86,TRUE,0
8828562631,195108598,2,TRUE,0
8828562631,202217968,28,FALSE,1
8828562631,343084576,83,FALSE,1
8828562631,392565237,145,FALSE,1
8828562631,1044002267,11,TRUE,0
8828602222,10366616,110,TRUE,0
8828602222,25907144,51,TRUE,0
8828602222,100058342,73,TRUE,0
8828602222,106305042,120,FALSE,1
8828602222,183719386,15,TRUE,0
8828602222,218231587,123,FALSE,1
8828602222,302214028,43,FALSE,1
8828602222,321580662,21,FALSE,1
8828602222,847565596,100,FALSE,1
8828602222,898455820,137,TRUE,0
8828608241,56351509,85,TRUE,0
8828608241,86698277,155,FALSE,1
8828608241,93618577,19,FALSE,1
8828608241,93817671,31,TRUE,0
8828608241,103735745,90,TRUE,0
8828608241,136829091,110,FALSE,1
8828608241,171262902,11,TRUE,0
8828608241,312436974,17,TRUE,0
8828608241,331855530,21,FALSE,1
8828608241,346412363,26,FALSE,1
8828662524,16497807,86,FALSE,1
8828662524,77490514,123,FALSE,1
8828662524,97590558,108,FALSE,1
8828662524,124801257,19,TRUE,0
8828662524,126842529,135,TRUE,0
8828662524,152962063,49,FALSE,1
8828662524,201358612,106,FALSE,1
8828662524,256156323,26,TRUE,0
8828662524,301750126,13,TRUE,0
8828662524,320219866,37,TRUE,0
8828679235,94296097,3,FALSE,1
8828679235,101695162,26,FALSE,1
8828679235,129958758,98,FALSE,1
8828679235,165564598,28,TRUE,0
8828679235,172099728,145,TRUE,0
8828679235,173978074,126,FALSE,1
8828679235,196878136,112,TRUE,0
8828679235,317880638,86,TRUE,0
8828679235,480412663,13,TRUE,0
8828679235,898754153,73,FALSE,1
8828731237,73401082,51,TRUE,1
8828731237,81306398,3,FALSE,0
8828731237,105045291,123,FALSE,0
8828731237,106573901,114,TRUE,1
8828731237,164199202,90,TRUE,1
8828731237,177203952,36,FALSE,0
8828731237,195108598,2,TRUE,1
8828731237,292921272,33,FALSE,0
8828731237,1026694469,145,FALSE,0
8828731237,1044002267,138,TRUE,1
8828733774,100594231,3,FALSE,0
8828733774,147767183,55,TRUE,1
8828733774,152859296,123,TRUE,1
8828733774,155494381,26,FALSE,0
8828733774,202217968,145,TRUE,1
8828733774,324277900,128,FALSE,0
8828733774,343084576,37,TRUE,1
8828733774,355168766,109,FALSE,0
8828733774,392565237,114,TRUE,1
8828733774,431770905,2,FALSE,0
8828810013,94296097,31,TRUE,0
8828810013,101695162,105,TRUE,0
8828810013,106305042,120,FALSE,1
8828810013,129958758,38,TRUE,0
8828810013,173978074,114,TRUE,0
8828810013,218231587,86,FALSE,1
8828810013,302214028,28,FALSE,1
8828810013,321580662,19,FALSE,1
8828810013,847565596,121,FALSE,1
8828810013,898754153,145,TRUE,0
8828847743,56351509,33,TRUE,1
8828847743,93817671,128,TRUE,1
8828847743,103735745,88,TRUE,1
8828847743,124801257,72,FALSE,0
8828847743,126842529,2,FALSE,0
8828847743,171262902,48,TRUE,1
8828847743,256156323,51,FALSE,0
8828847743,301750126,13,FALSE,0
8828847743,312436974,60,TRUE,1
8828847743,320219866,110,FALSE,0
8828912690,10366616,66,FALSE,0
8828912690,25907144,123,FALSE,0
8828912690,86698277,96,TRUE,1
8828912690,93618577,17,TRUE,1
8828912690,100058342,19,FALSE,0
8828912690,136829091,83,TRUE,1
8828912690,183719386,69,FALSE,0
8828912690,331855530,11,TRUE,1
8828912690,346412363,26,TRUE,1
8828912690,898455820,47,FALSE,0
8828964848,81306398,83,TRUE,1
8828964848,100594231,3,FALSE,0
8828964848,105045291,26,TRUE,1
8828964848,155494381,71,FALSE,0
8828964848,177203952,11,TRUE,1
8828964848,292921272,2,TRUE,1
8828964848,324277900,39,FALSE,0
8828964848,355168766,102,FALSE,0
8828964848,431770905,98,FALSE,0
8828964848,1026694469,145,TRUE,1
8828993295,56351509,110,TRUE,1
8828993295,93817671,66,TRUE,1
8828993295,103735745,123,TRUE,1
8828993295,165564598,98,FALSE,0
8828993295,171262902,19,TRUE,1
8828993295,172099728,21,FALSE,0
8828993295,196878136,3,FALSE,0
8828993295,312436974,120,TRUE,1
8828993295,317880638,9,FALSE,0
8828993295,480412663,38,FALSE,0
8829074990,73401082,3,TRUE,0
8829074990,106573901,126,TRUE,0
8829074990,124801257,19,FALSE,1
8829074990,126842529,135,FALSE,1
8829074990,164199202,53,TRUE,0
8829074990,195108598,2,TRUE,0
8829074990,256156323,51,FALSE,1
8829074990,301750126,39,FALSE,1
8829074990,320219866,40,FALSE,1
8829074990,1044002267,11,TRUE,0
8829095250,16497807,57,FALSE,1
8829095250,77490514,105,FALSE,1
8829095250,97590558,2,FALSE,1
8829095250,106305042,137,TRUE,0
8829095250,152962063,11,FALSE,1
8829095250,201358612,13,FALSE,1
8829095250,218231587,21,TRUE,0
8829095250,302214028,65,TRUE,0
8829095250,321580662,6,TRUE,0
8829095250,847565596,100,TRUE,0
8829158433,94296097,31,FALSE,0
8829158433,101695162,86,FALSE,0
8829158433,129958758,69,FALSE,0
8829158433,147767183,155,TRUE,1
8829158433,152859296,26,TRUE,1
8829158433,173978074,120,FALSE,0
8829158433,202217968,13,TRUE,1
8829158433,343084576,112,TRUE,1
8829158433,392565237,109,TRUE,1
8829158433,898754153,138,FALSE,0
8829715727,94281932,128,FALSE,1
8829715727,104512126,43,TRUE,0
8829715727,112531417,58,TRUE,0
8829715727,132309493,60,TRUE,0
8829715727,156029808,88,TRUE,0
8829715727,184950344,3,FALSE,1
8829715727,212560917,28,FALSE,1
8829715727,219755398,131,FALSE,1
8829715727,353424606,109,TRUE,0
8829715727,389022189,145,FALSE,1
8829759476,104512126,22,TRUE,0
8829759476,112531417,31,TRUE,0
8829759476,132309493,69,TRUE,0
8829759476,156029808,88,TRUE,0
8829759476,167488455,11,FALSE,1
8829759476,176372519,83,FALSE,1
8829759476,282359850,128,FALSE,1
8829759476,285770518,78,FALSE,1
8829759476,353424606,63,TRUE,0
8829759476,376421854,105,FALSE,1
8829839456,86698277,36,TRUE,1
8829839456,93618577,13,TRUE,1
8829839456,136829091,31,TRUE,1
8829839456,165564598,155,FALSE,0
8829839456,172099728,19,FALSE,0
8829839456,196878136,112,FALSE,0
8829839456,317880638,90,FALSE,0
8829839456,331855530,145,TRUE,1
8829839456,346412363,119,TRUE,1
8829839456,480412663,106,FALSE,0
8829839467,10366616,31,TRUE,1
8829839467,16497807,51,FALSE,0
8829839467,25907144,26,TRUE,1
8829839467,77490514,91,FALSE,0
8829839467,97590558,135,FALSE,0
8829839467,100058342,19,TRUE,1
8829839467,152962063,6,FALSE,0
8829839467,183719386,120,TRUE,1
8829839467,201358612,28,FALSE,0
8829839467,898455820,114,TRUE,1
8829882210,73401082,83,TRUE,1
8829882210,106305042,137,FALSE,0
8829882210,106573901,17,TRUE,1
8829882210,164199202,101,TRUE,1
8829882210,195108598,2,TRUE,1
8829882210,218231587,26,FALSE,0
8829882210,302214028,65,FALSE,0
8829882210,321580662,6,FALSE,0
8829882210,847565596,51,FALSE,0
8829882210,1044002267,11,TRUE,1
8829902323,56351509,77,TRUE,0
8829902323,93817671,51,TRUE,0
8829902323,103735745,90,TRUE,0
8829902323,147767183,38,FALSE,1
8829902323,152859296,86,FALSE,1
8829902323,171262902,56,TRUE,0
8829902323,202217968,23,FALSE,1
8829902323,312436974,128,TRUE,0
8829902323,343084576,40,FALSE,1
8829902323,392565237,21,FALSE,1
8829947329,100594231,83,FALSE,1
8829947329,124801257,12,TRUE,0
8829947329,126842529,2,TRUE,0
8829947329,155494381,26,FALSE,1
8829947329,256156323,51,TRUE,0
8829947329,301750126,17,TRUE,0
8829947329,320219866,110,TRUE,0
8829947329,324277900,120,FALSE,1
8829947329,355168766,6,FALSE,1
8829947329,431770905,69,FALSE,1
8829947467,81306398,3,TRUE,0
8829947467,94296097,31,FALSE,1
8829947467,101695162,123,FALSE,1
8829947467,105045291,105,TRUE,0
8829947467,129958758,2,FALSE,1
8829947467,173978074,35,FALSE,1
8829947467,177203952,19,TRUE,0
8829947467,292921272,98,TRUE,0
8829947467,898754153,80,FALSE,1
8829947467,1026694469,59,TRUE,0
8830011623,10366616,66,TRUE,1
8830011623,25907144,26,TRUE,1
8830011623,100058342,21,TRUE,1
8830011623,165564598,96,FALSE,0
8830011623,172099728,145,FALSE,0
8830011623,183719386,47,TRUE,1
8830011623,196878136,3,FALSE,0
8830011623,317880638,9,FALSE,0
8830011623,480412663,13,FALSE,0
8830011623,898455820,120,TRUE,1
8830022703,16497807,83,FALSE,1
8830022703,73401082,31,TRUE,0
8830022703,77490514,91,FALSE,1
8830022703,97590558,69,FALSE,1
8830022703,106573901,47,TRUE,0
8830022703,152962063,6,FALSE,1
8830022703,164199202,90,TRUE,0
8830022703,195108598,38,TRUE,0
8830022703,201358612,17,FALSE,1
8830022703,1044002267,145,TRUE,0
8830092075,100594231,112,FALSE,1
8830092075,106305042,120,TRUE,0
8830092075,155494381,119,FALSE,1
8830092075,218231587,26,TRUE,0
8830092075,302214028,69,TRUE,0
8830092075,321580662,36,TRUE,0
8830092075,324277900,13,FALSE,1
8830092075,355168766,20,FALSE,1
8830092075,431770905,2,FALSE,1
8830092075,847565596,100,TRUE,0
8830097448,86698277,69,FALSE,0
8830097448,93618577,13,FALSE,0
8830097448,136829091,105,FALSE,0
8830097448,147767183,128,TRUE,1
8830097448,152859296,86,TRUE,1
8830097448,202217968,106,TRUE,1
8830097448,331855530,46,FALSE,0
8830097448,343084576,100,TRUE,1
8830097448,346412363,26,FALSE,0
8830097448,392565237,11,TRUE,1
8830175194,94296097,110,TRUE,1
8830175194,101695162,90,TRUE,1
8830175194,124801257,53,FALSE,0
8830175194,126842529,2,FALSE,0
8830175194,129958758,135,TRUE,1
8830175194,173978074,17,TRUE,1
8830175194,256156323,51,FALSE,0
8830175194,301750126,106,FALSE,0
8830175194,320219866,123,FALSE,0
8830175194,898754153,19,TRUE,1
8830206341,56351509,38,FALSE,1
8830206341,81306398,2,TRUE,0
8830206341,93817671,112,FALSE,1
8830206341,103735745,90,FALSE,1
8830206341,105045291,21,TRUE,0
8830206341,171262902,11,FALSE,1
8830206341,177203952,72,TRUE,0
8830206341,292921272,128,TRUE,0
8830206341,312436974,47,FALSE,1
8830206341,1026694469,53,TRUE,0
8830280454,10366616,110,FALSE,1
8830280454,25907144,51,FALSE,1
8830280454,73401082,30,TRUE,0
8830280454,100058342,20,FALSE,1
8830280454,106573901,17,TRUE,0
8830280454,164199202,101,TRUE,0
8830280454,183719386,129,FALSE,1
8830280454,195108598,2,TRUE,0
8830280454,898455820,128,FALSE,1
8830280454,1044002267,11,TRUE,0
8830423116,147767183,57,FALSE,1
8830423116,152859296,105,FALSE,1
8830423116,165564598,155,TRUE,0
8830423116,172099728,114,TRUE,0
8830423116,196878136,112,TRUE,0
8830423116,202217968,17,FALSE,1
8830423116,317880638,26,TRUE,0
8830423116,343084576,110,FALSE,1
8830423116,392565237,21,FALSE,1
8830423116,480412663,39,TRUE,0
8830442388,81306398,83,TRUE,0
8830442388,86698277,29,FALSE,1
8830442388,93618577,120,FALSE,1
8830442388,105045291,123,TRUE,0
8830442388,136829091,26,FALSE,1
8830442388,177203952,6,TRUE,0
8830442388,292921272,155,TRUE,0
8830442388,331855530,11,FALSE,1
8830442388,346412363,90,FALSE,1
8830442388,1026694469,13,TRUE,0
8830529631,16497807,3,TRUE,0
8830529631,77490514,123,TRUE,0
8830529631,97590558,28,TRUE,0
8830529631,100594231,66,FALSE,1
8830529631,152962063,6,TRUE,0
8830529631,155494381,26,FALSE,1
8830529631,201358612,36,TRUE,0
8830529631,324277900,120,FALSE,1
8830529631,355168766,12,FALSE,1
8830529631,431770905,98,FALSE,1
8831051050,104512126,17,TRUE,1
8831051050,110759067,128,FALSE,0
8831051050,112531417,58,TRUE,1
8831051050,132309493,155,TRUE,1
8831051050,146711951,55,FALSE,0
8831051050,156029808,90,TRUE,1
8831051050,193815691,100,FALSE,0
8831051050,218367241,106,FALSE,0
8831051050,353424606,41,TRUE,1
8831051050,375507918,19,FALSE,0
8831100132,104512126,43,FALSE,1
8831100132,110759067,83,TRUE,0
8831100132,112531417,31,FALSE,1
8831100132,132309493,135,FALSE,1
8831100132,146711951,128,TRUE,0
8831100132,156029808,26,FALSE,1
8831100132,193815691,71,TRUE,0
8831100132,218367241,53,TRUE,0
8831100132,353424606,12,FALSE,1
8831100132,375507918,6,TRUE,0
8831470213,100594231,83,FALSE,1
8831470213,106305042,39,TRUE,0
8831470213,155494381,86,FALSE,1
8831470213,218231587,51,TRUE,0
8831470213,302214028,155,TRUE,0
8831470213,321580662,19,TRUE,0
8831470213,324277900,17,FALSE,1
8831470213,355168766,21,FALSE,1
8831470213,431770905,69,FALSE,1
8831470213,847565596,123,TRUE,0
8831470350,86698277,155,FALSE,0
8831470350,93618577,106,FALSE,0
8831470350,124801257,21,TRUE,1
8831470350,126842529,98,TRUE,1
8831470350,136829091,31,FALSE,0
8831470350,256156323,88,TRUE,1
8831470350,301750126,120,TRUE,1
8831470350,320219866,123,TRUE,1
8831470350,331855530,70,FALSE,0
8831470350,346412363,90,FALSE,0
8831571549,86698277,38,FALSE,1
8831571549,93618577,17,FALSE,1
8831571549,124801257,73,TRUE,0
8831571549,126842529,135,TRUE,0
8831571549,136829091,110,FALSE,1
8831571549,256156323,51,TRUE,0
8831571549,301750126,39,TRUE,0
8831571549,320219866,26,TRUE,0
8831571549,331855530,49,FALSE,1
8831571549,346412363,123,FALSE,1
8831571711,100594231,3,TRUE,1
8831571711,106305042,106,FALSE,0
8831571711,155494381,100,TRUE,1
8831571711,218231587,131,FALSE,0
8831571711,302214028,29,FALSE,0
8831571711,321580662,6,FALSE,0
8831571711,324277900,98,TRUE,1
8831571711,355168766,145,TRUE,1
8831571711,431770905,77,TRUE,1
8831571711,847565596,83,FALSE,0
8831663527,56351509,108,FALSE,0
8831663527,93817671,51,FALSE,0
8831663527,103735745,86,FALSE,0
8831663527,106305042,106,TRUE,1
8831663527,171262902,46,FALSE,0
8831663527,218231587,26,TRUE,1
8831663527,302214028,155,TRUE,1
8831663527,312436974,74,FALSE,0
8831663527,321580662,11,TRUE,1
8831663527,847565596,100,TRUE,1
8831674830,86698277,78,FALSE,1
8831674830,93618577,114,FALSE,1
8831674830,124801257,11,TRUE,0
8831674830,126842529,2,TRUE,0
8831674830,136829091,110,FALSE,1
8831674830,256156323,51,TRUE,0
8831674830,301750126,21,TRUE,0
8831674830,320219866,123,TRUE,0
8831674830,331855530,36,FALSE,1
8831674830,346412363,26,FALSE,1
8831810450,56351509,2,TRUE,0
8831810450,93817671,3,TRUE,0
8831810450,103735745,86,TRUE,0
8831810450,106305042,47,FALSE,1
8831810450,171262902,80,TRUE,0
8831810450,218231587,105,FALSE,1
8831810450,302214028,120,FALSE,1
8831810450,312436974,53,TRUE,0
8831810450,321580662,73,FALSE,1
8831810450,847565596,123,FALSE,1
8831817474,16497807,75,TRUE,1
8831817474,77490514,26,TRUE,1
8831817474,97590558,135,TRUE,1
8831817474,124801257,21,FALSE,0
8831817474,126842529,2,FALSE,0
8831817474,152962063,54,TRUE,1
8831817474,201358612,120,TRUE,1
8831817474,256156323,123,FALSE,0
8831817474,301750126,13,FALSE,0
8831817474,320219866,110,FALSE,0
8831927547,16497807,83,FALSE,1
8831927547,77490514,105,FALSE,1
8831927547,97590558,28,FALSE,1
8831927547,124801257,12,TRUE,0
8831927547,126842529,2,TRUE,0
8831927547,152962063,6,FALSE,1
8831927547,201358612,126,FALSE,1
8831927547,256156323,26,TRUE,0
8831927547,301750126,21,TRUE,0
8831927547,320219866,112,TRUE,0
8832809518,81306398,51,TRUE,0
8832809518,105045291,123,TRUE,0
8832809518,135709988,31,FALSE,1
8832809518,177203952,6,TRUE,0
8832809518,207527352,120,FALSE,1
8832809518,226786631,145,FALSE,1
8832809518,292921272,2,TRUE,0
8832809518,1026694469,155,TRUE,0
8832809518,1152948930,106,FALSE,1
8832809518,1218097624,21,FALSE,1
8832870869,81306398,83,FALSE,0
8832870869,105045291,105,FALSE,0
8832870869,135709988,31,TRUE,1
8832870869,177203952,80,FALSE,0
8832870869,207527352,99,TRUE,1
8832870869,226786631,114,TRUE,1
8832870869,292921272,2,FALSE,0
8832870869,1026694469,60,FALSE,0
8832870869,1152948930,13,TRUE,1
8832870869,1218097624,21,TRUE,1
8833592202,81306398,51,FALSE,0
8833592202,105045291,123,FALSE,0
8833592202,115651292,22,TRUE,1
8833592202,177203952,6,FALSE,0
8833592202,203351055,2,TRUE,1
8833592202,230487729,59,TRUE,1
8833592202,292921272,69,FALSE,0
8833592202,879017980,19,TRUE,1
8833592202,1026694469,35,FALSE,0
8833592202,1202267677,65,TRUE,1
8834372136,92487440,2,FALSE,0
8834372136,117514269,135,TRUE,1
8834372136,123787715,3,FALSE,0
8834372136,140251702,74,FALSE,0
8834372136,145065875,9,FALSE,0
8834372136,196400041,112,TRUE,1
8834372136,262476000,120,TRUE,1
8834372136,320017600,11,FALSE,0
8834372136,458287006,19,TRUE,1
8834372136,1172719712,131,TRUE,1
8834503568,92487440,135,TRUE,0
8834503568,117514269,2,FALSE,1
8834503568,123787715,3,TRUE,0
8834503568,140251702,128,TRUE,0
8834503568,145065875,9,TRUE,0
8834503568,196400041,100,FALSE,1
8834503568,262476000,17,FALSE,1
8834503568,320017600,6,TRUE,0
8834503568,458287006,11,FALSE,1
8834503568,1172719712,119,FALSE,1
8835387039,101356886,90,TRUE,0
8835387039,129807919,128,FALSE,1
8835387039,138880576,98,TRUE,0
8835387039,140297552,126,TRUE,0
8835387039,152168157,88,TRUE,0
8835387039,154259887,38,FALSE,1
8835387039,346174811,110,FALSE,1
8835387039,418942836,145,TRUE,0
8835387039,1004229172,120,FALSE,1
8835387039,1028012361,41,FALSE,1
8835428935,81306398,3,TRUE,0
8835428935,105045291,121,TRUE,0
8835428935,130991304,79,FALSE,1
8835428935,177203952,48,TRUE,0
8835428935,185590374,19,FALSE,1
8835428935,292921272,38,TRUE,0
8835428935,835864135,120,FALSE,1
8835428935,919735867,123,FALSE,1
8835428935,957204049,70,FALSE,1
8835428935,1026694469,98,TRUE,0
8835429068,101356886,3,FALSE,0
8835429068,129807919,87,TRUE,1
8835429068,138880576,128,FALSE,0
8835429068,140297552,38,FALSE,0
8835429068,152168157,88,FALSE,0
8835429068,154259887,2,TRUE,1
8835429068,346174811,90,TRUE,1
8835429068,418942836,82,FALSE,0
8835429068,1004229172,47,TRUE,1
8835429068,1028012361,93,TRUE,1
8835490699,81306398,51,FALSE,1
8835490699,105045291,86,FALSE,1
8835490699,130991304,3,TRUE,0
8835490699,177203952,48,FALSE,1
8835490699,185590374,90,TRUE,0
8835490699,292921272,33,FALSE,1
8835490699,835864135,98,TRUE,0
8835490699,919735867,100,TRUE,0
8835490699,957204049,109,TRUE,0
8835490699,1026694469,47,FALSE,1
8835564287,81306398,123,TRUE,0
8835564287,105045291,86,TRUE,0
8835564287,130991304,75,FALSE,1
8835564287,177203952,145,TRUE,0
8835564287,185590374,120,FALSE,1
8835564287,292921272,65,TRUE,0
8835564287,835864135,33,FALSE,1
8835564287,919735867,51,FALSE,1
8835564287,957204049,69,FALSE,1
8835564287,1026694469,59,TRUE,0
8835609179,101356886,91,TRUE,0
8835609179,138880576,98,TRUE,0
8835609179,140297552,28,TRUE,0
8835609179,152168157,31,TRUE,0
8835609179,174704427,135,FALSE,1
8835609179,188212380,14,FALSE,1
8835609179,205389770,11,FALSE,1
8835609179,224514487,87,FALSE,1
8835609179,418942836,6,TRUE,0
8835609179,860706122,106,FALSE,1
8835609186,92487440,135,FALSE,1
8835609186,96183976,6,TRUE,0
8835609186,123787715,83,FALSE,1
8835609186,140251702,17,FALSE,1
8835609186,145065875,128,FALSE,1
8835609186,185059559,51,TRUE,0
8835609186,294135421,22,TRUE,0
8835609186,295697470,110,TRUE,0
8835609186,320017600,11,FALSE,1
8835609186,363739653,38,TRUE,0
8835684858,101356886,90,TRUE,0
8835684858,138880576,29,TRUE,0
8835684858,140297552,38,TRUE,0
8835684858,152168157,51,TRUE,0
8835684858,174704427,62,FALSE,1
8835684858,188212380,75,FALSE,1
8835684858,205389770,145,FALSE,1
8835684858,224514487,97,FALSE,1
8835684858,418942836,11,TRUE,0
8835684858,860706122,19,FALSE,1
8835728100,92487440,69,FALSE,1
8835728100,96183976,6,TRUE,0
8835728100,123787715,112,FALSE,1
8835728100,140251702,90,FALSE,1
8835728100,145065875,128,FALSE,1
8835728100,185059559,100,TRUE,0
8835728100,294135421,47,TRUE,0
8835728100,295697470,21,TRUE,0
8835728100,320017600,41,FALSE,1
8835728100,363739653,96,TRUE,0
8836624153,92487440,65,FALSE,0
8836624153,122817493,87,TRUE,1
8836624153,123023873,47,TRUE,1
8836624153,123787715,51,FALSE,0
8836624153,125445069,6,TRUE,1
8836624153,140251702,17,FALSE,0
8836624153,145065875,155,FALSE,0
8836624153,175311897,21,TRUE,1
8836624153,320017600,53,FALSE,0
8836624153,383788462,69,TRUE,1
8836692392,92487440,155,FALSE,1
8836692392,122817493,83,TRUE,0
8836692392,123023873,13,TRUE,0
8836692392,123787715,65,FALSE,1
8836692392,125445069,12,TRUE,0
8836692392,140251702,59,FALSE,1
8836692392,145065875,26,FALSE,1
8836692392,175311897,105,TRUE,0
8836692392,320017600,6,FALSE,1
8836692392,383788462,2,TRUE,0
8836750303,92487440,137,FALSE,0
8836750303,122817493,30,TRUE,1
8836750303,123023873,106,TRUE,1
8836750303,123787715,3,FALSE,0
8836750303,125445069,145,TRUE,1
8836750303,140251702,17,FALSE,0
8836750303,145065875,9,FALSE,0
8836750303,175311897,105,TRUE,1
8836750303,320017600,6,FALSE,0
8836750303,383788462,2,TRUE,1
8836846548,101356886,3,FALSE,0
8836846548,129807919,110,TRUE,1
8836846548,138880576,38,FALSE,0
8836846548,140297552,120,FALSE,0
8836846548,152168157,31,FALSE,0
8836846548,154259887,98,TRUE,1
8836846548,346174811,90,TRUE,1
8836846548,418942836,11,FALSE,0
8836846548,1004229172,39,TRUE,1
8836846548,1028012361,41,TRUE,1
8836936103,101356886,3,TRUE,0
8836936103,129807919,112,FALSE,1
8836936103,138880576,98,TRUE,0
8836936103,140297552,22,TRUE,0
8836936103,152168157,31,TRUE,0
8836936103,154259887,135,FALSE,1
8836936103,346174811,110,FALSE,1
8836936103,418942836,11,TRUE,0
8836936103,1004229172,128,FALSE,1
8836936103,1028012361,41,FALSE,1
8837019318,101356886,50,FALSE,0
8837019318,129807919,83,TRUE,1
8837019318,138880576,137,FALSE,0
8837019318,140297552,128,FALSE,0
8837019318,152168157,31,FALSE,0
8837019318,154259887,98,TRUE,1
8837019318,346174811,105,TRUE,1
8837019318,418942836,11,FALSE,0
8837019318,1004229172,22,TRUE,1
8837019318,1028012361,53,TRUE,1
8837138489,90423751,3,FALSE,0
8837138489,123953528,28,TRUE,1
8837138489,154974246,145,FALSE,0
8837138489,160119017,2,FALSE,0
8837138489,191362875,100,FALSE,0
8837138489,206642367,6,FALSE,0
8837138489,232763274,69,TRUE,1
8837138489,250317389,110,TRUE,1
8837138489,255339080,109,TRUE,1
8837138489,396792504,26,TRUE,1
8837222901,90423751,90,TRUE,0
8837222901,123953528,39,FALSE,1
8837222901,154974246,59,TRUE,0
8837222901,160119017,155,TRUE,0
8837222901,191362875,112,TRUE,0
8837222901,206642367,114,TRUE,0
8837222901,232763274,120,FALSE,1
8837222901,250317389,75,FALSE,1
8837222901,255339080,19,FALSE,1
8837222901,396792504,86,FALSE,1
8837414449,90423751,101,FALSE,0
8837414449,154974246,13,FALSE,0
8837414449,160119017,2,FALSE,0
8837414449,191362875,51,FALSE,0
8837414449,206642367,138,FALSE,0
8837414449,288775038,43,TRUE,1
8837414449,1088362710,123,TRUE,1
8837414449,1166358463,135,TRUE,1
8837414449,1190137167,64,TRUE,1
8837414449,1674486174,36,TRUE,1
8837869969,56351509,28,FALSE,0
8837869969,93817671,51,FALSE,0
8837869969,103735745,128,FALSE,0
8837869969,124801257,109,TRUE,1
8837869969,126842529,2,TRUE,1
8837869969,171262902,46,FALSE,0
8837869969,256156323,123,TRUE,1
8837869969,301750126,39,TRUE,1
8837869969,312436974,106,FALSE,0
8837869969,320219866,58,TRUE,1
8837957019,56351509,98,TRUE,0
8837957019,93817671,112,TRUE,0
8837957019,103735745,128,TRUE,0
8837957019,124801257,70,FALSE,1
8837957019,126842529,2,FALSE,1
8837957019,171262902,19,TRUE,0
8837957019,256156323,26,FALSE,1
8837957019,301750126,39,FALSE,1
8837957019,312436974,74,TRUE,0
8837957019,320219866,58,FALSE,1
8838056564,10366616,110,TRUE,0
8838056564,16497807,53,FALSE,1
8838056564,25907144,26,TRUE,0
8838056564,77490514,14,FALSE,1
8838056564,97590558,128,FALSE,1
8838056564,100058342,73,TRUE,0
8838056564,111620041,106,TRUE,0
8838056564,152962063,19,FALSE,1
8838056564,183719386,36,TRUE,0
8838056564,201358612,13,FALSE,1
8838170936,10366616,110,TRUE,0
8838170936,16497807,123,FALSE,1
8838170936,25907144,26,TRUE,0
8838170936,77490514,100,FALSE,1
8838170936,97590558,135,FALSE,1
8838170936,100058342,6,TRUE,0
8838170936,111620041,106,TRUE,0
8838170936,152962063,19,FALSE,1
8838170936,183719386,108,TRUE,0
8838170936,201358612,74,FALSE,1
8838303336,56351509,69,FALSE,0
8838303336,81306398,3,TRUE,1
8838303336,93817671,51,FALSE,0
8838303336,103735745,86,FALSE,0
8838303336,105045291,21,TRUE,1
8838303336,171262902,6,FALSE,0
8838303336,177203952,73,TRUE,1
8838303336,292921272,155,TRUE,1
8838303336,312436974,43,FALSE,0
8838303336,1026694469,98,TRUE,1
8838396820,56351509,155,TRUE,1
8838396820,81306398,3,FALSE,0
8838396820,93817671,83,TRUE,1
8838396820,103735745,86,TRUE,1
8838396820,105045291,123,FALSE,0
8838396820,171262902,21,TRUE,1
8838396820,177203952,145,FALSE,0
8838396820,292921272,65,FALSE,0
8838396820,312436974,126,TRUE,1
8838396820,1026694469,13,FALSE,0
8838480778,56351509,69,FALSE,0
8838480778,81306398,112,TRUE,1
8838480778,93817671,51,FALSE,0
8838480778,103735745,90,FALSE,0
8838480778,105045291,21,TRUE,1
8838480778,171262902,145,FALSE,0
8838480778,177203952,19,TRUE,1
8838480778,292921272,128,TRUE,1
8838480778,312436974,28,FALSE,0
8838480778,1026694469,13,TRUE,1
8838642476,90423751,3,TRUE,0
8838642476,154974246,17,TRUE,0
8838642476,160119017,2,TRUE,0
8838642476,191362875,53,TRUE,0
8838642476,206642367,36,TRUE,0
8838642476,288775038,126,FALSE,1
8838642476,1088362710,86,FALSE,1
8838642476,1166358463,108,FALSE,1
8838642476,1190137167,83,FALSE,1
8838642476,1674486174,6,FALSE,1
8838688315,90423751,26,FALSE,0
8838688315,154974246,128,FALSE,0
8838688315,160119017,77,FALSE,0
8838688315,191362875,40,FALSE,0
8838688315,206642367,12,FALSE,0
8838688315,288775038,90,TRUE,1
8838688315,1088362710,51,TRUE,1
8838688315,1166358463,65,TRUE,1
8838688315,1190137167,75,TRUE,1
8838688315,1674486174,109,TRUE,1
8838730648,90423751,90,TRUE,0
8838730648,154974246,145,TRUE,0
8838730648,160119017,85,TRUE,0
8838730648,191362875,30,TRUE,0
8838730648,206642367,1,TRUE,0
8838730648,288775038,17,FALSE,1
8838730648,1088362710,86,FALSE,1
8838730648,1166358463,137,FALSE,1
8838730648,1190137167,31,FALSE,1
8838730648,1674486174,8,FALSE,1
8839123109,10366616,110,TRUE,1
8839123109,25907144,26,TRUE,1
8839123109,100058342,6,TRUE,1
8839123109,111620041,28,TRUE,1
8839123109,165564598,85,FALSE,0
8839123109,172099728,80,FALSE,0
8839123109,183719386,36,TRUE,1
8839123109,196878136,83,FALSE,0
8839123109,317880638,79,FALSE,0
8839123109,480412663,13,FALSE,0
8839193447,10366616,58,TRUE,1
8839193447,25907144,26,TRUE,1
8839193447,100058342,6,TRUE,1
8839193447,111620041,43,TRUE,1
8839193447,165564598,85,FALSE,0
8839193447,172099728,80,FALSE,0
8839193447,183719386,29,TRUE,1
8839193447,196878136,83,FALSE,0
8839193447,317880638,9,FALSE,0
8839193447,480412663,13,FALSE,0
8839284303,16497807,30,TRUE,1
8839284303,77490514,51,TRUE,1
8839284303,81306398,57,FALSE,0
8839284303,97590558,128,TRUE,1
8839284303,105045291,123,FALSE,0
8839284303,152962063,80,TRUE,1
8839284303,177203952,6,FALSE,0
8839284303,201358612,137,TRUE,1
8839284303,292921272,98,FALSE,0
8839284303,1026694469,13,FALSE,0
8839366504,16497807,57,TRUE,1
8839366504,77490514,26,TRUE,1
8839366504,81306398,110,FALSE,0
8839366504,97590558,135,TRUE,1
8839366504,105045291,51,FALSE,0
8839366504,152962063,6,TRUE,1
8839366504,177203952,89,FALSE,0
8839366504,201358612,28,TRUE,1
8839366504,292921272,55,FALSE,0
8839366504,1026694469,13,FALSE,0
8839494962,10366616,3,FALSE,0
8839494962,25907144,51,FALSE,0
8839494962,100058342,19,FALSE,0
8839494962,111620041,90,FALSE,0
8839494962,124801257,21,TRUE,1
8839494962,126842529,135,TRUE,1
8839494962,183719386,99,FALSE,0
8839494962,256156323,26,TRUE,1
8839494962,301750126,17,TRUE,1
8839494962,320219866,37,TRUE,1
8839625815,10366616,75,TRUE,1
8839625815,25907144,123,TRUE,1
8839625815,100058342,81,TRUE,1
8839625815,111620041,106,TRUE,1
8839625815,124801257,21,FALSE,0
8839625815,126842529,69,FALSE,0
8839625815,183719386,15,TRUE,1
8839625815,256156323,26,FALSE,0
8839625815,301750126,47,FALSE,0
8839625815,320219866,3,FALSE,0
8839717574,10366616,66,FALSE,1
8839717574,25907144,51,FALSE,1
8839717574,100058342,54,FALSE,1
8839717574,111620041,90,FALSE,1
8839717574,124801257,21,TRUE,0
8839717574,126842529,120,TRUE,0
8839717574,183719386,129,FALSE,1
8839717574,256156323,123,TRUE,0
8839717574,301750126,17,TRUE,0
8839717574,320219866,68,TRUE,0
8840635639,56351509,2,FALSE,1
8840635639,93817671,31,FALSE,1
8840635639,103735745,21,FALSE,1
8840635639,165564598,155,TRUE,0
8840635639,171262902,6,FALSE,1
8840635639,172099728,145,TRUE,0
8840635639,196878136,83,TRUE,0
8840635639,312436974,128,FALSE,1
8840635639,317880638,123,TRUE,0
8840635639,480412663,106,TRUE,0
8840704374,56351509,69,TRUE,0
8840704374,93817671,83,TRUE,0
8840704374,103735745,128,TRUE,0
8840704374,165564598,85,FALSE,1
8840704374,171262902,53,TRUE,0
8840704374,172099728,21,FALSE,1
8840704374,196878136,51,FALSE,1
8840704374,312436974,74,TRUE,0
8840704374,317880638,26,FALSE,1
8840704374,480412663,17,FALSE,1
8840821227,56351509,33,FALSE,0
8840821227,93817671,83,FALSE,0
8840821227,103735745,128,FALSE,0
8840821227,165564598,2,TRUE,1
8840821227,171262902,46,FALSE,0
8840821227,172099728,145,TRUE,1
8840821227,196878136,112,TRUE,1
8840821227,312436974,74,FALSE,0
8840821227,317880638,9,TRUE,1
8840821227,480412663,23,TRUE,1
8840984097,81306398,123,TRUE,1
8840984097,105045291,105,TRUE,1
8840984097,124801257,80,FALSE,0
8840984097,126842529,108,FALSE,0
8840984097,177203952,19,TRUE,1
8840984097,256156323,26,FALSE,0
8840984097,292921272,98,TRUE,1
8840984097,301750126,106,FALSE,0
8840984097,320219866,110,FALSE,0
8840984097,1026694469,35,TRUE,1
8841114801,81306398,2,FALSE,0
8841114801,105045291,121,FALSE,0
8841114801,124801257,19,TRUE,1
8841114801,126842529,155,TRUE,1
8841114801,177203952,18,FALSE,0
8841114801,256156323,86,TRUE,1
8841114801,292921272,65,FALSE,0
8841114801,301750126,17,TRUE,1
8841114801,320219866,110,TRUE,1
8841114801,1026694469,47,FALSE,0
8841231956,81306398,3,FALSE,0
8841231956,105045291,121,FALSE,0
8841231956,124801257,19,TRUE,1
8841231956,126842529,155,TRUE,1
8841231956,177203952,20,FALSE,0
8841231956,256156323,123,TRUE,1
8841231956,292921272,38,FALSE,0
8841231956,301750126,21,TRUE,1
8841231956,320219866,68,TRUE,1
8841231956,1026694469,22,FALSE,0
8842052142,81306398,112,TRUE,0
8842052142,105045291,71,TRUE,0
8842052142,165564598,155,FALSE,1
8842052142,172099728,145,FALSE,1
8842052142,177203952,6,TRUE,0
8842052142,196878136,31,FALSE,1
8842052142,292921272,65,TRUE,0
8842052142,317880638,123,FALSE,1
8842052142,480412663,39,FALSE,1
8842052142,1026694469,47,TRUE,0
8842134886,81306398,53,FALSE,1
8842134886,105045291,71,FALSE,1
8842134886,165564598,33,TRUE,0
8842134886,172099728,6,TRUE,0
8842134886,177203952,145,FALSE,1
8842134886,196878136,112,TRUE,0
8842134886,292921272,55,FALSE,1
8842134886,317880638,79,TRUE,0
8842134886,480412663,28,TRUE,0
8842134886,1026694469,47,FALSE,1
8842245726,81306398,51,FALSE,0
8842245726,105045291,79,FALSE,0
8842245726,165564598,155,TRUE,1
8842245726,172099728,109,TRUE,1
8842245726,177203952,145,FALSE,0
8842245726,196878136,83,TRUE,1
8842245726,292921272,98,FALSE,0
8842245726,317880638,90,TRUE,1
8842245726,480412663,28,TRUE,1
8842245726,1026694469,13,FALSE,0
8842468101,56351509,77,TRUE,0
8842468101,81306398,3,FALSE,1
8842468101,93817671,83,TRUE,0
8842468101,103735745,90,TRUE,0
8842468101,105045291,123,FALSE,1
8842468101,171262902,53,TRUE,0
8842468101,177203952,6,FALSE,1
8842468101,292921272,29,FALSE,1
8842468101,312436974,114,TRUE,0
8842468101,1026694469,155,FALSE,1
8842596730,56351509,69,FALSE,0
8842596730,81306398,51,TRUE,1
8842596730,93817671,83,FALSE,0
8842596730,103735745,86,FALSE,0
8842596730,105045291,27,TRUE,1
8842596730,171262902,46,FALSE,0
8842596730,177203952,11,TRUE,1
8842596730,292921272,98,TRUE,1
8842596730,312436974,74,FALSE,0
8842596730,1026694469,28,TRUE,1
8842722527,56351509,85,TRUE,1
8842722527,81306398,83,FALSE,0
8842722527,93817671,3,TRUE,1
8842722527,103735745,90,TRUE,1
8842722527,105045291,71,FALSE,0
8842722527,171262902,11,TRUE,1
8842722527,177203952,89,FALSE,0
8842722527,292921272,55,FALSE,0
8842722527,312436974,43,TRUE,1
8842722527,1026694469,17,FALSE,0
8842845018,56351509,36,TRUE,0
8842845018,81306398,3,FALSE,1
8842845018,93817671,51,TRUE,0
8842845018,103735745,53,TRUE,0
8842845018,105045291,123,FALSE,1
8842845018,171262902,11,TRUE,0
8842845018,177203952,89,FALSE,1
8842845018,292921272,98,FALSE,1
8842845018,312436974,17,TRUE,0
8842845018,1026694469,39,FALSE,1
8852623851,145957968,128,FALSE,0
8852623851,150961567,155,FALSE,0
8852623851,170896543,145,FALSE,0
8852623851,188953151,29,TRUE,1
8852623851,195072449,123,TRUE,1
8852623851,212011074,31,TRUE,1
8852623851,249835593,3,FALSE,0
8852623851,307291170,106,TRUE,1
8852623851,315272623,13,FALSE,0
8852623851,373667079,69,TRUE,1
8852665706,145957968,120,FALSE,0
8852665706,150961567,26,FALSE,0
8852665706,170896543,11,FALSE,0
8852665706,188953151,2,TRUE,1
8852665706,195072449,90,TRUE,1
8852665706,212011074,31,TRUE,1
8852665706,249835593,83,FALSE,0
8852665706,307291170,106,TRUE,1
8852665706,315272623,114,FALSE,0
8852665706,373667079,46,TRUE,1
8852809218,111114687,110,TRUE,0
8852809218,118134220,2,TRUE,0
8852809218,128660724,100,FALSE,1
8852809218,137129583,128,TRUE,0
8852809218,139031324,98,FALSE,1
8852809218,157475523,53,TRUE,0
8852809218,191597529,3,FALSE,1
8852809218,199222238,106,FALSE,1
8852809218,241107899,11,FALSE,1
8852809218,320252024,21,TRUE,0
8852889096,111114687,112,FALSE,0
8852889096,118134220,38,FALSE,0
8852889096,128660724,27,TRUE,1
8852889096,137129583,11,FALSE,0
8852889096,139031324,135,TRUE,1
8852889096,157475523,21,FALSE,0
8852889096,191597529,85,TRUE,1
8852889096,199222238,43,TRUE,1
8852889096,241107899,138,TRUE,1
8852889096,320252024,145,FALSE,0
8853982663,76904792,3,TRUE,1
8853982663,137193239,17,TRUE,1
8853982663,139937922,98,TRUE,1
8853982663,145957968,155,FALSE,0
8853982663,148215639,54,TRUE,1
8853982663,150961567,90,FALSE,0
8853982663,170896543,145,FALSE,0
8853982663,207829314,21,TRUE,1
8853982663,249835593,112,FALSE,0
8853982663,315272623,106,FALSE,0
8854031550,76904792,110,FALSE,1
8854031550,137193239,17,FALSE,1
8854031550,139937922,2,FALSE,1
8854031550,145957968,128,TRUE,0
8854031550,148215639,21,FALSE,1
8854031550,150961567,51,TRUE,0
8854031550,170896543,73,TRUE,0
8854031550,207829314,101,FALSE,1
8854031550,249835593,112,TRUE,0
8854031550,315272623,120,TRUE,0
8854153066,111114687,112,FALSE,1
8854153066,118134220,55,FALSE,1
8854153066,137129583,28,FALSE,1
8854153066,139822354,13,TRUE,0
8854153066,139876032,86,TRUE,0
8854153066,157475523,9,FALSE,1
8854153066,158847773,110,TRUE,0
8854153066,185908355,109,TRUE,0
8854153066,320252024,19,FALSE,1
8854153066,903184860,29,TRUE,0
8854301438,111114687,110,TRUE,1
8854301438,118134220,38,TRUE,1
8854301438,137129583,39,TRUE,1
8854301438,139822354,17,FALSE,0
8854301438,139876032,26,FALSE,0
8854301438,157475523,123,TRUE,1
8854301438,158847773,9,FALSE,0
8854301438,185908355,63,FALSE,0
8854301438,320252024,10,TRUE,1
8854301438,903184860,78,FALSE,0
8854675539,81306398,51,FALSE,0
8854675539,105045291,27,FALSE,0
8854675539,177203952,6,FALSE,0
8854675539,180775030,21,TRUE,1
8854675539,202464276,36,TRUE,1
8854675539,252520776,123,TRUE,1
8854675539,292921272,128,FALSE,0
8854675539,419948853,155,TRUE,1
8854675539,1012061568,83,TRUE,1
8854675539,1026694469,98,FALSE,0
8854746589,81306398,3,TRUE,0
8854746589,105045291,90,TRUE,0
8854746589,177203952,6,TRUE,0
8854746589,180775030,107,FALSE,1
8854746589,202464276,145,FALSE,1
8854746589,252520776,21,FALSE,1
8854746589,292921272,120,TRUE,0
8854746589,419948853,155,FALSE,1
8854746589,1012061568,83,FALSE,1
8854746589,1026694469,38,TRUE,0
8855077855,111114687,110,TRUE,0
8855077855,118134220,2,TRUE,0
8855077855,137129583,128,TRUE,0
8855077855,157475523,7,TRUE,0
8855077855,188953151,137,FALSE,1
8855077855,195072449,100,FALSE,1
8855077855,212011074,112,FALSE,1
8855077855,307291170,17,FALSE,1
8855077855,320252024,21,TRUE,0
8855077855,373667079,70,FALSE,1
8855109208,111114687,68,TRUE,0
8855109208,118134220,155,TRUE,0
8855109208,137129583,35,TRUE,0
8855109208,157475523,26,TRUE,0
8855109208,188953151,38,FALSE,1
8855109208,195072449,123,FALSE,1
8855109208,212011074,110,FALSE,1
8855109208,307291170,39,FALSE,1
8855109208,320252024,19,TRUE,0
8855109208,373667079,6,FALSE,1
8855188139,76904792,75,FALSE,1
8855188139,111114687,3,TRUE,0
8855188139,118134220,78,TRUE,0
8855188139,137129583,120,TRUE,0
8855188139,137193239,106,FALSE,1
8855188139,139937922,38,FALSE,1
8855188139,148215639,138,FALSE,1
8855188139,157475523,86,TRUE,0
8855188139,207829314,90,FALSE,1
8855188139,320252024,11,TRUE,0
8855242704,76904792,155,FALSE,0
8855242704,111114687,75,TRUE,1
8855242704,118134220,120,TRUE,1
8855242704,137129583,39,TRUE,1
8855242704,137193239,17,FALSE,0
8855242704,139937922,36,FALSE,0
8855242704,148215639,11,FALSE,0
8855242704,157475523,21,TRUE,1
8855242704,207829314,90,FALSE,0
8855242704,320252024,73,TRUE,1
8855342929,76904792,75,FALSE,1
8855342929,111114687,68,TRUE,0
8855342929,118134220,98,TRUE,0
8855342929,137129583,35,TRUE,0
8855342929,137193239,17,FALSE,1
8855342929,139937922,85,FALSE,1
8855342929,148215639,6,FALSE,1
8855342929,157475523,7,TRUE,0
8855342929,207829314,86,FALSE,1
8855342929,320252024,19,TRUE,0
8855814502,81306398,3,TRUE,0
8855814502,105045291,121,TRUE,0
8855814502,117089283,58,FALSE,1
8855814502,164685175,20,FALSE,1
8855814502,177203952,61,TRUE,0
8855814502,292921272,69,TRUE,0
8855814502,352623024,77,FALSE,1
8855814502,392385140,86,FALSE,1
8855814502,399920568,107,FALSE,1
8855814502,1026694469,13,TRUE,0
8855894440,81306398,3,FALSE,0
8855894440,105045291,51,FALSE,0
8855894440,117089283,75,TRUE,1
8855894440,164685175,6,TRUE,1
8855894440,177203952,46,FALSE,0
8855894440,292921272,55,FALSE,0
8855894440,352623024,78,TRUE,1
8855894440,392385140,121,TRUE,1
8855894440,399920568,120,TRUE,1
8855894440,1026694469,128,FALSE,0
8856273501,139822354,17,TRUE,1
8856273501,139876032,123,TRUE,1
8856273501,145957968,120,FALSE,0
8856273501,150961567,105,FALSE,0
8856273501,158847773,9,TRUE,1
8856273501,170896543,6,FALSE,0
8856273501,185908355,19,TRUE,1
8856273501,249835593,51,FALSE,0
8856273501,315272623,106,FALSE,0
8856273501,903184860,69,TRUE,1
8856318986,139822354,13,FALSE,1
8856318986,139876032,86,FALSE,1
8856318986,145957968,36,TRUE,0
8856318986,150961567,26,TRUE,0
8856318986,158847773,110,FALSE,1
8856318986,170896543,6,TRUE,0
8856318986,185908355,89,FALSE,1
8856318986,249835593,30,TRUE,0
8856318986,315272623,60,TRUE,0
8856318986,903184860,98,FALSE,1
8856401359,111114687,110,TRUE,1
8856401359,118134220,108,TRUE,1
8856401359,137129583,28,TRUE,1
8856401359,139822354,13,FALSE,0
8856401359,139876032,26,FALSE,0
8856401359,157475523,86,TRUE,1
8856401359,158847773,9,FALSE,0
8856401359,185908355,109,FALSE,0
8856401359,320252024,11,TRUE,1
8856401359,903184860,136,FALSE,0
8856447323,111114687,3,FALSE,0
8856447323,118134220,69,FALSE,0
8856447323,137129583,128,FALSE,0
8856447323,139822354,120,TRUE,1
8856447323,139876032,26,TRUE,1
8856447323,157475523,21,FALSE,0
8856447323,158847773,75,TRUE,1
8856447323,185908355,46,TRUE,1
8856447323,320252024,70,FALSE,0
8856447323,903184860,98,TRUE,1
8856501050,111114687,68,TRUE,0
8856501050,118134220,98,TRUE,0
8856501050,137129583,35,TRUE,0
8856501050,139822354,106,FALSE,1
8856501050,139876032,86,FALSE,1
8856501050,157475523,26,TRUE,0
8856501050,158847773,83,FALSE,1
8856501050,185908355,11,FALSE,1
8856501050,320252024,19,TRUE,0
8856501050,903184860,120,FALSE,1
8857290092,81306398,3,FALSE,1
8857290092,105045291,90,FALSE,1
8857290092,157989498,123,TRUE,0
8857290092,177203952,46,FALSE,1
8857290092,252737052,155,TRUE,0
8857290092,292921272,120,FALSE,1
8857290092,352545711,17,TRUE,0
8857290092,363758022,11,TRUE,0
8857290092,1026694469,38,FALSE,1
8857290092,1031547092,131,TRUE,0
8857324614,81306398,110,TRUE,0
8857324614,105045291,123,TRUE,0
8857324614,157989498,51,FALSE,1
8857324614,177203952,19,TRUE,0
8857324614,252737052,155,FALSE,1
8857324614,292921272,33,TRUE,0
8857324614,352545711,23,FALSE,1
8857324614,363758022,21,FALSE,1
8857324614,1026694469,38,TRUE,0
8857324614,1031547092,131,FALSE,1
8857362150,81306398,51,FALSE,0
8857362150,105045291,123,FALSE,0
8857362150,157989498,128,TRUE,1
8857362150,177203952,72,FALSE,0
8857362150,252737052,38,TRUE,1
8857362150,292921272,23,FALSE,0
8857362150,352545711,19,TRUE,1
8857362150,363758022,36,TRUE,1
8857362150,1026694469,120,FALSE,0
8857362150,1031547092,110,TRUE,1
8858368963,81306398,110,FALSE,0
8858368963,105045291,121,FALSE,0
8858368963,157989498,101,TRUE,1
8858368963,177203952,145,FALSE,0
8858368963,252737052,33,TRUE,1
8858368963,292921272,98,FALSE,0
8858368963,352545711,120,TRUE,1
8858368963,363758022,19,TRUE,1
8858368963,1026694469,38,FALSE,0
8858368963,1031547092,51,TRUE,1
8858445091,81306398,75,TRUE,0
8858445091,105045291,123,TRUE,0
8858445091,157989498,51,FALSE,1
8858445091,177203952,61,TRUE,0
8858445091,252737052,77,FALSE,1
8858445091,292921272,38,TRUE,0
8858445091,352545711,47,FALSE,1
8858445091,363758022,145,FALSE,1
8858445091,1026694469,53,TRUE,0
8858445091,1031547092,131,FALSE,1
8858503756,81306398,57,FALSE,0
8858503756,105045291,121,FALSE,0
8858503756,157989498,51,TRUE,1
8858503756,177203952,72,FALSE,0
8858503756,252737052,38,TRUE,1
8858503756,292921272,155,FALSE,0
8858503756,352545711,52,TRUE,1
8858503756,363758022,114,TRUE,1
8858503756,1026694469,13,FALSE,0
8858503756,1031547092,110,TRUE,1
8859056335,100594231,3,FALSE,0
8859056335,100598959,123,TRUE,1
8859056335,103045129,110,TRUE,1
8859056335,132309493,38,FALSE,0
8859056335,155494381,90,FALSE,0
8859056335,158425391,56,TRUE,1
8859056335,324277900,13,FALSE,0
8859056335,355168766,21,FALSE,0
8859056335,861414087,106,TRUE,1
8859056335,899495504,69,TRUE,1
8859165411,100594231,3,FALSE,0
8859165411,100598959,21,TRUE,1
8859165411,103045129,110,TRUE,1
8859165411,132309493,96,FALSE,0
8859165411,155494381,123,FALSE,0
8859165411,158425391,82,TRUE,1
8859165411,324277900,13,FALSE,0
8859165411,355168766,20,FALSE,0
8859165411,861414087,17,TRUE,1
8859165411,899495504,69,TRUE,1
8860337807,106305042,128,TRUE,0
8860337807,218231587,26,TRUE,0
8860337807,256444993,20,FALSE,1
8860337807,285282252,51,FALSE,1
8860337807,302214028,69,TRUE,0
8860337807,321580662,109,TRUE,0
8860337807,383361785,155,FALSE,1
8860337807,399804216,90,FALSE,1
8860337807,847565596,110,TRUE,0
8860337807,847851833,86,FALSE,1
8860410652,106305042,22,TRUE,0
8860410652,218231587,86,TRUE,0
8860410652,256444993,109,FALSE,1
8860410652,285282252,87,FALSE,1
8860410652,302214028,69,TRUE,0
8860410652,321580662,53,TRUE,0
8860410652,383361785,135,FALSE,1
8860410652,399804216,38,FALSE,1
8860410652,847565596,51,TRUE,0
8860410652,847851833,105,FALSE,1
8860454696,100594231,51,FALSE,0
8860454696,132309493,60,FALSE,0
8860454696,147767183,85,TRUE,1
8860454696,152859296,13,TRUE,1
8860454696,155494381,86,FALSE,0
8860454696,202217968,59,TRUE,1
8860454696,324277900,65,FALSE,0
8860454696,343084576,123,TRUE,1
8860454696,355168766,138,FALSE,0
8860454696,392565237,6,TRUE,1
8860532107,100594231,68,TRUE,0
8860532107,132309493,2,TRUE,0
8860532107,147767183,98,FALSE,1
8860532107,152859296,51,FALSE,1
8860532107,155494381,21,TRUE,0
8860532107,202217968,13,FALSE,1
8860532107,324277900,60,TRUE,0
8860532107,343084576,112,FALSE,1
8860532107,355168766,19,TRUE,0
8860532107,392565237,54,FALSE,1
8860634747,101356886,110,TRUE,0
8860634747,111620041,19,TRUE,0
8860634747,115651292,25,FALSE,1
8860634747,138880576,108,TRUE,0
8860634747,152168157,131,TRUE,0
8860634747,203351055,38,FALSE,1
8860634747,210053851,47,TRUE,0
8860634747,230487729,128,FALSE,1
8860634747,879017980,109,FALSE,1
8860634747,1202267677,51,FALSE,1
8860726856,101356886,110,FALSE,0
8860726856,111620041,36,FALSE,0
8860726856,115651292,106,TRUE,1
8860726856,138880576,98,FALSE,0
8860726856,152168157,26,FALSE,0
8860726856,203351055,128,TRUE,1
8860726856,210053851,17,FALSE,0
8860726856,230487729,53,TRUE,1
8860726856,879017980,21,TRUE,1
8860726856,1202267677,123,TRUE,1
8861740474,100594231,53,FALSE,0
8861740474,118559150,58,TRUE,1
8861740474,132309493,2,FALSE,0
8861740474,140411011,19,TRUE,1
8861740474,155447692,26,TRUE,1
8861740474,155494381,91,FALSE,0
8861740474,156328257,23,TRUE,1
8861740474,181716137,22,TRUE,1
8861740474,324277900,13,FALSE,0
8861740474,355168766,72,FALSE,0
8861804868,100594231,53,FALSE,1
8861804868,118559150,87,TRUE,0
8861804868,132309493,85,FALSE,1
8861804868,140411011,72,TRUE,0
8861804868,155447692,123,TRUE,0
8861804868,155494381,21,FALSE,1
8861804868,156328257,137,TRUE,0
8861804868,181716137,126,TRUE,0
8861804868,324277900,13,FALSE,1
8861804868,355168766,49,FALSE,1
8861905178,100594231,87,FALSE,0
8861905178,118559150,31,TRUE,1
8861905178,132309493,77,FALSE,0
8861905178,140411011,145,TRUE,1
8861905178,155447692,123,TRUE,1
8861905178,155494381,72,FALSE,0
8861905178,156328257,47,TRUE,1
8861905178,181716137,126,TRUE,1
8861905178,324277900,13,FALSE,0
8861905178,355168766,21,FALSE,0
8862046937,92487440,96,FALSE,1
8862046937,96183976,97,TRUE,0
8862046937,123787715,85,FALSE,1
8862046937,140251702,106,FALSE,1
8862046937,145065875,123,FALSE,1
8862046937,185059559,75,TRUE,0
8862046937,294135421,98,TRUE,0
8862046937,295697470,51,TRUE,0
8862046937,320017600,6,FALSE,1
8862046937,363739653,128,TRUE,0
8862170836,92487440,108,TRUE,0
8862170836,96183976,48,FALSE,1
8862170836,123787715,58,TRUE,0
8862170836,140251702,17,TRUE,0
8862170836,145065875,3,TRUE,0
8862170836,185059559,75,FALSE,1
8862170836,294135421,39,FALSE,1
8862170836,295697470,83,FALSE,1
8862170836,320017600,109,TRUE,0
8862170836,363739653,38,FALSE,1
8862268885,92487440,38,TRUE,1
8862268885,96183976,36,FALSE,0
8862268885,123787715,3,TRUE,1
8862268885,140251702,17,TRUE,1
8862268885,145065875,51,TRUE,1
8862268885,185059559,75,FALSE,0
8862268885,294135421,52,FALSE,0
8862268885,295697470,83,FALSE,0
8862268885,320017600,53,TRUE,1
8862268885,363739653,128,FALSE,0
8862359075,73401082,121,FALSE,0
8862359075,106573901,52,FALSE,0
8862359075,156485213,136,TRUE,1
8862359075,164199202,90,FALSE,0
8862359075,195108598,69,FALSE,0
8862359075,234119750,94,TRUE,1
8862359075,435139370,83,TRUE,1
8862359075,1044002267,145,FALSE,0
8862359075,1153798101,59,TRUE,1
8862359075,1675517497,65,TRUE,1
8862424729,73401082,121,FALSE,0
8862424729,106573901,74,FALSE,0
8862424729,156485213,100,TRUE,1
8862424729,164199202,107,FALSE,0
8862424729,195108598,65,FALSE,0
8862424729,234119750,11,TRUE,1
8862424729,435139370,86,TRUE,1
8862424729,1044002267,145,FALSE,0
8862424729,1153798101,106,TRUE,1
8862424729,1675517497,69,TRUE,1
8862890705,100594231,83,TRUE,1
8862890705,101259972,3,FALSE,0
8862890705,132309493,2,TRUE,1
8862890705,146711951,55,FALSE,0
8862890705,155494381,123,TRUE,1
8862890705,193815691,90,FALSE,0
8862890705,218367241,17,FALSE,0
8862890705,324277900,47,TRUE,1
8862890705,355168766,63,TRUE,1
8862890705,375507918,69,FALSE,0
8862950264,100594231,83,TRUE,0
8862950264,101259972,58,FALSE,1
8862950264,132309493,108,TRUE,0
8862950264,146711951,155,FALSE,1
8862950264,155494381,21,TRUE,0
8862950264,193815691,100,FALSE,1
8862950264,218367241,13,FALSE,1
8862950264,324277900,126,TRUE,0
8862950264,355168766,138,TRUE,0
8862950264,375507918,48,FALSE,1
8863006891,100594231,87,TRUE,0
8863006891,101259972,110,FALSE,1
8863006891,132309493,69,TRUE,0
8863006891,146711951,128,FALSE,1
8863006891,155494381,123,TRUE,0
8863006891,193815691,100,FALSE,1
8863006891,218367241,13,FALSE,1
8863006891,324277900,126,TRUE,0
8863006891,355168766,18,TRUE,0
8863006891,375507918,11,FALSE,1
8863091025,100594231,83,TRUE,0
8863091025,101259972,31,FALSE,1
8863091025,132309493,47,TRUE,0
8863091025,146711951,155,FALSE,1
8863091025,155494381,123,TRUE,0
8863091025,193815691,51,FALSE,1
8863091025,218367241,17,FALSE,1
8863091025,324277900,106,TRUE,0
8863091025,355168766,69,TRUE,0
8863091025,375507918,114,FALSE,1
8863338901,106305042,107,FALSE,0
8863338901,122817493,40,TRUE,1
8863338901,123023873,13,TRUE,1
8863338901,125445069,97,TRUE,1
8863338901,175311897,86,TRUE,1
8863338901,218231587,3,FALSE,0
8863338901,302214028,96,FALSE,0
8863338901,321580662,6,FALSE,0
8863338901,383788462,33,TRUE,1
8863338901,847565596,58,FALSE,0
8863437217,106305042,47,TRUE,0
8863437217,122817493,83,FALSE,1
8863437217,123023873,90,FALSE,1
8863437217,125445069,69,FALSE,1
8863437217,175311897,119,FALSE,1
8863437217,218231587,105,TRUE,0
8863437217,302214028,129,TRUE,0
8863437217,321580662,56,TRUE,0
8863437217,383788462,85,FALSE,1
8863437217,847565596,3,TRUE,0
8863548385,101356886,91,TRUE,0
8863548385,111620041,36,TRUE,0
8863548385,130991304,3,FALSE,1
8863548385,138880576,38,TRUE,0
8863548385,152168157,2,TRUE,0
8863548385,185590374,155,FALSE,1
8863548385,210053851,35,TRUE,0
8863548385,835864135,65,FALSE,1
8863548385,919735867,123,FALSE,1
8863548385,957204049,46,FALSE,1
8863619325,101356886,110,TRUE,0
8863619325,111620041,97,TRUE,0
8863619325,130991304,121,FALSE,1
8863619325,138880576,108,TRUE,0
8863619325,152168157,51,TRUE,0
8863619325,185590374,145,FALSE,1
8863619325,210053851,35,TRUE,0
8863619325,835864135,96,FALSE,1
8863619325,919735867,105,FALSE,1
8863619325,957204049,80,FALSE,1
8864282619,92487440,155,FALSE,1
8864282619,123787715,83,FALSE,1
8864282619,140251702,107,FALSE,1
8864282619,145065875,90,FALSE,1
8864282619,156485213,86,TRUE,0
8864282619,234119750,138,TRUE,0
8864282619,320017600,48,FALSE,1
8864282619,435139370,51,TRUE,0
8864282619,1153798101,39,TRUE,0
8864282619,1675517497,2,TRUE,0
8864356939,92487440,55,TRUE,0
8864356939,123787715,83,TRUE,0
8864356939,140251702,106,TRUE,0
8864356939,145065875,90,TRUE,0
8864356939,156485213,21,FALSE,1
8864356939,234119750,6,FALSE,1
8864356939,320017600,67,TRUE,0
8864356939,435139370,84,FALSE,1
8864356939,1153798101,128,FALSE,1
8864356939,1675517497,155,FALSE,1
8864423988,92487440,2,FALSE,0
8864423988,123787715,51,FALSE,0
8864423988,140251702,74,FALSE,0
8864423988,145065875,123,FALSE,0
8864423988,156485213,21,TRUE,1
8864423988,234119750,69,TRUE,1
8864423988,320017600,109,FALSE,0
8864423988,435139370,3,TRUE,1
8864423988,1153798101,106,TRUE,1
8864423988,1675517497,108,TRUE,1
8864836417,73401082,112,TRUE,0
8864836417,96183976,21,FALSE,1
8864836417,106573901,74,TRUE,0
8864836417,164199202,107,TRUE,0
8864836417,185059559,68,FALSE,1
8864836417,195108598,65,TRUE,0
8864836417,294135421,19,FALSE,1
8864836417,295697470,79,FALSE,1
8864836417,363739653,38,FALSE,1
8864836417,1044002267,145,TRUE,0
8864910702,73401082,3,FALSE,0
8864910702,96183976,53,TRUE,1
8864910702,106573901,120,FALSE,0
8864910702,164199202,119,FALSE,0
8864910702,185059559,66,TRUE,1
8864910702,195108598,96,FALSE,0
8864910702,294135421,19,TRUE,1
8864910702,295697470,123,TRUE,1
8864910702,363739653,85,TRUE,1
8864910702,1044002267,6,FALSE,0
8865201396,86692726,58,TRUE,1
8865201396,90423751,83,FALSE,0
8865201396,99036634,108,TRUE,1
8865201396,151508316,86,TRUE,1
8865201396,154974246,74,FALSE,0
8865201396,160119017,128,FALSE,0
8865201396,191362875,123,FALSE,0
8865201396,206642367,54,FALSE,0
8865201396,361688848,145,TRUE,1
8865201396,396651757,120,TRUE,1
8865235987,86692726,112,FALSE,1
8865235987,90423751,86,TRUE,0
8865235987,99036634,2,FALSE,1
8865235987,151508316,121,FALSE,1
8865235987,154974246,74,TRUE,0
8865235987,160119017,78,TRUE,0
8865235987,191362875,155,TRUE,0
8865235987,206642367,36,TRUE,0
8865235987,361688848,53,FALSE,1
8865235987,396651757,107,FALSE,1
8865634649,101356886,110,TRUE,0
8865634649,106305042,106,FALSE,1
8865634649,111620041,21,TRUE,0
8865634649,138880576,2,TRUE,0
8865634649,152168157,131,TRUE,0
8865634649,210053851,17,TRUE,0
8865634649,218231587,3,FALSE,1
8865634649,302214028,120,FALSE,1
8865634649,321580662,11,FALSE,1
8865634649,847565596,58,FALSE,1
8865744992,101356886,110,TRUE,1
8865744992,106305042,106,FALSE,0
8865744992,111620041,67,TRUE,1
8865744992,138880576,33,TRUE,1
8865744992,152168157,51,TRUE,1
8865744992,210053851,17,TRUE,1
8865744992,218231587,9,FALSE,0
8865744992,302214028,29,FALSE,0
8865744992,321580662,11,FALSE,0
8865744992,847565596,3,FALSE,0
8865839876,101356886,3,TRUE,1
8865839876,106305042,13,FALSE,0
8865839876,111620041,11,TRUE,1
8865839876,138880576,96,TRUE,1
8865839876,152168157,131,TRUE,1
8865839876,210053851,106,TRUE,1
8865839876,218231587,51,FALSE,0
8865839876,302214028,55,FALSE,0
8865839876,321580662,18,FALSE,0
8865839876,847565596,31,FALSE,0
8865950637,73401082,3,TRUE,1
8865950637,94155156,51,FALSE,0
8865950637,97658618,11,FALSE,0
8865950637,106573901,120,TRUE,1
8865950637,126212866,96,FALSE,0
8865950637,154715080,106,FALSE,0
8865950637,164199202,101,TRUE,1
8865950637,195108598,2,TRUE,1
8865950637,241884166,131,FALSE,0
8865950637,1044002267,53,TRUE,1
8866059533,73401082,75,TRUE,0
8866059533,94155156,3,FALSE,1
8866059533,97658618,138,FALSE,1
8866059533,106573901,107,TRUE,0
8866059533,126212866,29,FALSE,1
8866059533,154715080,13,FALSE,1
8866059533,164199202,131,TRUE,0
8866059533,195108598,96,TRUE,0
8866059533,241884166,119,FALSE,1
8866059533,1044002267,19,TRUE,0
8866148821,73401082,9,TRUE,0
8866148821,94155156,110,FALSE,1
8866148821,97658618,67,FALSE,1
8866148821,106573901,107,TRUE,0
8866148821,126212866,155,FALSE,1
8866148821,154715080,13,FALSE,1
8866148821,164199202,90,TRUE,0
8866148821,195108598,2,TRUE,0
8866148821,241884166,86,FALSE,1
8866148821,1044002267,82,TRUE,0
8866565136,1296625,101,TRUE,1
8866565136,86811043,2,TRUE,1
8866565136,90423751,131,FALSE,0
8866565136,92706637,106,TRUE,1
8866565136,94364925,36,TRUE,1
8866565136,154974246,145,FALSE,0
8866565136,160119017,65,FALSE,0
8866565136,191362875,112,FALSE,0
8866565136,192120253,110,TRUE,1
8866565136,206642367,19,FALSE,0
8866595719,1296625,14,FALSE,1
8866595719,86811043,78,FALSE,1
8866595719,90423751,123,TRUE,0
8866595719,92706637,120,FALSE,1
8866595719,94364925,11,FALSE,1
8866595719,154974246,128,TRUE,0
8866595719,160119017,23,TRUE,0
8866595719,191362875,62,TRUE,0
8866595719,192120253,31,FALSE,1
8866595719,206642367,6,TRUE,0
8866899443,92487440,69,TRUE,0
8866899443,122817493,31,FALSE,1
8866899443,123023873,106,FALSE,1
8866899443,123787715,83,TRUE,0
8866899443,125445069,94,FALSE,1
8866899443,140251702,13,TRUE,0
8866899443,145065875,123,TRUE,0
8866899443,175311897,51,FALSE,1
8866899443,320017600,54,TRUE,0
8866899443,383788462,129,FALSE,1
8866967876,92487440,96,FALSE,0
8866967876,122817493,3,TRUE,1
8866967876,123023873,17,TRUE,1
8866967876,123787715,83,FALSE,0
8866967876,125445069,145,TRUE,1
8866967876,140251702,106,FALSE,0
8866967876,145065875,131,FALSE,0
8866967876,175311897,123,TRUE,1
8866967876,320017600,11,FALSE,0
8866967876,383788462,99,TRUE,1
8868198692,86692726,155,TRUE,1
8868198692,90423751,128,FALSE,0
8868198692,99036634,2,TRUE,1
8868198692,151508316,86,TRUE,1
8868198692,154974246,53,FALSE,0
8868198692,160119017,85,FALSE,0
8868198692,191362875,3,FALSE,0
8868198692,206642367,145,FALSE,0
8868198692,361688848,138,TRUE,1
8868198692,396651757,47,TRUE,1
8868259993,86692726,112,TRUE,1
8868259993,90423751,90,FALSE,0
8868259993,99036634,129,TRUE,1
8868259993,151508316,105,TRUE,1
8868259993,154974246,106,FALSE,0
8868259993,160119017,69,FALSE,0
8868259993,191362875,3,FALSE,0
8868259993,206642367,145,FALSE,0
8868259993,361688848,94,TRUE,1
8868259993,396651757,22,TRUE,1
8868289953,86692726,85,FALSE,1
8868289953,90423751,105,TRUE,0
8868289953,99036634,55,FALSE,1
8868289953,151508316,86,FALSE,1
8868289953,154974246,107,TRUE,0
8868289953,160119017,77,TRUE,0
8868289953,191362875,112,TRUE,0
8868289953,206642367,80,TRUE,0
8868289953,361688848,6,FALSE,1
8868289953,396651757,23,FALSE,1
8868891396,92487440,96,FALSE,0
8868891396,123787715,3,FALSE,0
8868891396,130991304,131,TRUE,1
8868891396,140251702,13,FALSE,0
8868891396,145065875,90,FALSE,0
8868891396,185590374,106,TRUE,1
8868891396,320017600,6,FALSE,0
8868891396,835864135,55,TRUE,1
8868891396,919735867,105,TRUE,1
8868891396,957204049,19,TRUE,1
8869032515,92487440,108,TRUE,1
8869032515,123787715,51,TRUE,1
8869032515,130991304,105,FALSE,0
8869032515,140251702,13,TRUE,1
8869032515,145065875,123,TRUE,1
8869032515,185590374,59,FALSE,0
8869032515,320017600,54,TRUE,1
8869032515,835864135,96,FALSE,0
8869032515,919735867,100,FALSE,0
8869032515,957204049,53,FALSE,0
8869138077,92487440,38,FALSE,0
8869138077,123787715,85,FALSE,0
8869138077,130991304,51,TRUE,1
8869138077,140251702,13,FALSE,0
8869138077,145065875,105,FALSE,0
8869138077,185590374,145,TRUE,1
8869138077,320017600,11,FALSE,0
8869138077,835864135,77,TRUE,1
8869138077,919735867,123,TRUE,1
8869138077,957204049,53,TRUE,1
8870805066,92487440,108,FALSE,1
8870805066,94155156,51,TRUE,0
8870805066,97658618,21,TRUE,0
8870805066,123787715,105,FALSE,1
8870805066,126212866,96,TRUE,0
8870805066,140251702,107,FALSE,1
8870805066,145065875,90,FALSE,1
8870805066,154715080,17,TRUE,0
8870805066,241884166,131,TRUE,0
8870805066,320017600,6,FALSE,1
8870918906,92487440,135,TRUE,0
8870918906,94155156,3,FALSE,1
8870918906,97658618,46,FALSE,1
8870918906,123787715,131,TRUE,0
8870918906,126212866,29,FALSE,1
8870918906,140251702,13,TRUE,0
8870918906,145065875,51,TRUE,0
8870918906,154715080,107,FALSE,1
8870918906,241884166,90,FALSE,1
8870918906,320017600,54,TRUE,0
8871085894,92487440,55,TRUE,0
8871085894,94155156,110,FALSE,1
8871085894,97658618,19,FALSE,1
8871085894,123787715,131,TRUE,0
8871085894,126212866,96,FALSE,1
8871085894,140251702,106,TRUE,0
8871085894,145065875,51,TRUE,0
8871085894,154715080,120,FALSE,1
8871085894,241884166,119,FALSE,1
8871085894,320017600,73,TRUE,0
8871239788,101356886,100,TRUE,0
8871239788,111620041,80,TRUE,0
8871239788,138880576,33,TRUE,0
8871239788,140835095,120,FALSE,1
8871239788,152168157,131,TRUE,0
8871239788,194979527,6,FALSE,1
8871239788,210053851,47,TRUE,0
8871239788,217472313,3,FALSE,1
8871239788,860145568,107,FALSE,1
8871239788,1682179459,65,FALSE,1
8871409188,101356886,100,FALSE,1
8871409188,111620041,6,FALSE,1
8871409188,138880576,60,FALSE,1
8871409188,140835095,120,TRUE,0
8871409188,152168157,26,FALSE,1
8871409188,194979527,73,TRUE,0
8871409188,210053851,47,FALSE,1
8871409188,217472313,131,TRUE,0
8871409188,860145568,17,TRUE,0
8871409188,1682179459,105,TRUE,0
8871520485,101356886,110,TRUE,0
8871520485,111620041,97,TRUE,0
8871520485,138880576,98,TRUE,0
8871520485,140835095,29,FALSE,1
8871520485,152168157,2,TRUE,0
8871520485,194979527,67,FALSE,1
8871520485,210053851,35,TRUE,0
8871520485,217472313,131,FALSE,1
8871520485,860145568,120,FALSE,1
8871520485,1682179459,105,FALSE,1
8873294642,86841653,86,TRUE,1
8873294642,97899164,19,TRUE,1
8873294642,101356886,91,FALSE,0
8873294642,140297552,21,FALSE,0
8873294642,141579357,110,TRUE,1
8873294642,152168157,100,FALSE,0
8873294642,155370747,69,FALSE,0
8873294642,198981766,36,FALSE,0
8873294642,228916210,96,TRUE,1
8873294642,864821625,126,TRUE,1
8873335099,49570863,48,TRUE,1
8873335099,64527692,83,FALSE,0
8873335099,107746371,138,FALSE,0
8873335099,123622845,123,FALSE,0
8873335099,138880576,55,TRUE,1
8873335099,164025762,3,TRUE,1
8873335099,176019913,97,TRUE,1
8873335099,258607808,126,FALSE,0
8873335099,1081125817,86,TRUE,1
8873335099,1119556666,29,FALSE,0
8873362808,86841653,68,FALSE,1
8873362808,97899164,19,FALSE,1
8873362808,101356886,90,TRUE,0
8873362808,140297552,22,TRUE,0
8873362808,141579357,119,FALSE,1
8873362808,152168157,131,TRUE,0
8873362808,155370747,38,TRUE,0
8873362808,198981766,102,TRUE,0
8873362808,228916210,2,FALSE,1
8873362808,864821625,86,FALSE,1
8873491003,49570863,48,FALSE,0
8873491003,64527692,64,TRUE,1
8873491003,107746371,6,TRUE,1
8873491003,123622845,123,TRUE,1
8873491003,138880576,55,FALSE,0
8873491003,164025762,31,FALSE,0
8873491003,176019913,106,FALSE,0
8873491003,258607808,59,TRUE,1
8873491003,1081125817,100,FALSE,0
8873491003,1119556666,78,TRUE,1
8873566773,49570863,36,TRUE,1
8873566773,64527692,100,FALSE,0
8873566773,107746371,20,FALSE,0
8873566773,123622845,123,FALSE,0
8873566773,138880576,69,TRUE,1
8873566773,164025762,3,TRUE,1
8873566773,176019913,106,TRUE,1
8873566773,258607808,120,FALSE,0
8873566773,1081125817,121,TRUE,1
8873566773,1119556666,60,FALSE,0
8873801034,86850560,58,TRUE,1
8873801034,145372258,80,TRUE,1
8873801034,157989498,123,FALSE,0
8873801034,193490297,110,TRUE,1
8873801034,200450157,19,TRUE,1
8873801034,349310876,83,FALSE,0
8873801034,352545711,120,FALSE,0
8873801034,363758022,145,FALSE,0
8873801034,410707457,28,TRUE,1
8873801034,1026694469,59,FALSE,0
8873822900,86850560,83,FALSE,1
8873822900,145372258,92,FALSE,1
8873822900,157989498,85,TRUE,0
8873822900,193490297,100,FALSE,1
8873822900,200450157,138,FALSE,1
8873822900,349310876,31,TRUE,0
8873822900,352545711,36,TRUE,0
8873822900,363758022,21,TRUE,0
8873822900,410707457,110,FALSE,1
8873822900,1026694469,90,TRUE,0
8874557399,81268033,51,TRUE,1
8874557399,101356886,3,FALSE,0
8874557399,111211042,135,TRUE,1
8874557399,140297552,36,FALSE,0
8874557399,152168157,21,FALSE,0
8874557399,155370747,69,FALSE,0
8874557399,184786408,109,TRUE,1
8874557399,198981766,11,FALSE,0
8874557399,210167497,76,TRUE,1
8874557399,350277927,131,TRUE,1
8874756841,81268033,100,FALSE,1
8874756841,101356886,90,TRUE,0
8874756841,111211042,129,FALSE,1
8874756841,140297552,107,TRUE,0
8874756841,152168157,3,TRUE,0
8874756841,155370747,2,TRUE,0
8874756841,184786408,11,FALSE,1
8874756841,198981766,6,TRUE,0
8874756841,210167497,25,FALSE,1
8874756841,350277927,105,FALSE,1
8874959435,5844432,128,FALSE,1
8874959435,49570863,48,TRUE,0
8874959435,84592370,129,FALSE,1
8874959435,86999597,39,FALSE,1
8874959435,123343197,6,FALSE,1
8874959435,138880576,155,TRUE,0
8874959435,164025762,31,TRUE,0
8874959435,176019913,126,TRUE,0
8874959435,257988627,64,FALSE,1
8874959435,1081125817,26,TRUE,0
8875050228,5844432,123,FALSE,0
8875050228,49570863,93,TRUE,1
8875050228,84592370,96,FALSE,0
8875050228,86999597,107,FALSE,0
8875050228,123343197,69,FALSE,0
8875050228,138880576,23,TRUE,1
8875050228,164025762,85,TRUE,1
8875050228,176019913,13,TRUE,1
8875050228,257988627,9,FALSE,0
8875050228,1081125817,21,TRUE,1
8875145072,5844432,131,FALSE,1
8875145072,49570863,11,TRUE,0
8875145072,84592370,96,FALSE,1
8875145072,86999597,120,FALSE,1
8875145072,123343197,36,FALSE,1
8875145072,138880576,28,TRUE,0
8875145072,164025762,85,TRUE,0
8875145072,176019913,39,TRUE,0
8875145072,257988627,112,FALSE,1
8875145072,1081125817,26,TRUE,0
8875760957,22010146,86,FALSE,0
8875760957,49570863,11,TRUE,1
8875760957,52197664,13,FALSE,0
8875760957,63564640,108,FALSE,0
8875760957,138880576,2,TRUE,1
8875760957,164025762,100,TRUE,1
8875760957,176019913,126,TRUE,1
8875760957,186360994,3,FALSE,0
8875760957,315016949,70,FALSE,0
8875760957,1081125817,131,TRUE,1
8875841974,22010146,121,FALSE,1
8875841974,49570863,11,TRUE,0
8875841974,52197664,39,FALSE,1
8875841974,63564640,108,FALSE,1
8875841974,138880576,77,TRUE,0
8875841974,164025762,3,TRUE,0
8875841974,176019913,74,TRUE,0
8875841974,186360994,31,FALSE,1
8875841974,315016949,12,FALSE,1
8875841974,1081125817,100,TRUE,0
8875903779,100483784,110,TRUE,1
8875903779,101356886,91,FALSE,0
8875903779,140297552,13,FALSE,0
8875903779,152168157,123,FALSE,0
8875903779,155370747,98,FALSE,0
8875903779,198981766,67,FALSE,0
8875903779,241519559,19,TRUE,1
8875903779,279460864,86,TRUE,1
8875903779,354160772,126,TRUE,1
8875903779,1052101649,69,TRUE,1
8875915348,22010146,21,FALSE,1
8875915348,49570863,48,TRUE,0
8875915348,52197664,106,FALSE,1
8875915348,63564640,85,FALSE,1
8875915348,138880576,38,TRUE,0
8875915348,164025762,3,TRUE,0
8875915348,176019913,126,TRUE,0
8875915348,186360994,100,FALSE,1
8875915348,315016949,138,FALSE,1
8875915348,1081125817,26,TRUE,0
8876016969,49570863,11,FALSE,1
8876016969,138880576,137,FALSE,1
8876016969,164025762,85,FALSE,1
8876016969,176019913,97,FALSE,1
8876016969,208181197,120,TRUE,0
8876016969,220621418,36,TRUE,0
8876016969,257698084,2,TRUE,0
8876016969,270293472,30,TRUE,0
8876016969,317725979,105,TRUE,0
8876016969,1081125817,86,FALSE,1
8876020336,100483784,131,FALSE,1
8876020336,101356886,3,TRUE,0
8876020336,140297552,36,TRUE,0
8876020336,152168157,128,TRUE,0
8876020336,155370747,38,TRUE,0
8876020336,198981766,6,TRUE,0
8876020336,241519559,77,FALSE,1
8876020336,279460864,123,FALSE,1
8876020336,354160772,120,FALSE,1
8876020336,1052101649,109,FALSE,1
8876182829,49570863,20,TRUE,0
8876182829,138880576,96,TRUE,0
8876182829,164025762,3,TRUE,0
8876182829,176019913,74,TRUE,0
8876182829,208181197,107,FALSE,1
8876182829,220621418,82,FALSE,1
8876182829,257698084,2,FALSE,1
8876182829,270293472,75,FALSE,1
8876182829,317725979,123,FALSE,1
8876182829,1081125817,86,TRUE,0
8876335535,49570863,73,TRUE,1
8876335535,138880576,137,TRUE,1
8876335535,164025762,100,TRUE,1
8876335535,176019913,25,TRUE,1
8876335535,208181197,39,FALSE,0
8876335535,220621418,41,FALSE,0
8876335535,257698084,38,FALSE,0
8876335535,270293472,51,FALSE,0
8876335535,317725979,105,FALSE,0
8876335535,1081125817,86,TRUE,1
8876478470,116293223,107,FALSE,1
8876478470,157989498,123,TRUE,0
8876478470,182322692,6,FALSE,1
8876478470,248180032,88,FALSE,1
8876478470,349310876,100,TRUE,0
8876478470,352545711,36,TRUE,0
8876478470,352623024,128,FALSE,1
8876478470,363758022,11,TRUE,0
8876478470,452400903,83,FALSE,1
8876478470,1026694469,155,TRUE,0
8876574066,116293223,13,TRUE,1
8876574066,157989498,51,FALSE,0
8876574066,182322692,80,TRUE,1
8876574066,248180032,100,TRUE,1
8876574066,349310876,3,FALSE,0
8876574066,352545711,23,FALSE,0
8876574066,352623024,29,TRUE,1
8876574066,363758022,145,FALSE,0
8876574066,452400903,110,TRUE,1
8876574066,1026694469,90,FALSE,0
8885183102,10366616,131,TRUE,1
8885183102,25907144,51,TRUE,1
8885183102,100058342,63,TRUE,1
8885183102,165564598,38,FALSE,0
8885183102,172099728,138,FALSE,0
8885183102,183719386,36,TRUE,1
8885183102,196878136,3,FALSE,0
8885183102,317880638,90,FALSE,0
8885183102,480412663,107,FALSE,0
8885183102,898455820,106,TRUE,1
8885195787,90423751,119,FALSE,0
8885195787,96183976,19,TRUE,1
8885195787,154974246,107,FALSE,0
8885195787,160119017,77,FALSE,0
8885195787,185059559,3,TRUE,1
8885195787,191362875,112,FALSE,0
8885195787,206642367,11,FALSE,0
8885195787,294135421,98,TRUE,1
8885195787,295697470,51,TRUE,1
8885195787,363739653,128,TRUE,1
8885195986,94296097,3,FALSE,1
8885195986,101695162,123,FALSE,1
8885195986,115651292,106,TRUE,0
8885195986,129958758,135,FALSE,1
8885195986,173978074,114,FALSE,1
8885195986,203351055,69,TRUE,0
8885195986,230487729,53,TRUE,0
8885195986,879017980,19,TRUE,0
8885195986,898754153,21,FALSE,1
8885195986,1202267677,131,TRUE,0
8885250776,90423751,119,FALSE,0
8885250776,96183976,48,TRUE,1
8885250776,154974246,107,FALSE,0
8885250776,160119017,69,FALSE,0
8885250776,185059559,51,TRUE,1
8885250776,191362875,3,FALSE,0
8885250776,206642367,53,FALSE,0
8885250776,294135421,98,TRUE,1
8885250776,295697470,128,TRUE,1
8885250776,363739653,155,TRUE,1
8885252329,10366616,83,FALSE,0
8885252329,25907144,51,FALSE,0
8885252329,100058342,56,FALSE,0
8885252329,165564598,155,TRUE,1
8885252329,172099728,21,TRUE,1
8885252329,183719386,98,FALSE,0
8885252329,196878136,100,TRUE,1
8885252329,317880638,65,TRUE,1
8885252329,480412663,107,TRUE,1
8885252329,898455820,128,FALSE,0
8885275216,94296097,3,TRUE,0
8885275216,101695162,86,TRUE,0
8885275216,115651292,38,FALSE,1
8885275216,129958758,128,TRUE,0
8885275216,173978074,106,TRUE,0
8885275216,203351055,85,FALSE,1
8885275216,230487729,9,FALSE,1
8885275216,879017980,21,FALSE,1
8885275216,898754153,19,TRUE,0
8885275216,1202267677,51,FALSE,1
8885365825,92487440,108,FALSE,1
8885365825,101356886,90,TRUE,0
8885365825,111030315,51,FALSE,1
8885365825,111620041,73,TRUE,0
8885365825,123787715,131,FALSE,1
8885365825,138880576,69,TRUE,0
8885365825,140251702,106,FALSE,1
8885365825,152168157,123,TRUE,0
8885365825,210053851,59,TRUE,0
8885365825,320017600,11,FALSE,1
8885380529,16497807,30,FALSE,0
8885380529,77490514,107,FALSE,0
8885380529,97590558,55,FALSE,0
8885380529,152962063,145,FALSE,0
8885380529,157989498,88,TRUE,1
8885380529,201358612,53,FALSE,0
8885380529,252737052,47,TRUE,1
8885380529,352545711,28,TRUE,1
8885380529,363758022,11,TRUE,1
8885380529,1031547092,111,TRUE,1
8885411801,93526520,14,FALSE,1
8885411801,124801257,11,TRUE,0
8885411801,126842529,38,TRUE,0
8885411801,196482746,106,FALSE,1
8885411801,206097366,123,FALSE,1
8885411801,256156323,90,TRUE,0
8885411801,301750126,114,TRUE,0
8885411801,320219866,110,TRUE,0
8885411801,340421206,3,FALSE,1
8885411801,1092267175,56,FALSE,1
8885470551,92487440,29,TRUE,1
8885470551,101356886,90,FALSE,0
8885470551,111030315,51,TRUE,1
8885470551,111620041,21,FALSE,0
8885470551,123787715,121,TRUE,1
8885470551,138880576,77,FALSE,0
8885470551,140251702,106,TRUE,1
8885470551,152168157,131,FALSE,0
8885470551,210053851,107,FALSE,0
8885470551,320017600,8,TRUE,1
8885473599,16497807,57,FALSE,1
8885473599,77490514,21,FALSE,1
8885473599,97590558,2,FALSE,1
8885473599,152962063,6,FALSE,1
8885473599,157989498,100,TRUE,0
8885473599,201358612,17,FALSE,1
8885473599,252737052,137,TRUE,0
8885473599,352545711,107,TRUE,0
8885473599,363758022,11,TRUE,0
8885473599,1031547092,123,TRUE,0
8885529711,93526520,96,TRUE,1
8885529711,124801257,11,FALSE,0
8885529711,126842529,155,FALSE,0
8885529711,196482746,43,TRUE,1
8885529711,206097366,128,TRUE,1
8885529711,256156323,123,FALSE,0
8885529711,301750126,106,FALSE,0
8885529711,320219866,64,FALSE,0
8885529711,340421206,30,TRUE,1
8885529711,1092267175,19,TRUE,1
8885614030,111114687,3,FALSE,0
8885614030,118134220,85,FALSE,0
8885614030,118559150,22,TRUE,1
8885614030,137129583,128,FALSE,0
8885614030,140411011,72,TRUE,1
8885614030,155447692,123,TRUE,1
8885614030,156328257,69,TRUE,1
8885614030,157475523,9,FALSE,0
8885614030,181716137,17,TRUE,1
8885614030,320252024,11,FALSE,0
8885633666,9403474,100,TRUE,1
8885633666,106305042,13,FALSE,0
8885633666,108958769,3,TRUE,1
8885633666,116585378,107,TRUE,1
8885633666,127617979,114,TRUE,1
8885633666,190826739,47,TRUE,1
8885633666,218231587,86,FALSE,0
8885633666,302214028,69,FALSE,0
8885633666,321580662,56,FALSE,0
8885633666,847565596,51,FALSE,0
8885665054,73401082,57,FALSE,0
8885665054,81475303,110,TRUE,1
8885665054,87063175,51,TRUE,1
8885665054,100471531,33,TRUE,1
8885665054,106573901,13,FALSE,0
8885665054,131303632,107,TRUE,1
8885665054,164199202,119,FALSE,0
8885665054,195108598,155,FALSE,0
8885665054,968545762,61,TRUE,1
8885665054,1044002267,80,FALSE,0
8885723512,111114687,85,TRUE,0
8885723512,118134220,155,TRUE,0
8885723512,118559150,5,FALSE,1
8885723512,137129583,17,TRUE,0
8885723512,140411011,6,FALSE,1
8885723512,155447692,21,FALSE,1
8885723512,156328257,2,FALSE,1
8885723512,157475523,123,TRUE,0
8885723512,181716137,120,FALSE,1
8885723512,320252024,11,TRUE,0
8885775271,73401082,112,TRUE,0
8885775271,81475303,3,FALSE,1
8885775271,87063175,90,FALSE,1
8885775271,100471531,77,FALSE,1
8885775271,106573901,7,TRUE,0
8885775271,131303632,13,FALSE,1
8885775271,164199202,119,TRUE,0
8885775271,195108598,60,TRUE,0
8885775271,968545762,69,FALSE,1
8885775271,1044002267,6,TRUE,0
8885784652,9403474,121,FALSE,0
8885784652,106305042,22,TRUE,1
8885784652,108958769,83,FALSE,0
8885784652,116585378,13,FALSE,0
8885784652,127617979,15,FALSE,0
8885784652,190826739,29,FALSE,0
8885784652,218231587,105,TRUE,1
8885784652,302214028,96,TRUE,1
8885784652,321580662,21,TRUE,1
8885784652,847565596,58,TRUE,1
8885859920,81306398,155,TRUE,1
8885859920,94155156,131,FALSE,0
8885859920,97658618,21,FALSE,0
8885859920,105045291,123,TRUE,1
8885859920,126212866,55,FALSE,0
8885859920,154715080,107,FALSE,0
8885859920,177203952,6,TRUE,1
8885859920,241884166,51,FALSE,0
8885859920,292921272,69,TRUE,1
8885859920,1026694469,36,TRUE,1
8885871759,86698277,96,FALSE,0
8885871759,93618577,74,FALSE,0
8885871759,117514269,155,TRUE,1
8885871759,136829091,3,FALSE,0
8885871759,196400041,51,TRUE,1
8885871759,262476000,17,TRUE,1
8885871759,331855530,6,FALSE,0
8885871759,346412363,21,FALSE,0
8885871759,458287006,56,TRUE,1
8885871759,1172719712,123,TRUE,1
8885928262,56351509,96,FALSE,0
8885928262,93817671,112,FALSE,0
8885928262,100594231,9,TRUE,1
8885928262,103735745,53,FALSE,0
8885928262,132309493,38,TRUE,1
8885928262,155494381,71,TRUE,1
8885928262,171262902,145,FALSE,0
8885928262,312436974,106,FALSE,0
8885928262,324277900,107,TRUE,1
8885928262,355168766,73,TRUE,1
8885974297,86698277,60,TRUE,0
8885974297,93618577,106,TRUE,0
8885974297,117514269,96,FALSE,1
8885974297,136829091,91,TRUE,0
8885974297,196400041,58,FALSE,1
8885974297,262476000,74,FALSE,1
8885974297,331855530,6,TRUE,0
8885974297,346412363,21,TRUE,0
8885974297,458287006,38,FALSE,1
8885974297,1172719712,123,FALSE,1
8886005043,56351509,38,TRUE,1
8886005043,93817671,51,TRUE,1
8886005043,100594231,9,FALSE,0
8886005043,103735745,90,TRUE,1
8886005043,132309493,96,FALSE,0
8886005043,155494381,119,FALSE,0
8886005043,171262902,109,TRUE,1
8886005043,312436974,106,TRUE,1
8886005043,324277900,107,FALSE,0
8886005043,355168766,6,FALSE,0
8886013461,81306398,51,TRUE,0
8886013461,94155156,131,FALSE,1
8886013461,97658618,6,FALSE,1
8886013461,105045291,121,TRUE,0
8886013461,126212866,2,FALSE,1
8886013461,154715080,13,FALSE,1
8886013461,177203952,36,TRUE,0
8886013461,241884166,107,FALSE,1
8886013461,292921272,33,TRUE,0
8886013461,1026694469,17,TRUE,0
8886567629,10366616,85,FALSE,0
8886567629,25907144,131,FALSE,0
8886567629,100058342,11,FALSE,0
8886567629,115651292,13,TRUE,1
8886567629,183719386,2,FALSE,0
8886567629,203351055,69,TRUE,1
8886567629,230487729,65,TRUE,1
8886567629,879017980,21,TRUE,1
8886567629,898455820,107,FALSE,0
8886567629,1202267677,51,TRUE,1
8886572854,90423751,119,TRUE,1
8886572854,94296097,31,FALSE,0
8886572854,101695162,71,FALSE,0
8886572854,129958758,55,FALSE,0
8886572854,154974246,155,TRUE,1
8886572854,160119017,33,TRUE,1
8886572854,173978074,25,FALSE,0
8886572854,191362875,112,TRUE,1
8886572854,206642367,11,TRUE,1
8886572854,898754153,80,FALSE,0
8886576019,96183976,11,FALSE,1
8886576019,165564598,65,TRUE,0
8886576019,172099728,19,TRUE,0
8886576019,185059559,87,FALSE,1
8886576019,196878136,112,TRUE,0
8886576019,294135421,22,FALSE,1
8886576019,295697470,79,FALSE,1
8886576019,317880638,92,TRUE,0
8886576019,363739653,107,FALSE,1
8886576019,480412663,25,TRUE,0
8886638110,96183976,19,TRUE,1
8886638110,165564598,2,FALSE,0
8886638110,172099728,145,FALSE,0
8886638110,185059559,87,TRUE,1
8886638110,196878136,3,FALSE,0
8886638110,294135421,47,TRUE,1
8886638110,295697470,131,TRUE,1
8886638110,317880638,9,FALSE,0
8886638110,363739653,107,TRUE,1
8886638110,480412663,28,FALSE,0
8886640910,10366616,85,FALSE,0
8886640910,25907144,51,FALSE,0
8886640910,100058342,11,FALSE,0
8886640910,115651292,107,TRUE,1
8886640910,183719386,98,FALSE,0
8886640910,203351055,69,TRUE,1
8886640910,230487729,65,TRUE,1
8886640910,879017980,53,TRUE,1
8886640910,898455820,106,FALSE,0
8886640910,1202267677,9,TRUE,1
8886641793,90423751,119,TRUE,1
8886641793,94296097,31,FALSE,0
8886641793,101695162,86,FALSE,0
8886641793,129958758,128,FALSE,0
8886641793,154974246,23,TRUE,1
8886641793,160119017,108,TRUE,1
8886641793,173978074,53,FALSE,0
8886641793,191362875,112,TRUE,1
8886641793,206642367,36,TRUE,1
8886641793,898754153,80,FALSE,0
8886728756,92487440,55,TRUE,0
8886728756,111030315,107,TRUE,0
8886728756,123787715,131,TRUE,0
8886728756,140251702,106,TRUE,0
8886728756,157989498,88,FALSE,1
8886728756,252737052,155,FALSE,1
8886728756,320017600,109,TRUE,0
8886728756,352545711,28,FALSE,1
8886728756,363758022,11,FALSE,1
8886728756,1031547092,65,FALSE,1
8886736772,16497807,85,FALSE,0
8886736772,77490514,119,FALSE,0
8886736772,93526520,78,TRUE,1
8886736772,97590558,2,FALSE,0
8886736772,152962063,11,FALSE,0
8886736772,196482746,126,TRUE,1
8886736772,201358612,107,FALSE,0
8886736772,206097366,123,TRUE,1
8886736772,340421206,105,TRUE,1
8886736772,1092267175,6,TRUE,1
8886788497,101356886,100,TRUE,1
8886788497,111620041,21,TRUE,1
8886788497,124801257,11,FALSE,0
8886788497,126842529,96,FALSE,0
8886788497,138880576,55,TRUE,1
8886788497,152168157,123,TRUE,1
8886788497,210053851,106,TRUE,1
8886788497,256156323,26,FALSE,0
8886788497,301750126,74,FALSE,0
8886788497,320219866,83,FALSE,0
8886815251,92487440,69,FALSE,1
8886815251,111030315,107,FALSE,1
8886815251,123787715,131,FALSE,1
8886815251,140251702,74,FALSE,1
8886815251,157989498,51,TRUE,0
8886815251,252737052,33,TRUE,0
8886815251,320017600,11,FALSE,1
8886815251,352545711,36,TRUE,0
8886815251,363758022,56,TRUE,0
8886815251,1031547092,83,TRUE,0
8886862310,16497807,155,FALSE,0
8886862310,77490514,123,FALSE,0
8886862310,93526520,55,TRUE,1
8886862310,97590558,2,FALSE,0
8886862310,152962063,11,FALSE,0
8886862310,196482746,128,TRUE,1
8886862310,201358612,106,FALSE,0
8886862310,206097366,26,TRUE,1
8886862310,340421206,85,TRUE,1
8886862310,1092267175,21,TRUE,1
8886893266,101356886,50,FALSE,0
8886893266,111620041,73,FALSE,0
8886893266,124801257,21,TRUE,1
8886893266,126842529,85,TRUE,1
8886893266,138880576,155,FALSE,0
8886893266,152168157,123,FALSE,0
8886893266,210053851,106,FALSE,0
8886893266,256156323,86,TRUE,1
8886893266,301750126,74,TRUE,1
8886893266,320219866,110,TRUE,1
8886994890,81475303,87,TRUE,1
8886994890,87063175,51,TRUE,1
8886994890,100471531,128,TRUE,1
8886994890,106305042,13,FALSE,0
8886994890,131303632,35,TRUE,1
8886994890,218231587,86,FALSE,0
8886994890,302214028,2,FALSE,0
8886994890,321580662,11,FALSE,0
8886994890,847565596,85,FALSE,0
8886994890,968545762,21,TRUE,1
8887100676,73401082,112,FALSE,0
8887100676,106573901,120,FALSE,0
8887100676,111114687,111,TRUE,1
8887100676,118134220,65,TRUE,1
8887100676,137129583,52,TRUE,1
8887100676,157475523,51,TRUE,1
8887100676,164199202,107,FALSE,0
8887100676,195108598,55,FALSE,0
8887100676,320252024,11,TRUE,1
8887100676,1044002267,18,FALSE,0
8887114313,81475303,87,TRUE,1
8887114313,87063175,51,TRUE,1
8887114313,100471531,33,TRUE,1
8887114313,106305042,25,FALSE,0
8887114313,131303632,128,TRUE,1
8887114313,218231587,123,FALSE,0
8887114313,302214028,2,FALSE,0
8887114313,321580662,80,FALSE,0
8887114313,847565596,31,FALSE,0
8887114313,968545762,38,TRUE,1
8887197358,73401082,75,FALSE,0
8887197358,106573901,106,FALSE,0
8887197358,111114687,131,TRUE,1
8887197358,118134220,155,TRUE,1
8887197358,137129583,17,TRUE,1
8887197358,157475523,21,TRUE,1
8887197358,164199202,107,FALSE,0
8887197358,195108598,55,FALSE,0
8887197358,320252024,70,TRUE,1
8887197358,1044002267,54,FALSE,0
8887218598,81306398,51,FALSE,0
8887218598,100594231,57,TRUE,1
8887218598,105045291,105,FALSE,0
8887218598,132309493,38,TRUE,1
8887218598,155494381,90,TRUE,1
8887218598,177203952,56,FALSE,0
8887218598,292921272,33,FALSE,0
8887218598,324277900,35,TRUE,1
8887218598,355168766,80,TRUE,1
8887218598,1026694469,59,FALSE,0
8887260104,56351509,96,TRUE,0
8887260104,93817671,85,TRUE,0
8887260104,103735745,53,TRUE,0
8887260104,117514269,135,FALSE,1
8887260104,171262902,6,TRUE,0
8887260104,196400041,58,FALSE,1
8887260104,262476000,17,FALSE,1
8887260104,312436974,106,TRUE,0
8887260104,458287006,145,FALSE,1
8887260104,1172719712,100,FALSE,1
8887314193,81306398,3,TRUE,0
8887314193,100594231,57,FALSE,1
8887314193,105045291,90,TRUE,0
8887314193,132309493,155,FALSE,1
8887314193,155494381,123,FALSE,1
8887314193,177203952,36,TRUE,0
8887314193,292921272,14,TRUE,0
8887314193,324277900,13,FALSE,1
8887314193,355168766,11,FALSE,1
8887314193,1026694469,19,TRUE,0
8887325211,86698277,96,FALSE,0
8887325211,93618577,53,FALSE,0
8887325211,94155156,51,TRUE,1
8887325211,97658618,46,TRUE,1
8887325211,126212866,55,TRUE,1
8887325211,136829091,100,FALSE,0
8887325211,154715080,17,TRUE,1
8887325211,241884166,107,TRUE,1
8887325211,331855530,145,FALSE,0
8887325211,346412363,21,FALSE,0
8887337672,56351509,23,TRUE,0
8887337672,93817671,9,TRUE,0
8887337672,103735745,79,TRUE,0
8887337672,117514269,108,FALSE,1
8887337672,171262902,12,TRUE,0
8887337672,196400041,51,FALSE,1
8887337672,262476000,106,FALSE,1
8887337672,312436974,74,TRUE,0
8887337672,458287006,6,FALSE,1
8887337672,1172719712,123,FALSE,1
8887432754,86698277,155,TRUE,0
8887432754,93618577,106,TRUE,0
8887432754,94155156,112,FALSE,1
8887432754,97658618,19,FALSE,1
8887432754,126212866,77,FALSE,1
8887432754,136829091,31,TRUE,0
8887432754,154715080,107,FALSE,1
8887432754,241884166,119,FALSE,1
8887432754,331855530,46,TRUE,0
8887432754,346412363,90,TRUE,0
8887986392,94296097,31,FALSE,0
8887986392,96183976,54,TRUE,1
8887986392,101695162,123,FALSE,0
8887986392,129958758,96,FALSE,0
8887986392,173978074,16,FALSE,0
8887986392,185059559,87,TRUE,1
8887986392,294135421,13,TRUE,1
8887986392,295697470,21,TRUE,1
8887986392,363739653,38,TRUE,1
8887986392,898754153,11,FALSE,0
8887988797,10366616,83,FALSE,0
8887988797,25907144,51,FALSE,0
8887988797,90423751,119,TRUE,1
8887988797,100058342,21,FALSE,0
8887988797,154974246,47,TRUE,1
8887988797,160119017,2,TRUE,1
8887988797,183719386,135,FALSE,0
8887988797,191362875,75,TRUE,1
8887988797,206642367,6,TRUE,1
8887988797,898455820,128,FALSE,0
8887998750,115651292,13,TRUE,0
8887998750,165564598,98,FALSE,1
8887998750,172099728,6,FALSE,1
8887998750,196878136,30,FALSE,1
8887998750,203351055,55,TRUE,0
8887998750,230487729,123,TRUE,0
8887998750,317880638,105,FALSE,1
8887998750,480412663,60,FALSE,1
8887998750,879017980,67,TRUE,0
8887998750,1202267677,85,TRUE,0
8888056358,94296097,9,TRUE,1
8888056358,96183976,109,FALSE,0
8888056358,101695162,51,TRUE,1
8888056358,129958758,128,TRUE,1
8888056358,173978074,13,TRUE,1
8888056358,185059559,87,FALSE,0
8888056358,294135421,90,FALSE,0
8888056358,295697470,107,FALSE,0
8888056358,363739653,65,FALSE,0
8888056358,898754153,10,TRUE,1
8888066684,115651292,106,FALSE,1
8888066684,165564598,155,TRUE,0
8888066684,172099728,6,TRUE,0
8888066684,196878136,87,TRUE,0
8888066684,203351055,2,FALSE,1
8888066684,230487729,123,FALSE,1
8888066684,317880638,131,TRUE,0
8888066684,480412663,107,TRUE,0
8888066684,879017980,21,FALSE,1
8888066684,1202267677,85,FALSE,1
8888083694,10366616,58,TRUE,0
8888083694,25907144,51,TRUE,0
8888083694,90423751,119,FALSE,1
8888083694,100058342,19,TRUE,0
8888083694,154974246,74,FALSE,1
8888083694,160119017,60,FALSE,1
8888083694,183719386,36,TRUE,0
8888083694,191362875,85,FALSE,1
8888083694,206642367,11,FALSE,1
8888083694,898455820,107,TRUE,0
8888160657,92487440,2,TRUE,1
8888160657,111030315,123,TRUE,1
8888160657,123787715,58,TRUE,1
8888160657,124801257,11,FALSE,0
8888160657,126842529,85,FALSE,0
8888160657,140251702,106,TRUE,1
8888160657,256156323,26,FALSE,0
8888160657,301750126,114,FALSE,0
8888160657,320017600,73,TRUE,1
8888160657,320219866,112,FALSE,0
8888217771,16497807,30,TRUE,1
8888217771,77490514,90,TRUE,1
8888217771,97590558,85,TRUE,1
8888217771,101356886,3,FALSE,0
8888217771,111620041,11,FALSE,0
8888217771,138880576,108,FALSE,0
8888217771,152168157,123,FALSE,0
8888217771,152962063,67,TRUE,1
8888217771,201358612,106,TRUE,1
8888217771,210053851,36,FALSE,0
8888260336,92487440,2,FALSE,1
8888260336,111030315,107,FALSE,1
8888260336,123787715,131,FALSE,1
8888260336,124801257,67,TRUE,0
8888260336,126842529,155,TRUE,0
8888260336,140251702,106,FALSE,1
8888260336,256156323,26,TRUE,0
8888260336,301750126,36,TRUE,0
8888260336,320017600,54,FALSE,1
8888260336,320219866,112,TRUE,0
8888318197,16497807,51,FALSE,1
8888318197,77490514,107,FALSE,1
8888318197,97590558,2,FALSE,1
8888318197,101356886,91,TRUE,0
8888318197,111620041,73,TRUE,0
8888318197,138880576,77,TRUE,0
8888318197,152168157,21,TRUE,0
8888318197,152962063,6,FALSE,1
8888318197,201358612,13,FALSE,1
8888318197,210053851,36,TRUE,0
8888425887,73401082,112,FALSE,0
8888425887,106573901,107,FALSE,0
8888425887,118559150,58,TRUE,1
8888425887,140411011,19,TRUE,1
8888425887,155447692,105,TRUE,1
8888425887,156328257,137,TRUE,1
8888425887,164199202,119,FALSE,0
8888425887,181716137,38,TRUE,1
8888425887,195108598,135,FALSE,0
8888425887,1044002267,6,FALSE,0
8888489297,106305042,106,FALSE,0
8888489297,111114687,83,TRUE,1
8888489297,118134220,96,TRUE,1
8888489297,137129583,17,TRUE,1
8888489297,157475523,101,TRUE,1
8888489297,218231587,119,FALSE,0
8888489297,302214028,155,FALSE,0
8888489297,320252024,109,TRUE,1
8888489297,321580662,54,FALSE,0
8888489297,847565596,51,FALSE,0
8888554919,73401082,31,TRUE,0
8888554919,106573901,107,TRUE,0
8888554919,118559150,121,FALSE,1
8888554919,140411011,80,FALSE,1
8888554919,155447692,86,FALSE,1
8888554919,156328257,96,FALSE,1
8888554919,164199202,90,TRUE,0
8888554919,181716137,17,FALSE,1
8888554919,195108598,108,TRUE,0
8888554919,1044002267,18,TRUE,0
8888592426,106305042,128,FALSE,0
8888592426,111114687,3,TRUE,1
8888592426,118134220,96,TRUE,1
8888592426,137129583,120,TRUE,1
8888592426,157475523,21,TRUE,1
8888592426,218231587,131,FALSE,0
8888592426,302214028,2,FALSE,0
8888592426,320252024,36,TRUE,1
8888592426,321580662,109,FALSE,0
8888592426,847565596,51,FALSE,0
8888682602,100594231,90,TRUE,0
8888682602,117514269,2,FALSE,1
8888682602,132309493,55,TRUE,0
8888682602,155494381,51,TRUE,0
8888682602,196400041,58,FALSE,1
8888682602,262476000,39,FALSE,1
8888682602,324277900,17,TRUE,0
8888682602,355168766,36,TRUE,0
8888682602,458287006,11,FALSE,1
8888682602,1172719712,123,FALSE,1
8888693655,56351509,33,TRUE,0
8888693655,93817671,30,TRUE,0
8888693655,94155156,3,FALSE,1
8888693655,97658618,11,FALSE,1
8888693655,103735745,128,TRUE,0
8888693655,126212866,155,FALSE,1
8888693655,154715080,120,FALSE,1
8888693655,171262902,12,TRUE,0
8888693655,241884166,86,FALSE,1
8888693655,312436974,107,TRUE,0
8888731478,81306398,131,TRUE,1
8888731478,86698277,96,FALSE,0
8888731478,93618577,7,FALSE,0
8888731478,105045291,90,TRUE,1
8888731478,136829091,3,FALSE,0
8888731478,177203952,109,TRUE,1
8888731478,292921272,38,TRUE,1
8888731478,331855530,80,FALSE,0
8888731478,346412363,119,FALSE,0
8888731478,1026694469,13,TRUE,1
8888771711,100594231,90,TRUE,0
8888771711,117514269,28,FALSE,1
8888771711,132309493,69,TRUE,0
8888771711,155494381,51,TRUE,0
8888771711,196400041,131,FALSE,1
8888771711,262476000,145,FALSE,1
8888771711,324277900,13,TRUE,0
8888771711,355168766,109,TRUE,0
8888771711,458287006,61,FALSE,1
8888771711,1172719712,128,FALSE,1
8888776689,56351509,33,TRUE,0
8888776689,93817671,30,TRUE,0
8888776689,94155156,112,FALSE,1
8888776689,97658618,80,FALSE,1
8888776689,103735745,123,TRUE,0
8888776689,126212866,96,FALSE,1
8888776689,154715080,120,FALSE,1
8888776689,171262902,145,TRUE,0
8888776689,241884166,128,FALSE,1
8888776689,312436974,28,TRUE,0
8888819433,81306398,58,TRUE,1
8888819433,86698277,77,FALSE,0
8888819433,93618577,74,FALSE,0
8888819433,105045291,51,TRUE,1
8888819433,136829091,3,FALSE,0
8888819433,177203952,6,TRUE,1
8888819433,292921272,65,TRUE,1
8888819433,331855530,145,FALSE,0
8888819433,346412363,123,FALSE,0
8888819433,1026694469,38,TRUE,1
8889452921,90423751,26,FALSE,0
8889452921,115651292,13,TRUE,1
8889452921,154974246,155,FALSE,0
8889452921,160119017,77,FALSE,0
8889452921,191362875,83,FALSE,0
8889452921,203351055,69,TRUE,1
8889452921,206642367,21,FALSE,0
8889452921,230487729,90,TRUE,1
8889452921,879017980,56,TRUE,1
8889452921,1202267677,51,TRUE,1
8889452983,10366616,85,TRUE,0
8889452983,25907144,58,TRUE,0
8889452983,96183976,6,FALSE,1
8889452983,100058342,67,TRUE,0
8889452983,183719386,2,TRUE,0
8889452983,185059559,112,FALSE,1
8889452983,294135421,98,FALSE,1
8889452983,295697470,21,FALSE,1
8889452983,363739653,96,FALSE,1
8889452983,898455820,107,TRUE,0
8889468264,94296097,3,FALSE,1
8889468264,101695162,9,FALSE,1
8889468264,129958758,69,FALSE,1
8889468264,165564598,155,TRUE,0
8889468264,172099728,12,TRUE,0
8889468264,173978074,17,FALSE,1
8889468264,196878136,112,TRUE,0
8889468264,317880638,131,TRUE,0
8889468264,480412663,106,TRUE,0
8889468264,898754153,109,FALSE,1
8889513730,10366616,131,FALSE,0
8889513730,25907144,58,FALSE,0
8889513730,96183976,17,TRUE,1
8889513730,100058342,56,FALSE,0
8889513730,183719386,98,FALSE,0
8889513730,185059559,85,TRUE,1
8889513730,294135421,128,TRUE,1
8889513730,295697470,123,TRUE,1
8889513730,363739653,96,TRUE,1
8889513730,898455820,107,FALSE,0
8889524021,94296097,31,TRUE,1
8889524021,101695162,86,TRUE,1
8889524021,129958758,96,TRUE,1
8889524021,165564598,60,FALSE,0
8889524021,172099728,4,FALSE,0
8889524021,173978074,13,TRUE,1
8889524021,196878136,3,FALSE,0
8889524021,317880638,9,FALSE,0
8889524021,480412663,107,FALSE,0
8889524021,898754153,109,TRUE,1
8889538949,90423751,90,TRUE,1
8889538949,115651292,106,FALSE,0
8889538949,154974246,47,TRUE,1
8889538949,160119017,2,TRUE,1
8889538949,191362875,112,TRUE,1
8889538949,203351055,128,FALSE,0
8889538949,206642367,145,TRUE,1
8889538949,230487729,123,FALSE,0
8889538949,879017980,11,FALSE,0
8889538949,1202267677,131,FALSE,0
8889615310,16497807,30,TRUE,0
8889615310,77490514,51,TRUE,0
8889615310,92487440,108,FALSE,1
8889615310,97590558,33,TRUE,0
8889615310,111030315,119,FALSE,1
8889615310,123787715,131,FALSE,1
8889615310,140251702,107,FALSE,1
8889615310,152962063,67,TRUE,0
8889615310,201358612,74,TRUE,0
8889615310,320017600,54,FALSE,1
8889621582,124801257,21,FALSE,0
8889621582,126842529,155,FALSE,0
8889621582,157989498,26,TRUE,1
8889621582,252737052,69,TRUE,1
8889621582,256156323,86,FALSE,0
8889621582,301750126,106,FALSE,0
8889621582,320219866,64,FALSE,0
8889621582,352545711,107,TRUE,1
8889621582,363758022,6,TRUE,1
8889621582,1031547092,123,TRUE,1
8889693867,93526520,155,TRUE,1
8889693867,101356886,50,FALSE,0
8889693867,111620041,19,FALSE,0
8889693867,138880576,36,FALSE,0
8889693867,152168157,123,FALSE,0
8889693867,196482746,52,TRUE,1
8889693867,206097366,119,TRUE,1
8889693867,210053851,47,FALSE,0
8889693867,340421206,131,TRUE,1
8889693867,1092267175,69,TRUE,1
8889699098,16497807,100,TRUE,0
8889699098,77490514,119,TRUE,0
8889699098,92487440,96,FALSE,1
8889699098,97590558,77,TRUE,0
8889699098,111030315,107,FALSE,1
8889699098,123787715,3,FALSE,1
8889699098,140251702,126,FALSE,1
8889699098,152962063,11,TRUE,0
8889699098,201358612,74,TRUE,0
8889699098,320017600,6,FALSE,1
8889733840,124801257,73,TRUE,0
8889733840,126842529,85,TRUE,0
8889733840,157989498,86,FALSE,1
8889733840,252737052,78,FALSE,1
8889733840,256156323,119,TRUE,0
8889733840,301750126,106,TRUE,0
8889733840,320219866,37,TRUE,0
8889733840,352545711,107,FALSE,1
8889733840,363758022,53,FALSE,1
8889733840,1031547092,123,FALSE,1
8889789755,93526520,96,FALSE,1
8889789755,101356886,91,TRUE,0
8889789755,111620041,73,TRUE,0
8889789755,138880576,77,TRUE,0
8889789755,152168157,51,TRUE,0
8889789755,196482746,120,FALSE,1
8889789755,206097366,123,FALSE,1
8889789755,210053851,35,TRUE,0
8889789755,340421206,85,FALSE,1
8889789755,1092267175,6,FALSE,1
8889871314,81475303,31,TRUE,1
8889871314,87063175,79,TRUE,1
8889871314,100471531,23,TRUE,1
8889871314,111114687,3,FALSE,0
8889871314,118134220,29,FALSE,0
8889871314,131303632,13,TRUE,1
8889871314,137129583,107,FALSE,0
8889871314,157475523,22,FALSE,0
8889871314,320252024,11,FALSE,0
8889871314,968545762,77,TRUE,1
8889914618,9403474,83,FALSE,1
8889914618,73401082,105,TRUE,0
8889914618,106573901,106,TRUE,0
8889914618,108958769,58,FALSE,1
8889914618,116585378,13,FALSE,1
8889914618,127617979,49,FALSE,1
8889914618,164199202,90,TRUE,0
8889914618,190826739,55,FALSE,1
8889914618,195108598,155,TRUE,0
8889914618,1044002267,6,TRUE,0
8889944251,106305042,107,FALSE,0
8889944251,118559150,58,TRUE,1
8889944251,140411011,48,TRUE,1
8889944251,155447692,105,TRUE,1
8889944251,156328257,137,TRUE,1
8889944251,181716137,13,TRUE,1
8889944251,218231587,86,FALSE,0
8889944251,302214028,69,FALSE,0
8889944251,321580662,6,FALSE,0
8889944251,847565596,31,FALSE,0
8890008812,81475303,31,FALSE,1
8890008812,87063175,123,FALSE,1
8890008812,100471531,128,FALSE,1
8890008812,111114687,51,TRUE,0
8890008812,118134220,69,TRUE,0
8890008812,131303632,74,FALSE,1
8890008812,137129583,25,TRUE,0
8890008812,157475523,26,TRUE,0
8890008812,320252024,56,TRUE,0
8890008812,968545762,19,FALSE,1
8890036748,9403474,51,TRUE,1
8890036748,73401082,84,FALSE,0
8890036748,106573901,120,FALSE,0
8890036748,108958769,3,TRUE,1
8890036748,116585378,74,TRUE,1
8890036748,127617979,73,TRUE,1
8890036748,164199202,90,FALSE,0
8890036748,190826739,55,TRUE,1
8890036748,195108598,38,FALSE,0
8890036748,1044002267,6,FALSE,0
8890074597,106305042,74,TRUE,0
8890074597,118559150,5,FALSE,1
8890074597,140411011,11,FALSE,1
8890074597,155447692,65,FALSE,1
8890074597,156328257,77,FALSE,1
8890074597,181716137,128,FALSE,1
8890074597,218231587,123,TRUE,0
8890074597,302214028,55,TRUE,0
8890074597,321580662,145,TRUE,0
8890074597,847565596,3,TRUE,0
8890162325,86698277,2,FALSE,0
8890162325,93618577,25,FALSE,0
8890162325,100594231,9,TRUE,1
8890162325,132309493,85,TRUE,1
8890162325,136829091,100,FALSE,0
8890162325,155494381,105,TRUE,1
8890162325,324277900,22,TRUE,1
8890162325,331855530,6,FALSE,0
8890162325,346412363,21,FALSE,0
8890162325,355168766,19,TRUE,1
8890179830,56351509,96,TRUE,0
8890179830,81306398,51,FALSE,1
8890179830,93817671,83,TRUE,0
8890179830,103735745,123,TRUE,0
8890179830,105045291,105,FALSE,1
8890179830,171262902,6,TRUE,0
8890179830,177203952,80,FALSE,1
8890179830,292921272,129,FALSE,1
8890179830,312436974,28,TRUE,0
8890179830,1026694469,13,FALSE,1
8890268632,56351509,108,FALSE,0
8890268632,81306398,40,TRUE,1
8890268632,93817671,112,FALSE,0
8890268632,103735745,90,FALSE,0
8890268632,105045291,51,TRUE,1
8890268632,171262902,145,FALSE,0
8890268632,177203952,80,TRUE,1
8890268632,292921272,128,TRUE,1
8890268632,312436974,74,FALSE,0
8890268632,1026694469,17,TRUE,1
8890270555,86698277,55,TRUE,1
8890270555,93618577,128,TRUE,1
8890270555,100594231,3,FALSE,0
8890270555,132309493,69,FALSE,0
8890270555,136829091,131,TRUE,1
8890270555,155494381,86,FALSE,0
8890270555,324277900,52,FALSE,0
8890270555,331855530,67,TRUE,1
8890270555,346412363,90,TRUE,1
8890270555,355168766,6,FALSE,0
8891108985,90423751,119,TRUE,1
8891108985,154974246,107,TRUE,1
8891108985,160119017,33,TRUE,1
8891108985,165564598,38,FALSE,0
8891108985,172099728,6,FALSE,0
8891108985,191362875,31,TRUE,1
8891108985,196878136,85,FALSE,0
8891108985,206642367,36,TRUE,1
8891108985,317880638,131,FALSE,0
8891108985,480412663,28,FALSE,0
8891145641,10366616,131,FALSE,0
8891145641,25907144,51,FALSE,0
8891145641,94296097,110,TRUE,1
8891145641,100058342,21,FALSE,0
8891145641,101695162,123,TRUE,1
8891145641,129958758,96,TRUE,1
8891145641,173978074,128,TRUE,1
8891145641,183719386,36,FALSE,0
8891145641,898455820,106,FALSE,0
8891145641,898754153,48,TRUE,1
8891227605,90423751,119,FALSE,1
8891227605,154974246,107,FALSE,1
8891227605,160119017,2,FALSE,1
8891227605,165564598,77,TRUE,0
8891227605,172099728,145,TRUE,0
8891227605,191362875,31,FALSE,1
8891227605,196878136,85,TRUE,0
8891227605,206642367,138,FALSE,1
8891227605,317880638,123,TRUE,0
8891227605,480412663,28,TRUE,0
8891240327,10366616,85,TRUE,0
8891240327,25907144,51,TRUE,0
8891240327,94296097,3,FALSE,1
8891240327,100058342,21,TRUE,0
8891240327,101695162,86,FALSE,1
8891240327,129958758,2,FALSE,1
8891240327,173978074,128,FALSE,1
8891240327,183719386,69,TRUE,0
8891240327,898455820,106,TRUE,0
8891240327,898754153,109,FALSE,1
8891325877,92487440,38,FALSE,1
8891325877,93526520,2,TRUE,0
8891325877,111030315,3,FALSE,1
8891325877,123787715,85,FALSE,1
8891325877,140251702,47,FALSE,1
8891325877,196482746,106,TRUE,0
8891325877,206097366,119,TRUE,0
8891325877,320017600,6,FALSE,1
8891325877,340421206,105,TRUE,0
8891325877,1092267175,73,TRUE,0
8891349244,101356886,68,FALSE,0
8891349244,111620041,21,FALSE,0
8891349244,138880576,55,FALSE,0
8891349244,152168157,123,FALSE,0
8891349244,157989498,100,TRUE,1
8891349244,210053851,17,FALSE,0
8891349244,252737052,69,TRUE,1
8891349244,352545711,36,TRUE,1
8891349244,363758022,19,TRUE,1
8891349244,1031547092,131,TRUE,1
8891371442,16497807,30,FALSE,1
8891371442,77490514,21,FALSE,1
8891371442,97590558,2,FALSE,1
8891371442,124801257,12,TRUE,0
8891371442,126842529,85,TRUE,0
8891371442,152962063,46,FALSE,1
8891371442,201358612,107,FALSE,1
8891371442,256156323,123,TRUE,0
8891371442,301750126,25,TRUE,0
8891371442,320219866,64,TRUE,0
8891438996,92487440,65,TRUE,1
8891438996,93526520,38,FALSE,0
8891438996,111030315,51,TRUE,1
8891438996,123787715,3,TRUE,1
8891438996,140251702,106,TRUE,1
8891438996,196482746,126,FALSE,0
8891438996,206097366,123,FALSE,0
8891438996,320017600,72,TRUE,1
8891438996,340421206,105,FALSE,0
8891438996,1092267175,11,FALSE,0
8891497910,16497807,9,TRUE,0
8891497910,77490514,107,TRUE,0
8891497910,97590558,96,TRUE,0
8891497910,124801257,21,FALSE,1
8891497910,126842529,98,FALSE,1
8891497910,152962063,19,TRUE,0
8891497910,201358612,106,TRUE,0
8891497910,256156323,123,FALSE,1
8891497910,301750126,13,FALSE,1
8891497910,320219866,64,FALSE,1
8891519142,101356886,100,TRUE,0
8891519142,111620041,80,TRUE,0
8891519142,138880576,77,TRUE,0
8891519142,152168157,123,TRUE,0
8891519142,157989498,131,FALSE,1
8891519142,210053851,53,TRUE,0
8891519142,252737052,47,FALSE,1
8891519142,352545711,17,FALSE,1
8891519142,363758022,6,FALSE,1
8891519142,1031547092,2,FALSE,1
8892829232,9403474,14,TRUE,1
8892829232,108958769,85,TRUE,1
8892829232,111114687,123,FALSE,0
8892829232,116585378,74,TRUE,1
8892829232,118134220,38,FALSE,0
8892829232,127617979,12,TRUE,1
8892829232,137129583,25,FALSE,0
8892829232,157475523,51,FALSE,0
8892829232,190826739,65,TRUE,1
8892829232,320252024,41,FALSE,0
8892836635,73401082,121,TRUE,1
8892836635,106305042,74,FALSE,0
8892836635,106573901,155,TRUE,1
8892836635,164199202,91,TRUE,1
8892836635,195108598,60,TRUE,1
8892836635,218231587,119,FALSE,0
8892836635,302214028,29,FALSE,0
8892836635,321580662,10,FALSE,0
8892836635,847565596,3,FALSE,0
8892836635,1044002267,145,TRUE,1
8892914077,73401082,112,FALSE,0
8892914077,106305042,13,TRUE,1
8892914077,106573901,120,FALSE,0
8892914077,164199202,119,FALSE,0
8892914077,195108598,28,FALSE,0
8892914077,218231587,86,TRUE,1
8892914077,302214028,2,TRUE,1
8892914077,321580662,89,TRUE,1
8892914077,847565596,110,TRUE,1
8892914077,1044002267,145,FALSE,0
8892923329,9403474,14,FALSE,1
8892923329,108958769,131,FALSE,1
8892923329,111114687,123,TRUE,0
8892923329,116585378,106,FALSE,1
8892923329,118134220,38,TRUE,0
8892923329,127617979,114,FALSE,1
8892923329,137129583,17,TRUE,0
8892923329,157475523,90,TRUE,0
8892923329,190826739,65,FALSE,1
8892923329,320252024,21,TRUE,0
8893070561,56351509,96,FALSE,0
8893070561,86698277,155,TRUE,1
8893070561,93618577,107,TRUE,1
8893070561,93817671,85,FALSE,0
8893070561,103735745,123,FALSE,0
8893070561,136829091,31,TRUE,1
8893070561,171262902,25,FALSE,0
8893070561,312436974,28,FALSE,0
8893070561,331855530,80,TRUE,1
8893070561,346412363,119,TRUE,1
8893079555,81306398,3,FALSE,0
8893079555,105045291,123,FALSE,0
8893079555,117514269,33,TRUE,1
8893079555,177203952,36,FALSE,0
8893079555,196400041,112,TRUE,1
8893079555,262476000,128,TRUE,1
8893079555,292921272,155,FALSE,0
8893079555,458287006,145,TRUE,1
8893079555,1026694469,17,FALSE,0
8893079555,1172719712,51,TRUE,1
8893106015,94155156,3,TRUE,0
8893106015,97658618,138,TRUE,0
8893106015,100594231,66,FALSE,1
8893106015,126212866,96,TRUE,0
8893106015,132309493,47,FALSE,1
8893106015,154715080,120,TRUE,0
8893106015,155494381,19,FALSE,1
8893106015,241884166,119,TRUE,0
8893106015,324277900,128,FALSE,1
8893106015,355168766,36,FALSE,1
8893165071,56351509,96,TRUE,0
8893165071,86698277,2,FALSE,1
8893165071,93618577,39,FALSE,1
8893165071,93817671,112,TRUE,0
8893165071,103735745,9,TRUE,0
8893165071,136829091,51,FALSE,1
8893165071,171262902,12,TRUE,0
8893165071,312436974,7,TRUE,0
8893165071,331855530,6,FALSE,1
8893165071,346412363,119,FALSE,1
8893208737,81306398,110,TRUE,0
8893208737,105045291,21,TRUE,0
8893208737,117514269,33,FALSE,1
8893208737,177203952,80,TRUE,0
8893208737,196400041,58,FALSE,1
8893208737,262476000,13,FALSE,1
8893208737,292921272,128,TRUE,0
8893208737,458287006,18,FALSE,1
8893208737,1026694469,19,TRUE,0
8893208737,1172719712,100,FALSE,1
8893253595,94155156,64,FALSE,0
8893253595,97658618,72,FALSE,0
8893253595,100594231,9,TRUE,1
8893253595,126212866,155,FALSE,0
8893253595,132309493,38,TRUE,1
8893253595,154715080,106,FALSE,0
8893253595,155494381,119,TRUE,1
8893253595,241884166,86,FALSE,0
8893253595,324277900,107,TRUE,1
8893253595,355168766,109,TRUE,1
8896140998,16497807,30,FALSE,1
8896140998,77490514,51,FALSE,1
8896140998,94296097,112,TRUE,0
8896140998,97590558,96,FALSE,1
8896140998,101695162,123,TRUE,0
8896140998,129958758,55,TRUE,0
8896140998,152962063,11,FALSE,1
8896140998,173978074,7,TRUE,0
8896140998,201358612,106,FALSE,1
8896140998,898754153,56,TRUE,0
8896267691,16497807,9,TRUE,0
8896267691,77490514,51,TRUE,0
8896267691,94296097,131,FALSE,1
8896267691,97590558,55,TRUE,0
8896267691,101695162,119,FALSE,1
8896267691,129958758,96,FALSE,1
8896267691,152962063,73,TRUE,0
8896267691,173978074,16,FALSE,1
8896267691,201358612,36,TRUE,0
8896267691,898754153,56,FALSE,1
8896486914,16497807,9,TRUE,0
8896486914,77490514,107,TRUE,0
8896486914,94296097,155,FALSE,1
8896486914,97590558,98,TRUE,0
8896486914,101695162,123,FALSE,1
8896486914,129958758,96,FALSE,1
8896486914,152962063,19,TRUE,0
8896486914,173978074,7,FALSE,1
8896486914,201358612,106,TRUE,0
8896486914,898754153,6,FALSE,1
8896645659,9403474,100,TRUE,1
8896645659,81306398,112,FALSE,0
8896645659,105045291,51,FALSE,0
8896645659,108958769,64,TRUE,1
8896645659,116585378,35,TRUE,1
8896645659,127617979,80,TRUE,1
8896645659,177203952,70,FALSE,0
8896645659,190826739,108,TRUE,1
8896645659,292921272,55,FALSE,0
8896645659,1026694469,59,FALSE,0
8896731473,9403474,121,TRUE,1
8896731473,81306398,87,FALSE,0
8896731473,105045291,123,FALSE,0
8896731473,108958769,90,TRUE,1
8896731473,116585378,120,TRUE,1
8896731473,127617979,114,TRUE,1
8896731473,177203952,80,FALSE,0
8896731473,190826739,96,TRUE,1
8896731473,292921272,155,FALSE,0
8896731473,1026694469,13,FALSE,0
8897585705,115651292,106,FALSE,0
8897585705,124801257,89,TRUE,1
8897585705,126842529,96,TRUE,1
8897585705,203351055,77,FALSE,0
8897585705,230487729,86,FALSE,0
8897585705,256156323,3,TRUE,1
8897585705,301750126,47,TRUE,1
8897585705,320219866,64,TRUE,1
8897585705,879017980,54,FALSE,0
8897585705,1202267677,31,FALSE,0
8897588873,16497807,9,FALSE,1
8897588873,77490514,100,FALSE,1
8897588873,97590558,36,FALSE,1
8897588873,106305042,25,TRUE,0
8897588873,152962063,18,FALSE,1
8897588873,201358612,74,FALSE,1
8897588873,218231587,131,TRUE,0
8897588873,302214028,120,TRUE,0
8897588873,321580662,19,TRUE,0
8897588873,847565596,30,TRUE,0
8897695379,115651292,107,TRUE,0
8897695379,124801257,11,FALSE,1
8897695379,126842529,2,FALSE,1
8897695379,203351055,128,TRUE,0
8897695379,230487729,65,TRUE,0
8897695379,256156323,119,FALSE,1
8897695379,301750126,25,FALSE,1
8897695379,320219866,111,FALSE,1
8897695379,879017980,19,TRUE,0
8897695379,1202267677,31,TRUE,0
8897696869,16497807,30,TRUE,0
8897696869,77490514,123,TRUE,0
8897696869,97590558,38,TRUE,0
8897696869,106305042,114,FALSE,1
8897696869,152962063,67,TRUE,0
8897696869,201358612,106,TRUE,0
8897696869,218231587,119,FALSE,1
8897696869,302214028,29,FALSE,1
8897696869,321580662,10,FALSE,1
8897696869,847565596,51,FALSE,1
8897831774,16497807,111,FALSE,1
8897831774,77490514,123,FALSE,1
8897831774,97590558,38,FALSE,1
8897831774,106305042,107,TRUE,0
8897831774,152962063,73,FALSE,1
8897831774,201358612,13,FALSE,1
8897831774,218231587,131,TRUE,0
8897831774,302214028,96,TRUE,0
8897831774,321580662,72,TRUE,0
8897831774,847565596,3,TRUE,0
8897841991,86698277,96,FALSE,0
8897841991,93618577,107,FALSE,0
8897841991,111114687,9,TRUE,1
8897841991,118134220,55,TRUE,1
8897841991,136829091,131,FALSE,0
8897841991,137129583,13,TRUE,1
8897841991,157475523,51,TRUE,1
8897841991,320252024,19,TRUE,1
8897841991,331855530,46,FALSE,0
8897841991,346412363,90,FALSE,0
8897971312,86698277,69,TRUE,1
8897971312,93618577,107,TRUE,1
8897971312,111114687,100,FALSE,0
8897971312,118134220,155,FALSE,0
8897971312,136829091,83,TRUE,1
8897971312,137129583,7,FALSE,0
8897971312,157475523,86,FALSE,0
8897971312,320252024,25,FALSE,0
8897971312,331855530,138,TRUE,1
8897971312,346412363,21,TRUE,1
8898003442,81306398,51,FALSE,1
8898003442,105045291,121,FALSE,1
8898003442,165564598,33,TRUE,0
8898003442,172099728,56,TRUE,0
8898003442,177203952,36,FALSE,1
8898003442,196878136,83,TRUE,0
8898003442,292921272,155,FALSE,1
8898003442,317880638,27,TRUE,0
8898003442,480412663,25,TRUE,0
8898003442,1026694469,53,FALSE,1
8898084910,86698277,2,TRUE,1
8898084910,93618577,9,TRUE,1
8898084910,111114687,3,FALSE,0
8898084910,118134220,155,FALSE,0
8898084910,136829091,100,TRUE,1
8898084910,137129583,107,FALSE,0
8898084910,157475523,22,FALSE,0
8898084910,320252024,19,FALSE,0
8898084910,331855530,6,TRUE,1
8898084910,346412363,21,TRUE,1
8898117600,81306398,88,FALSE,1
8898117600,105045291,121,FALSE,1
8898117600,165564598,96,TRUE,0
8898117600,172099728,145,TRUE,0
8898117600,177203952,73,FALSE,1
8898117600,196878136,3,TRUE,0
8898117600,292921272,155,FALSE,1
8898117600,317880638,90,TRUE,0
8898117600,480412663,74,TRUE,0
8898117600,1026694469,17,FALSE,1
8899028080,56351509,96,FALSE,0
8899028080,93817671,85,FALSE,0
8899028080,103735745,9,FALSE,0
8899028080,106305042,107,TRUE,1
8899028080,171262902,53,FALSE,0
8899028080,218231587,123,TRUE,1
8899028080,302214028,29,TRUE,1
8899028080,312436974,106,FALSE,0
8899028080,321580662,145,TRUE,1
8899028080,847565596,30,TRUE,1
8899120700,56351509,96,FALSE,0
8899120700,93817671,85,FALSE,0
8899120700,103735745,105,FALSE,0
8899120700,106305042,128,TRUE,1
8899120700,171262902,56,FALSE,0
8899120700,218231587,123,TRUE,1
8899120700,302214028,120,TRUE,1
8899120700,312436974,74,FALSE,0
8899120700,321580662,41,TRUE,1
8899120700,847565596,31,TRUE,1
8899307453,73401082,51,FALSE,0
8899307453,106573901,120,FALSE,0
8899307453,115651292,38,TRUE,1
8899307453,164199202,119,FALSE,0
8899307453,195108598,135,FALSE,0
8899307453,203351055,128,TRUE,1
8899307453,230487729,53,TRUE,1
8899307453,879017980,109,TRUE,1
8899307453,1044002267,11,FALSE,0
8899307453,1202267677,31,TRUE,1
8899420575,73401082,112,TRUE,0
8899420575,106573901,120,TRUE,0
8899420575,115651292,28,FALSE,1
8899420575,164199202,107,TRUE,0
8899420575,195108598,55,TRUE,0
8899420575,203351055,128,FALSE,1
8899420575,230487729,86,FALSE,1
8899420575,879017980,25,FALSE,1
8899420575,1044002267,53,TRUE,0
8899420575,1202267677,83,FALSE,1
8900508749,10366616,112,TRUE,1
8900508749,25907144,51,TRUE,1
8900508749,100058342,19,TRUE,1
8900508749,111114687,9,FALSE,0
8900508749,118134220,55,FALSE,0
8900508749,137129583,25,FALSE,0
8900508749,157475523,100,FALSE,0
8900508749,183719386,21,TRUE,1
8900508749,320252024,67,FALSE,0
8900508749,898455820,128,TRUE,1
8900623530,10366616,131,FALSE,1
8900623530,25907144,51,FALSE,1
8900623530,100058342,72,FALSE,1
8900623530,111114687,83,TRUE,0
8900623530,118134220,38,TRUE,0
8900623530,137129583,93,TRUE,0
8900623530,157475523,90,TRUE,0
8900623530,183719386,135,FALSE,1
8900623530,320252024,80,TRUE,0
8900623530,898455820,106,FALSE,1
8900771154,101356886,85,TRUE,1
8900771154,111620041,74,TRUE,1
8900771154,138880576,77,TRUE,1
8900771154,152168157,123,TRUE,1
8900771154,165564598,2,FALSE,0
8900771154,172099728,89,FALSE,0
8900771154,196878136,3,FALSE,0
8900771154,210053851,47,TRUE,1
8900771154,317880638,9,FALSE,0
8900771154,480412663,25,FALSE,0
8900882416,101356886,3,FALSE,1
8900882416,111620041,19,FALSE,1
8900882416,138880576,98,FALSE,1
8900882416,152168157,123,FALSE,1
8900882416,165564598,96,TRUE,0
8900882416,172099728,145,TRUE,0
8900882416,196878136,85,TRUE,0
8900882416,210053851,13,FALSE,1
8900882416,317880638,27,TRUE,0
8900882416,480412663,28,TRUE,0
8902107148,111114687,100,TRUE,1
8902107148,118134220,38,TRUE,1
8902107148,137129583,36,TRUE,1
8902107148,157475523,112,TRUE,1
8902107148,165564598,28,FALSE,0
8902107148,172099728,80,FALSE,0
8902107148,196878136,85,FALSE,0
8902107148,317880638,123,FALSE,0
8902107148,320252024,56,TRUE,1
8902107148,480412663,13,FALSE,0
8902173969,111114687,123,FALSE,1
8902173969,118134220,60,FALSE,1
8902173969,137129583,17,FALSE,1
8902173969,157475523,90,FALSE,1
8902173969,165564598,155,TRUE,0
8902173969,172099728,21,TRUE,0
8902173969,196878136,85,TRUE,0
8902173969,317880638,27,TRUE,0
8902173969,320252024,109,FALSE,1
8902173969,480412663,106,TRUE,0
8902338515,56351509,55,FALSE,1
8902338515,73401082,123,TRUE,0
8902338515,93817671,100,FALSE,1
8902338515,103735745,9,FALSE,1
8902338515,106573901,106,TRUE,0
8902338515,164199202,119,TRUE,0
8902338515,171262902,46,FALSE,1
8902338515,195108598,108,TRUE,0
8902338515,312436974,28,FALSE,1
8902338515,1044002267,19,TRUE,0
8902431810,56351509,23,FALSE,0
8902431810,73401082,84,TRUE,1
8902431810,93817671,58,FALSE,0
8902431810,103735745,123,FALSE,0
8902431810,106573901,106,TRUE,1
8902431810,164199202,90,TRUE,1
8902431810,171262902,11,FALSE,0
8902431810,195108598,38,TRUE,1
8902431810,312436974,114,FALSE,0
8902431810,1044002267,53,TRUE,1
8902610619,56351509,33,FALSE,1
8902610619,73401082,112,TRUE,0
8902610619,93817671,64,FALSE,1
8902610619,103735745,90,FALSE,1
8902610619,106573901,74,TRUE,0
8902610619,164199202,21,TRUE,0
8902610619,171262902,12,FALSE,1
8902610619,195108598,2,TRUE,0
8902610619,312436974,120,FALSE,1
8902610619,1044002267,80,TRUE,0
8903705555,56351509,2,FALSE,0
8903705555,93817671,112,FALSE,0
8903705555,103735745,53,FALSE,0
8903705555,111114687,85,TRUE,1
8903705555,118134220,69,TRUE,1
8903705555,137129583,106,TRUE,1
8903705555,157475523,9,TRUE,1
8903705555,171262902,145,FALSE,0
8903705555,312436974,114,FALSE,0
8903705555,320252024,19,TRUE,1
8903789784,56351509,33,FALSE,0
8903789784,93817671,112,FALSE,0
8903789784,103735745,123,FALSE,0
8903789784,111114687,5,TRUE,1
8903789784,118134220,155,TRUE,1
8903789784,137129583,107,TRUE,1
8903789784,157475523,119,TRUE,1
8903789784,171262902,19,FALSE,0
8903789784,312436974,7,FALSE,0
8903789784,320252024,80,TRUE,1
8904012666,73401082,112,FALSE,1
8904012666,106573901,106,FALSE,1
8904012666,164199202,119,FALSE,1
8904012666,165564598,98,TRUE,0
8904012666,172099728,56,TRUE,0
8904012666,195108598,38,FALSE,1
8904012666,196878136,83,TRUE,0
8904012666,317880638,90,TRUE,0
8904012666,480412663,28,TRUE,0
8904012666,1044002267,12,FALSE,1
8904157676,73401082,123,TRUE,0
8904157676,106573901,74,TRUE,0
8904157676,164199202,86,TRUE,0
8904157676,165564598,155,FALSE,1
8904157676,172099728,6,FALSE,1
8904157676,195108598,96,TRUE,0
8904157676,196878136,3,FALSE,1
8904157676,317880638,21,FALSE,1
8904157676,480412663,107,FALSE,1
8904157676,1044002267,54,TRUE,0
8904322271,73401082,123,FALSE,0
8904322271,106573901,13,FALSE,0
8904322271,164199202,119,FALSE,0
8904322271,165564598,38,TRUE,1
8904322271,172099728,145,TRUE,1
8904322271,195108598,36,FALSE,0
8904322271,196878136,112,TRUE,1
8904322271,317880638,90,TRUE,1
8904322271,480412663,107,TRUE,1
8904322271,1044002267,19,FALSE,0
8904419709,73401082,123,TRUE,0
8904419709,106573901,120,TRUE,0
8904419709,164199202,90,TRUE,0
8904419709,165564598,96,FALSE,1
8904419709,172099728,145,FALSE,1
8904419709,195108598,28,TRUE,0
8904419709,196878136,87,FALSE,1
8904419709,317880638,79,FALSE,1
8904419709,480412663,74,FALSE,1
8904419709,1044002267,54,TRUE,0
8912758286,140297552,155,TRUE,1
8912758286,152168157,100,TRUE,1
8912758286,155370747,98,TRUE,1
8912758286,167976729,19,FALSE,0
8912758286,219755398,119,TRUE,1
8912758286,223382342,25,FALSE,0
8912758286,343909498,131,FALSE,0
8912758286,1001714951,77,FALSE,0
8912758286,1171243748,114,TRUE,1
8912758286,1675320614,128,FALSE,0
8920584549,86698277,2,FALSE,0
8920584549,93618577,107,FALSE,0
8920584549,101356886,110,TRUE,1
8920584549,111620041,11,TRUE,1
8920584549,136829091,112,FALSE,0
8920584549,138880576,96,TRUE,1
8920584549,152168157,119,TRUE,1
8920584549,210053851,17,TRUE,1
8920584549,331855530,145,FALSE,0
8920584549,346412363,123,FALSE,0
8920668670,86698277,69,FALSE,0
8920668670,93618577,25,FALSE,0
8920668670,101356886,3,TRUE,1
8920668670,111620041,21,TRUE,1
8920668670,136829091,131,FALSE,0
8920668670,138880576,108,TRUE,1
8920668670,152168157,51,TRUE,1
8920668670,210053851,35,TRUE,1
8920668670,331855530,18,FALSE,0
8920668670,346412363,123,FALSE,0
8920770467,58513047,107,TRUE,0
8920770467,81306398,88,FALSE,1
8920770467,105045291,119,FALSE,1
8920770467,127617979,95,TRUE,0
8920770467,140288368,85,TRUE,0
8920770467,177203952,25,FALSE,1
8920770467,181267255,90,TRUE,0
8920770467,190826739,108,TRUE,0
8920770467,292921272,55,FALSE,1
8920770467,1026694469,120,FALSE,1
8920872222,58513047,107,FALSE,1
8920872222,81306398,85,TRUE,0
8920872222,105045291,121,TRUE,0
8920872222,127617979,11,FALSE,1
8920872222,140288368,112,FALSE,1
8920872222,177203952,80,TRUE,0
8920872222,181267255,97,FALSE,1
8920872222,190826739,55,FALSE,1
8920872222,292921272,69,TRUE,0
8920872222,1026694469,106,TRUE,0
8921021224,101356886,50,TRUE,1
8921021224,111114687,100,FALSE,0
8921021224,111620041,53,TRUE,1
8921021224,118134220,69,FALSE,0
8921021224,137129583,107,FALSE,0
8921021224,138880576,2,TRUE,1
8921021224,152168157,123,TRUE,1
8921021224,157475523,9,FALSE,0
8921021224,210053851,106,TRUE,1
8921021224,320252024,11,FALSE,0
8921134590,101356886,85,FALSE,1
8921134590,111114687,3,TRUE,0
8921134590,111620041,19,FALSE,1
8921134590,118134220,96,TRUE,0
8921134590,137129583,56,TRUE,0
8921134590,138880576,2,FALSE,1
8921134590,152168157,131,FALSE,1
8921134590,157475523,128,TRUE,0
8921134590,210053851,25,FALSE,1
8921134590,320252024,20,TRUE,0
8921245123,10366616,58,TRUE,0
8921245123,25907144,123,TRUE,0
8921245123,100058342,70,TRUE,0
8921245123,111114687,100,FALSE,1
8921245123,118134220,98,FALSE,1
8921245123,137129583,9,FALSE,1
8921245123,157475523,7,FALSE,1
8921245123,183719386,96,TRUE,0
8921245123,320252024,80,FALSE,1
8921245123,898455820,128,TRUE,0
8921343589,10366616,9,TRUE,0
8921343589,25907144,51,TRUE,0
8921343589,100058342,54,TRUE,0
8921343589,111114687,123,FALSE,1
8921343589,118134220,155,FALSE,1
8921343589,137129583,106,FALSE,1
8921343589,157475523,128,FALSE,1
8921343589,183719386,36,TRUE,0
8921343589,320252024,20,FALSE,1
8921343589,898455820,16,TRUE,0
8921416387,16497807,112,TRUE,0
8921416387,58513047,107,FALSE,1
8921416387,77490514,51,TRUE,0
8921416387,97590558,47,TRUE,0
8921416387,127617979,114,FALSE,1
8921416387,140288368,85,FALSE,1
8921416387,152962063,80,TRUE,0
8921416387,181267255,97,FALSE,1
8921416387,190826739,108,FALSE,1
8921416387,201358612,25,TRUE,0
8921496603,16497807,9,TRUE,1
8921496603,58513047,107,FALSE,0
8921496603,77490514,90,TRUE,1
8921496603,97590558,85,TRUE,1
8921496603,127617979,53,FALSE,0
8921496603,140288368,83,FALSE,0
8921496603,152962063,54,TRUE,1
8921496603,181267255,79,FALSE,0
8921496603,190826739,108,FALSE,0
8921496603,201358612,74,TRUE,1
8922074642,111114687,84,FALSE,1
8922074642,117089283,123,TRUE,0
8922074642,118134220,96,FALSE,1
8922074642,137129583,47,FALSE,1
8922074642,157475523,9,FALSE,1
8922074642,164685175,48,TRUE,0
8922074642,320252024,80,FALSE,1
8922074642,352623024,108,TRUE,0
8922074642,392385140,86,TRUE,0
8922074642,399920568,107,TRUE,0
8922133239,100471531,2,FALSE,0
8922133239,145957968,108,TRUE,1
8922133239,150961567,22,TRUE,1
8922133239,154715080,74,FALSE,0
8922133239,157989498,100,FALSE,0
8922133239,170896543,25,TRUE,1
8922133239,249835593,51,TRUE,1
8922133239,315272623,120,TRUE,1
8922133239,363758022,6,FALSE,0
8922133239,1031547092,9,FALSE,0
8922137329,111114687,112,TRUE,0
8922137329,117089283,85,FALSE,1
8922137329,118134220,38,TRUE,0
8922137329,137129583,28,TRUE,0
8922137329,157475523,86,TRUE,0
8922137329,164685175,72,FALSE,1
8922137329,320252024,145,TRUE,0
8922137329,352623024,96,FALSE,1
8922137329,392385140,9,FALSE,1
8922137329,399920568,13,FALSE,1
8922186876,111114687,85,TRUE,0
8922186876,117089283,123,FALSE,1
8922186876,118134220,155,TRUE,0
8922186876,137129583,13,TRUE,0
8922186876,157475523,119,TRUE,0
8922186876,164685175,54,FALSE,1
8922186876,320252024,53,TRUE,0
8922186876,352623024,2,FALSE,1
8922186876,392385140,86,FALSE,1
8922186876,399920568,120,FALSE,1
8922211678,100471531,33,TRUE,0
8922211678,145957968,155,FALSE,1
8922211678,150961567,123,FALSE,1
8922211678,154715080,107,TRUE,0
8922211678,157989498,85,TRUE,0
8922211678,170896543,145,FALSE,1
8922211678,249835593,30,FALSE,1
8922211678,315272623,106,FALSE,1
8922211678,363758022,56,TRUE,0
8922211678,1031547092,26,TRUE,0
8922223454,58513047,107,FALSE,1
8922223454,127617979,53,FALSE,1
8922223454,140288368,85,FALSE,1
8922223454,165564598,2,TRUE,0
8922223454,172099728,54,TRUE,0
8922223454,181267255,79,FALSE,1
8922223454,190826739,96,FALSE,1
8922223454,196878136,112,TRUE,0
8922223454,317880638,86,TRUE,0
8922223454,480412663,17,TRUE,0
8922327423,58513047,53,FALSE,1
8922327423,127617979,8,FALSE,1
8922327423,140288368,31,FALSE,1
8922327423,165564598,47,TRUE,0
8922327423,172099728,89,TRUE,0
8922327423,181267255,59,FALSE,1
8922327423,190826739,77,FALSE,1
8922327423,196878136,68,TRUE,0
8922327423,317880638,27,TRUE,0
8922327423,480412663,21,TRUE,0
8922339160,92487440,2,FALSE,1
8922339160,118559150,9,TRUE,0
8922339160,123787715,3,FALSE,1
8922339160,140251702,25,FALSE,1
8922339160,140411011,109,TRUE,0
8922339160,145065875,51,FALSE,1
8922339160,155447692,131,TRUE,0
8922339160,156328257,96,TRUE,0
8922339160,181716137,53,TRUE,0
8922339160,320017600,67,FALSE,1
8922433138,92487440,96,FALSE,0
8922433138,118559150,30,TRUE,1
8922433138,123787715,112,FALSE,0
8922433138,140251702,52,FALSE,0
8922433138,140411011,11,TRUE,1
8922433138,145065875,51,FALSE,0
8922433138,155447692,155,TRUE,1
8922433138,156328257,36,TRUE,1
8922433138,181716137,17,TRUE,1
8922433138,320017600,48,FALSE,0
8922444358,86698277,2,TRUE,1
8922444358,93618577,17,TRUE,1
8922444358,111114687,58,FALSE,0
8922444358,118134220,155,FALSE,0
8922444358,136829091,100,TRUE,1
8922444358,137129583,107,FALSE,0
8922444358,157475523,86,FALSE,0
8922444358,320252024,114,FALSE,0
8922444358,331855530,145,TRUE,1
8922444358,346412363,90,TRUE,1
8922552315,92487440,38,FALSE,1
8922552315,118559150,3,TRUE,0
8922552315,123787715,85,FALSE,1
8922552315,140251702,126,FALSE,1
8922552315,140411011,80,TRUE,0
8922552315,145065875,90,FALSE,1
8922552315,155447692,51,TRUE,0
8922552315,156328257,65,TRUE,0
8922552315,181716137,74,TRUE,0
8922552315,320017600,25,FALSE,1
8922569208,86698277,77,FALSE,0
8922569208,93618577,52,FALSE,0
8922569208,111114687,85,TRUE,1
8922569208,118134220,55,TRUE,1
8922569208,136829091,3,FALSE,0
8922569208,137129583,38,TRUE,1
8922569208,157475523,86,TRUE,1
8922569208,320252024,89,TRUE,1
8922569208,331855530,18,FALSE,0
8922569208,346412363,90,FALSE,0
8922693443,16497807,9,TRUE,0
8922693443,77490514,100,TRUE,0
8922693443,97590558,33,TRUE,0
8922693443,152962063,11,TRUE,0
8922693443,165564598,55,FALSE,1
8922693443,172099728,91,FALSE,1
8922693443,196878136,85,FALSE,1
8922693443,201358612,106,TRUE,0
8922693443,317880638,119,FALSE,1
8922693443,480412663,76,FALSE,1
8922795717,16497807,112,FALSE,0
8922795717,77490514,51,FALSE,0
8922795717,97590558,98,FALSE,0
8922795717,152962063,11,FALSE,0
8922795717,165564598,55,TRUE,1
8922795717,172099728,53,TRUE,1
8922795717,196878136,85,TRUE,1
8922795717,201358612,120,FALSE,0
8922795717,317880638,119,TRUE,1
8922795717,480412663,7,TRUE,1
8922818221,81306398,3,FALSE,1
8922818221,94296097,123,TRUE,0
8922818221,101695162,51,TRUE,0
8922818221,105045291,121,FALSE,1
8922818221,129958758,55,TRUE,0
8922818221,173978074,16,TRUE,0
8922818221,177203952,19,FALSE,1
8922818221,292921272,69,FALSE,1
8922818221,898754153,46,TRUE,0
8922818221,1026694469,17,FALSE,1
8922914090,10366616,58,TRUE,0
8922914090,25907144,79,TRUE,0
8922914090,100058342,19,TRUE,0
8922914090,101356886,100,FALSE,1
8922914090,111620041,80,FALSE,1
8922914090,138880576,36,FALSE,1
8922914090,152168157,131,FALSE,1
8922914090,183719386,96,TRUE,0
8922914090,210053851,13,FALSE,1
8922914090,898455820,128,TRUE,0
8922940920,81306398,112,FALSE,0
8922940920,94296097,30,TRUE,1
8922940920,101695162,51,TRUE,1
8922940920,105045291,123,FALSE,0
8922940920,129958758,55,TRUE,1
8922940920,173978074,91,TRUE,1
8922940920,177203952,18,FALSE,0
8922940920,292921272,97,FALSE,0
8922940920,898754153,73,TRUE,1
8922940920,1026694469,47,FALSE,0
8923000652,10366616,58,TRUE,0
8923000652,25907144,51,TRUE,0
8923000652,100058342,48,TRUE,0
8923000652,101356886,110,FALSE,1
8923000652,111620041,54,FALSE,1
8923000652,138880576,36,FALSE,1
8923000652,152168157,123,FALSE,1
8923000652,183719386,96,TRUE,0
8923000652,210053851,13,FALSE,1
8923000652,898455820,25,TRUE,0
8923040358,81306398,83,FALSE,1
8923040358,94296097,123,TRUE,0
8923040358,101695162,100,TRUE,0
8923040358,105045291,79,FALSE,1
8923040358,129958758,55,TRUE,0
8923040358,173978074,7,TRUE,0
8923040358,177203952,63,FALSE,1
8923040358,292921272,65,FALSE,1
8923040358,898754153,10,TRUE,0
8923040358,1026694469,36,FALSE,1
8923506996,9403474,123,TRUE,0
8923506996,87063175,51,TRUE,0
8923506996,116585378,65,TRUE,0
8923506996,131303632,77,TRUE,0
8923506996,145957968,96,FALSE,1
8923506996,150961567,7,FALSE,1
8923506996,155162307,53,TRUE,0
8923506996,170896543,36,FALSE,1
8923506996,249835593,3,FALSE,1
8923506996,315272623,74,FALSE,1
8923579943,9403474,123,FALSE,1
8923579943,87063175,100,FALSE,1
8923579943,116585378,96,FALSE,1
8923579943,131303632,53,FALSE,1
8923579943,145957968,98,TRUE,0
8923579943,150961567,7,TRUE,0
8923579943,155162307,48,FALSE,1
8923579943,170896543,20,TRUE,0
8923579943,249835593,110,TRUE,0
8923579943,315272623,74,TRUE,0
8923643650,9403474,9,TRUE,1
8923643650,87063175,31,TRUE,1
8923643650,116585378,120,TRUE,1
8923643650,131303632,106,TRUE,1
8923643650,145957968,98,FALSE,0
8923643650,150961567,51,FALSE,0
8923643650,155162307,19,TRUE,1
8923643650,170896543,25,FALSE,0
8923643650,249835593,112,FALSE,0
8923643650,315272623,107,FALSE,0
8923704450,111114687,83,TRUE,0
8923704450,118134220,69,TRUE,0
8923704450,137129583,120,TRUE,0
8923704450,157475523,90,TRUE,0
8923704450,164506534,25,FALSE,1
8923704450,217472313,112,FALSE,1
8923704450,320252024,11,TRUE,0
8923704450,860145568,17,FALSE,1
8923704450,892486081,135,FALSE,1
8923704450,1682179459,65,FALSE,1
8923708184,81306398,51,FALSE,1
8923708184,105045291,21,FALSE,1
8923708184,165564598,47,TRUE,0
8923708184,172099728,91,TRUE,0
8923708184,177203952,53,FALSE,1
8923708184,196878136,85,TRUE,0
8923708184,292921272,33,FALSE,1
8923708184,317880638,123,TRUE,0
8923708184,480412663,128,TRUE,0
8923708184,1026694469,36,FALSE,1
8923790600,111114687,100,FALSE,0
8923790600,118134220,120,FALSE,0
8923790600,137129583,93,FALSE,0
8923790600,157475523,90,FALSE,0
8923790600,164506534,25,TRUE,1
8923790600,217472313,31,TRUE,1
8923790600,320252024,11,FALSE,0
8923790600,860145568,106,TRUE,1
8923790600,892486081,135,TRUE,1
8923790600,1682179459,65,TRUE,1
8923804645,81306398,111,FALSE,1
8923804645,105045291,123,FALSE,1
8923804645,165564598,38,TRUE,0
8923804645,172099728,12,TRUE,0
8923804645,177203952,56,FALSE,1
8923804645,196878136,112,TRUE,0
8923804645,292921272,65,FALSE,1
8923804645,317880638,90,TRUE,0
8923804645,480412663,106,TRUE,0
8923804645,1026694469,25,FALSE,1
8923890717,86698277,155,FALSE,1
8923890717,93618577,13,FALSE,1
8923890717,100594231,9,TRUE,0
8923890717,132309493,60,TRUE,0
8923890717,136829091,131,FALSE,1
8923890717,155494381,51,TRUE,0
8923890717,324277900,107,TRUE,0
8923890717,331855530,81,FALSE,1
8923890717,346412363,123,FALSE,1
8923890717,355168766,138,TRUE,0
8923992322,86698277,96,FALSE,0
8923992322,93618577,106,FALSE,0
8923992322,100594231,30,TRUE,1
8923992322,132309493,77,TRUE,1
8923992322,136829091,112,FALSE,0
8923992322,155494381,119,TRUE,1
8923992322,324277900,19,TRUE,1
8923992322,331855530,25,FALSE,0
8923992322,346412363,123,FALSE,0
8923992322,355168766,67,TRUE,1
8924057168,81306398,112,FALSE,0
8924057168,92487440,43,TRUE,1
8924057168,105045291,71,FALSE,0
8924057168,123787715,131,TRUE,1
8924057168,140251702,52,TRUE,1
8924057168,145065875,119,TRUE,1
8924057168,177203952,11,FALSE,0
8924057168,292921272,55,FALSE,0
8924057168,320017600,80,TRUE,1
8924057168,1026694469,36,FALSE,0
8924128664,90423751,119,FALSE,1
8924128664,154974246,74,FALSE,1
8924128664,160119017,96,FALSE,1
8924128664,165564598,33,TRUE,0
8924128664,172099728,36,TRUE,0
8924128664,191362875,85,FALSE,1
8924128664,196878136,112,TRUE,0
8924128664,206642367,6,FALSE,1
8924128664,317880638,138,TRUE,0
8924128664,480412663,120,TRUE,0
8924222714,81306398,123,TRUE,1
8924222714,92487440,28,FALSE,0
8924222714,105045291,90,TRUE,1
8924222714,123787715,112,FALSE,0
8924222714,140251702,13,FALSE,0
8924222714,145065875,119,FALSE,0
8924222714,177203952,10,TRUE,1
8924222714,292921272,38,TRUE,1
8924222714,320017600,73,FALSE,0
8924222714,1026694469,107,TRUE,1
8924259109,90423751,3,TRUE,1
8924259109,154974246,93,TRUE,1
8924259109,160119017,77,TRUE,1
8924259109,165564598,38,FALSE,0
8924259109,172099728,11,FALSE,0
8924259109,191362875,85,TRUE,1
8924259109,196878136,112,FALSE,0
8924259109,206642367,21,TRUE,1
8924259109,317880638,86,FALSE,0
8924259109,480412663,106,FALSE,0
8924367779,81306398,123,TRUE,0
8924367779,92487440,38,FALSE,1
8924367779,105045291,51,TRUE,0
8924367779,123787715,112,FALSE,1
8924367779,140251702,28,FALSE,1
8924367779,145065875,90,FALSE,1
8924367779,177203952,36,TRUE,0
8924367779,292921272,65,TRUE,0
8924367779,320017600,72,FALSE,1
8924367779,1026694469,13,TRUE,0
8924391901,10366616,110,TRUE,1
8924391901,25907144,58,TRUE,1
8924391901,100058342,19,TRUE,1
8924391901,100594231,40,FALSE,0
8924391901,132309493,135,FALSE,0
8924391901,155494381,88,FALSE,0
8924391901,183719386,129,TRUE,1
8924391901,324277900,107,FALSE,0
8924391901,355168766,21,FALSE,0
8924391901,898455820,25,TRUE,1
8924530036,94296097,112,TRUE,0
8924530036,101695162,119,TRUE,0
8924530036,118559150,9,FALSE,1
8924530036,129958758,155,TRUE,0
8924530036,140411011,53,FALSE,1
8924530036,155447692,51,FALSE,1
8924530036,156328257,55,FALSE,1
8924530036,173978074,137,TRUE,0
8924530036,181716137,7,FALSE,1
8924530036,898754153,8,TRUE,0
8924592301,10366616,85,TRUE,1
8924592301,25907144,123,TRUE,1
8924592301,100058342,11,TRUE,1
8924592301,100594231,53,FALSE,0
8924592301,132309493,55,FALSE,0
8924592301,155494381,51,FALSE,0
8924592301,183719386,135,TRUE,1
8924592301,324277900,128,FALSE,0
8924592301,355168766,19,FALSE,0
8924592301,898455820,16,TRUE,1
8924616191,94296097,85,TRUE,0
8924616191,101695162,9,TRUE,0
8924616191,118559150,20,FALSE,1
8924616191,129958758,2,TRUE,0
8924616191,140411011,67,FALSE,1
8924616191,155447692,119,FALSE,1
8924616191,156328257,96,FALSE,1
8924616191,173978074,34,TRUE,0
8924616191,181716137,25,FALSE,1
8924616191,898754153,46,TRUE,0
8924695153,16497807,30,TRUE,0
8924695153,77490514,131,TRUE,0
8924695153,90423751,123,FALSE,1
8924695153,97590558,96,TRUE,0
8924695153,152962063,19,TRUE,0
8924695153,154974246,145,FALSE,1
8924695153,160119017,28,FALSE,1
8924695153,191362875,3,FALSE,1
8924695153,201358612,74,TRUE,0
8924695153,206642367,21,FALSE,1
8924770688,16497807,100,FALSE,0
8924770688,77490514,119,FALSE,0
8924770688,90423751,123,TRUE,1
8924770688,97590558,155,FALSE,0
8924770688,152962063,21,FALSE,0
8924770688,154974246,74,TRUE,1
8924770688,160119017,38,TRUE,1
8924770688,191362875,112,TRUE,1
8924770688,201358612,126,FALSE,0
8924770688,206642367,19,TRUE,1
8925460065,100594231,40,FALSE,1
8925460065,101356886,112,TRUE,0
8925460065,111620041,54,TRUE,0
8925460065,132309493,96,FALSE,1
8925460065,138880576,28,TRUE,0
8925460065,152168157,123,TRUE,0
8925460065,155494381,51,FALSE,1
8925460065,210053851,106,TRUE,0
8925460065,324277900,13,FALSE,1
8925460065,355168766,53,FALSE,1
8925543582,145957968,99,FALSE,1
8925543582,150961567,90,FALSE,1
8925543582,164506534,56,TRUE,0
8925543582,170896543,6,FALSE,1
8925543582,217472313,51,TRUE,0
8925543582,249835593,85,FALSE,1
8925543582,315272623,120,FALSE,1
8925543582,860145568,107,TRUE,0
8925543582,892486081,155,TRUE,0
8925543582,1682179459,26,TRUE,0
8925564849,100594231,58,TRUE,0
8925564849,101356886,3,FALSE,1
8925564849,111620041,11,FALSE,1
8925564849,132309493,108,TRUE,0
8925564849,138880576,28,FALSE,1
8925564849,152168157,21,FALSE,1
8925564849,155494381,86,TRUE,0
8925564849,210053851,25,FALSE,1
8925564849,324277900,13,TRUE,0
8925564849,355168766,82,TRUE,0
8925659440,58513047,106,TRUE,1
8925659440,90423751,119,FALSE,0
8925659440,127617979,72,TRUE,1
8925659440,140288368,3,TRUE,1
8925659440,154974246,93,FALSE,0
8925659440,160119017,38,FALSE,0
8925659440,181267255,155,TRUE,1
8925659440,190826739,55,TRUE,1
8925659440,191362875,85,FALSE,0
8925659440,206642367,25,FALSE,0
8925703946,145957968,98,TRUE,0
8925703946,150961567,88,TRUE,0
8925703946,164506534,11,FALSE,1
8925703946,170896543,145,TRUE,0
8925703946,217472313,131,FALSE,1
8925703946,249835593,112,TRUE,0
8925703946,315272623,13,TRUE,0
8925703946,860145568,25,FALSE,1
8925703946,892486081,29,FALSE,1
8925703946,1682179459,26,FALSE,1
8925788830,58513047,25,FALSE,1
8925788830,90423751,119,TRUE,0
8925788830,127617979,54,FALSE,1
8925788830,140288368,112,FALSE,1
8925788830,154974246,106,TRUE,0
8925788830,160119017,96,TRUE,0
8925788830,181267255,26,FALSE,1
8925788830,190826739,55,FALSE,1
8925788830,191362875,62,TRUE,0
8925788830,206642367,11,TRUE,0
8925847726,145957968,69,TRUE,0
8925847726,150961567,105,TRUE,0
8925847726,164506534,12,FALSE,1
8925847726,170896543,145,TRUE,0
8925847726,217472313,31,FALSE,1
8925847726,249835593,40,TRUE,0
8925847726,315272623,107,TRUE,0
8925847726,860145568,17,FALSE,1
8925847726,892486081,78,FALSE,1
8925847726,1682179459,65,FALSE,1
8925909470,10366616,9,FALSE,0
8925909470,25907144,119,FALSE,0
8925909470,86698277,98,TRUE,1
8925909470,93618577,106,TRUE,1
8925909470,100058342,18,FALSE,0
8925909470,136829091,85,TRUE,1
8925909470,183719386,15,FALSE,0
8925909470,331855530,25,TRUE,1
8925909470,346412363,121,TRUE,1
8925909470,898455820,107,FALSE,0
8926048199,10366616,45,TRUE,0
8926048199,25907144,119,TRUE,0
8926048199,86698277,96,FALSE,1
8926048199,93618577,25,FALSE,1
8926048199,100058342,54,TRUE,0
8926048199,136829091,131,FALSE,1
8926048199,183719386,120,TRUE,0
8926048199,331855530,145,FALSE,1
8926048199,346412363,100,FALSE,1
8926048199,898455820,107,TRUE,0
8926236518,100594231,9,FALSE,1
8926236518,111114687,3,TRUE,0
8926236518,118134220,155,TRUE,0
8926236518,132309493,77,FALSE,1
8926236518,137129583,39,TRUE,0
8926236518,155494381,119,FALSE,1
8926236518,157475523,86,TRUE,0
8926236518,320252024,73,TRUE,0
8926236518,324277900,16,FALSE,1
8926236518,355168766,46,FALSE,1
8926374521,100594231,9,TRUE,1
8926374521,111114687,85,FALSE,0
8926374521,118134220,33,FALSE,0
8926374521,132309493,77,TRUE,1
8926374521,137129583,13,FALSE,0
8926374521,155494381,51,TRUE,1
8926374521,157475523,86,FALSE,0
8926374521,320252024,109,FALSE,0
8926374521,324277900,7,TRUE,1
8926374521,355168766,36,TRUE,1
8926523280,72393079,13,TRUE,1
8926523280,81306398,83,FALSE,0
8926523280,105045291,88,FALSE,0
8926523280,177203952,48,FALSE,0
8926523280,292921272,33,FALSE,0
8926523280,333351042,123,TRUE,1
8926523280,349310876,131,TRUE,1
8926523280,374875067,98,TRUE,1
8926523280,1026694469,90,FALSE,0
8926523280,1657135701,99,TRUE,1
8926636219,72393079,16,TRUE,1
8926636219,81306398,123,FALSE,0
8926636219,105045291,71,FALSE,0
8926636219,177203952,18,FALSE,0
8926636219,292921272,55,FALSE,0
8926636219,333351042,9,TRUE,1
8926636219,349310876,87,TRUE,1
8926636219,374875067,155,TRUE,1
8926636219,1026694469,90,FALSE,0
8926636219,1657135701,80,TRUE,1
8927177084,81306398,123,TRUE,1
8927177084,86698277,107,FALSE,0
8927177084,93618577,7,FALSE,0
8927177084,105045291,121,TRUE,1
8927177084,136829091,112,FALSE,0
8927177084,177203952,48,TRUE,1
8927177084,292921272,55,TRUE,1
8927177084,331855530,145,FALSE,0
8927177084,346412363,119,FALSE,0
8927177084,1026694469,106,TRUE,1
8927207054,94296097,123,FALSE,0
8927207054,101695162,9,FALSE,0
8927207054,129958758,96,FALSE,0
8927207054,145957968,77,TRUE,1
8927207054,150961567,51,TRUE,1
8927207054,170896543,36,TRUE,1
8927207054,173978074,106,FALSE,0
8927207054,249835593,110,TRUE,1
8927207054,315272623,13,TRUE,1
8927207054,898754153,6,FALSE,0
8927232410,81306398,112,FALSE,1
8927232410,86698277,60,TRUE,0
8927232410,93618577,19,TRUE,0
8927232410,105045291,71,FALSE,1
8927232410,136829091,26,TRUE,0
8927232410,177203952,80,FALSE,1
8927232410,292921272,110,FALSE,1
8927232410,331855530,145,TRUE,0
8927232410,346412363,90,TRUE,0
8927232410,1026694469,13,FALSE,1
8927288399,94296097,85,TRUE,1
8927288399,101695162,119,TRUE,1
8927288399,129958758,155,TRUE,1
8927288399,145957968,98,FALSE,0
8927288399,150961567,7,FALSE,0
8927288399,170896543,11,FALSE,0
8927288399,173978074,34,TRUE,1
8927288399,249835593,83,FALSE,0
8927288399,315272623,13,FALSE,0
8927288399,898754153,21,TRUE,1
8927374543,90423751,100,FALSE,1
8927374543,100594231,58,TRUE,0
8927374543,132309493,55,TRUE,0
8927374543,154974246,155,FALSE,1
8927374543,155494381,88,TRUE,0
8927374543,160119017,43,FALSE,1
8927374543,191362875,65,FALSE,1
8927374543,206642367,11,FALSE,1
8927374543,324277900,25,TRUE,0
8927374543,355168766,145,TRUE,0
8927380776,94296097,30,TRUE,1
8927380776,101695162,119,TRUE,1
8927380776,129958758,155,TRUE,1
8927380776,145957968,96,FALSE,0
8927380776,150961567,105,FALSE,0
8927380776,170896543,25,FALSE,0
8927380776,173978074,137,TRUE,1
8927380776,249835593,83,FALSE,0
8927380776,315272623,13,FALSE,0
8927380776,898754153,46,TRUE,1
8927466440,90423751,119,TRUE,1
8927466440,100594231,53,FALSE,0
8927466440,132309493,55,FALSE,0
8927466440,154974246,106,TRUE,1
8927466440,155494381,88,FALSE,0
8927466440,160119017,28,TRUE,1
8927466440,191362875,51,TRUE,1
8927466440,206642367,11,TRUE,1
8927466440,324277900,19,FALSE,0
8927466440,355168766,109,FALSE,0
8927539264,111114687,112,TRUE,0
8927539264,118134220,96,TRUE,0
8927539264,137129583,11,TRUE,0
8927539264,139876032,88,FALSE,1
8927539264,157475523,86,TRUE,0
8927539264,158847773,85,FALSE,1
8927539264,185908355,48,FALSE,1
8927539264,202217968,13,FALSE,1
8927539264,320252024,145,TRUE,0
8927539264,903184860,55,FALSE,1
8927660975,111114687,9,FALSE,1
8927660975,118134220,155,FALSE,1
8927660975,137129583,126,FALSE,1
8927660975,139876032,27,TRUE,0
8927660975,157475523,86,FALSE,1
8927660975,158847773,85,TRUE,0
8927660975,185908355,19,TRUE,0
8927660975,202217968,74,TRUE,0
8927660975,320252024,73,FALSE,1
8927660975,903184860,96,TRUE,0
8927668869,10366616,9,TRUE,0
8927668869,25907144,58,TRUE,0
8927668869,100058342,48,TRUE,0
8927668869,165564598,98,FALSE,1
8927668869,172099728,11,FALSE,1
8927668869,183719386,2,TRUE,0
8927668869,196878136,103,FALSE,1
8927668869,317880638,123,FALSE,1
8927668869,480412663,28,FALSE,1
8927668869,898455820,107,TRUE,0
8927760296,111114687,112,FALSE,1
8927760296,118134220,69,FALSE,1
8927760296,137129583,36,FALSE,1
8927760296,139876032,27,TRUE,0
8927760296,157475523,90,FALSE,1
8927760296,158847773,83,TRUE,0
8927760296,185908355,56,TRUE,0
8927760296,202217968,17,TRUE,0
8927760296,320252024,145,FALSE,1
8927760296,903184860,96,TRUE,0
8927786392,10366616,9,TRUE,0
8927786392,25907144,58,TRUE,0
8927786392,100058342,48,TRUE,0
8927786392,165564598,96,FALSE,1
8927786392,172099728,11,FALSE,1
8927786392,183719386,2,TRUE,0
8927786392,196878136,123,FALSE,1
8927786392,317880638,131,FALSE,1
8927786392,480412663,28,FALSE,1
8927786392,898455820,107,TRUE,0
8927926397,81306398,123,FALSE,0
8927926397,96183976,80,TRUE,1
8927926397,105045291,71,FALSE,0
8927926397,177203952,11,FALSE,0
8927926397,203351055,135,TRUE,1
8927926397,292921272,55,FALSE,0
8927926397,294135421,16,TRUE,1
8927926397,326327879,9,TRUE,1
8927926397,1026694469,47,FALSE,0
8927926397,1202267677,31,TRUE,1
8927998383,16497807,123,TRUE,0
8927998383,77490514,51,TRUE,0
8927998383,97590558,108,TRUE,0
8927998383,111114687,100,FALSE,1
8927998383,118134220,2,FALSE,1
8927998383,137129583,86,FALSE,1
8927998383,152962063,19,TRUE,0
8927998383,157475523,9,FALSE,1
8927998383,201358612,25,TRUE,0
8927998383,320252024,11,FALSE,1
8928050264,81306398,112,TRUE,1
8928050264,96183976,11,FALSE,0
8928050264,105045291,123,TRUE,1
8928050264,177203952,48,TRUE,1
8928050264,203351055,128,FALSE,0
8928050264,292921272,33,TRUE,1
8928050264,294135421,16,FALSE,0
8928050264,326327879,51,FALSE,0
8928050264,1026694469,107,TRUE,1
8928050264,1202267677,9,FALSE,0
8928118730,16497807,112,FALSE,1
8928118730,77490514,90,FALSE,1
8928118730,97590558,96,FALSE,1
8928118730,111114687,5,TRUE,0
8928118730,118134220,36,TRUE,0
8928118730,137129583,17,TRUE,0
8928118730,152962063,145,FALSE,1
8928118730,157475523,100,TRUE,0
8928118730,201358612,47,FALSE,1
8928118730,320252024,80,TRUE,0
8928163118,81306398,57,FALSE,1
8928163118,96183976,80,TRUE,0
8928163118,105045291,51,FALSE,1
8928163118,177203952,11,FALSE,1
8928163118,203351055,155,TRUE,0
8928163118,292921272,55,FALSE,1
8928163118,294135421,16,TRUE,0
8928163118,326327879,119,TRUE,0
8928163118,1026694469,106,FALSE,1
8928163118,1202267677,3,TRUE,0
8928216556,16497807,9,TRUE,0
8928216556,77490514,90,TRUE,0
8928216556,97590558,155,TRUE,0
8928216556,111114687,85,FALSE,1
8928216556,118134220,96,FALSE,1
8928216556,137129583,128,FALSE,1
8928216556,152962063,18,TRUE,0
8928216556,157475523,123,FALSE,1
8928216556,201358612,7,TRUE,0
8928216556,320252024,48,FALSE,1
8928712123,100594231,128,TRUE,1
8928712123,132309493,38,TRUE,1
8928712123,155494381,21,TRUE,1
8928712123,165564598,108,FALSE,0
8928712123,172099728,80,FALSE,0
8928712123,196878136,3,FALSE,0
8928712123,317880638,86,FALSE,0
8928712123,324277900,19,TRUE,1
8928712123,355168766,6,TRUE,1
8928712123,480412663,106,FALSE,0
8928813748,100594231,40,FALSE,0
8928813748,132309493,33,FALSE,0
8928813748,155494381,21,FALSE,0
8928813748,165564598,2,TRUE,1
8928813748,172099728,80,TRUE,1
8928813748,196878136,103,TRUE,1
8928813748,317880638,9,TRUE,1
8928813748,324277900,128,FALSE,0
8928813748,355168766,19,FALSE,0
8928813748,480412663,76,TRUE,1
8928851109,100471531,107,TRUE,0
8928851109,145957968,28,FALSE,1
8928851109,150961567,9,FALSE,1
8928851109,154715080,25,TRUE,0
8928851109,157989498,85,TRUE,0
8928851109,170896543,56,FALSE,1
8928851109,249835593,105,FALSE,1
8928851109,315272623,13,FALSE,1
8928851109,363758022,89,TRUE,0
8928851109,1031547092,58,TRUE,0
8928916055,100594231,58,FALSE,1
8928916055,132309493,60,FALSE,1
8928916055,155494381,21,FALSE,1
8928916055,165564598,155,TRUE,0
8928916055,172099728,91,TRUE,0
8928916055,196878136,103,TRUE,0
8928916055,317880638,90,TRUE,0
8928916055,324277900,114,FALSE,1
8928916055,355168766,145,FALSE,1
8928916055,480412663,106,TRUE,0
8928953683,100471531,47,FALSE,0
8928953683,145957968,99,TRUE,1
8928953683,150961567,123,TRUE,1
8928953683,154715080,17,FALSE,0
8928953683,157989498,100,FALSE,0
8928953683,170896543,53,TRUE,1
8928953683,249835593,3,TRUE,1
8928953683,315272623,107,TRUE,1
8928953683,363758022,80,FALSE,0
8928953683,1031547092,9,FALSE,0
8929037896,86698277,55,TRUE,0
8929037896,93618577,107,TRUE,0
8929037896,111114687,30,FALSE,1
8929037896,118134220,137,FALSE,1
8929037896,136829091,131,TRUE,0
8929037896,137129583,36,FALSE,1
8929037896,157475523,51,FALSE,1
8929037896,320252024,145,FALSE,1
8929037896,331855530,138,TRUE,0
8929037896,346412363,123,TRUE,0
8929156216,86698277,96,FALSE,0
8929156216,93618577,107,FALSE,0
8929156216,111114687,9,TRUE,1
8929156216,118134220,36,TRUE,1
8929156216,136829091,131,FALSE,0
8929156216,137129583,28,TRUE,1
8929156216,157475523,51,TRUE,1
8929156216,320252024,19,TRUE,1
8929156216,331855530,46,FALSE,0
8929156216,346412363,123,FALSE,0
8929260132,10366616,58,TRUE,0
8929260132,16497807,9,FALSE,1
8929260132,25907144,51,TRUE,0
8929260132,77490514,119,FALSE,1
8929260132,97590558,69,FALSE,1
8929260132,100058342,20,TRUE,0
8929260132,152962063,19,FALSE,1
8929260132,183719386,98,TRUE,0
8929260132,201358612,74,FALSE,1
8929260132,898455820,96,TRUE,0
8929364604,10366616,85,TRUE,0
8929364604,16497807,30,FALSE,1
8929364604,25907144,58,TRUE,0
8929364604,77490514,51,FALSE,1
8929364604,97590558,96,FALSE,1
8929364604,100058342,73,TRUE,0
8929364604,152962063,67,FALSE,1
8929364604,183719386,98,TRUE,0
8929364604,201358612,13,FALSE,1
8929364604,898455820,137,TRUE,0
8930200713,96183976,25,FALSE,1
8930200713,145957968,98,TRUE,0
8930200713,150961567,90,TRUE,0
8930200713,170896543,67,TRUE,0
8930200713,203351055,38,FALSE,1
8930200713,249835593,30,TRUE,0
8930200713,294135421,19,FALSE,1
8930200713,315272623,106,TRUE,0
8930200713,326327879,9,FALSE,1
8930200713,1202267677,65,FALSE,1
8930248124,86698277,96,FALSE,1
8930248124,93618577,7,FALSE,1
8930248124,136829091,9,FALSE,1
8930248124,165564598,108,TRUE,0
8930248124,172099728,54,TRUE,0
8930248124,196878136,85,TRUE,0
8930248124,317880638,27,TRUE,0
8930248124,331855530,46,FALSE,1
8930248124,346412363,123,FALSE,1
8930248124,480412663,28,TRUE,0
8930258778,96183976,54,FALSE,1
8930258778,145957968,96,TRUE,0
8930258778,150961567,9,TRUE,0
8930258778,170896543,25,TRUE,0
8930258778,203351055,128,FALSE,1
8930258778,249835593,131,TRUE,0
8930258778,294135421,16,FALSE,1
8930258778,315272623,7,TRUE,0
8930258778,326327879,123,FALSE,1
8930258778,1202267677,3,FALSE,1
8930324653,86698277,155,FALSE,0
8930324653,93618577,91,FALSE,0
8930324653,136829091,26,FALSE,0
8930324653,165564598,96,TRUE,1
8930324653,172099728,54,TRUE,1
8930324653,196878136,68,TRUE,1
8930324653,317880638,3,TRUE,1
8930324653,331855530,18,FALSE,0
8930324653,346412363,100,FALSE,0
8930324653,480412663,23,TRUE,1
8930387649,86698277,155,FALSE,0
8930387649,93618577,106,FALSE,0
8930387649,136829091,131,FALSE,0
8930387649,165564598,96,TRUE,1
8930387649,172099728,80,TRUE,1
8930387649,196878136,123,TRUE,1
8930387649,317880638,86,TRUE,1
8930387649,331855530,21,FALSE,0
8930387649,346412363,119,FALSE,0
8930387649,480412663,28,TRUE,1
8930545836,16497807,123,TRUE,0
8930545836,77490514,100,TRUE,0
8930545836,86698277,55,FALSE,1
8930545836,93618577,74,FALSE,1
8930545836,97590558,96,TRUE,0
8930545836,136829091,3,FALSE,1
8930545836,152962063,19,TRUE,0
8930545836,201358612,13,TRUE,0
8930545836,331855530,18,FALSE,1
8930545836,346412363,119,FALSE,1
8930664368,16497807,30,TRUE,0
8930664368,77490514,90,TRUE,0
8930664368,86698277,36,FALSE,1
8930664368,93618577,107,FALSE,1
8930664368,97590558,108,TRUE,0
8930664368,136829091,131,FALSE,1
8930664368,152962063,19,TRUE,0
8930664368,201358612,17,TRUE,0
8930664368,331855530,46,FALSE,1
8930664368,346412363,123,FALSE,1
8930940469,10366616,45,TRUE,1
8930940469,16497807,9,FALSE,0
8930940469,25907144,123,TRUE,1
8930940469,77490514,71,FALSE,0
8930940469,97590558,98,FALSE,0
8930940469,100058342,70,TRUE,1
8930940469,152962063,18,FALSE,0
8930940469,183719386,15,TRUE,1
8930940469,201358612,13,FALSE,0
8930940469,898455820,96,TRUE,1
8931094863,10366616,111,TRUE,1
8931094863,16497807,9,FALSE,0
8931094863,25907144,51,TRUE,1
8931094863,77490514,100,FALSE,0
8931094863,97590558,77,FALSE,0
8931094863,100058342,80,TRUE,1
8931094863,152962063,21,FALSE,0
8931094863,183719386,36,TRUE,1
8931094863,201358612,106,FALSE,0
8931094863,898455820,96,TRUE,1
8931183918,10366616,9,TRUE,1
8931183918,16497807,100,FALSE,0
8931183918,25907144,51,TRUE,1
8931183918,77490514,101,FALSE,0
8931183918,97590558,96,FALSE,0
8931183918,100058342,54,TRUE,1
8931183918,152962063,21,FALSE,0
8931183918,183719386,36,TRUE,1
8931183918,201358612,17,FALSE,0
8931183918,898455820,120,TRUE,1
