match_id,series_id,series_type,start_time,duration,first_blood_time,radiant_team_id,dire_team_id,tormentor_death,replay_url
8741845487,1078482,3,1774353599,3003,186,9351740,8255888,FALSE,http://replay274.valve.net/570/8741845487_1552533833.dem.bz2
8741845565,1078483,3,1774353600,1894,251,9964962,9823272,FALSE,http://replay273.valve.net/570/8741845565_506706069.dem.bz2
8741845584,1078484,3,1774353600,1761,7,9828897,9572001,FALSE,http://replay273.valve.net/570/8741845584_1730560487.dem.bz2
8741845660,1078485,3,1774353595,2013,0,8291895,9338413,FALSE,http://replay271.valve.net/570/8741845660_990375914.dem.bz2
8741914801,1078484,3,1774357140,2160,0,9828897,9572001,FALSE,http://replay272.valve.net/570/8741914801_1040500049.dem.bz2
8741922328,1078483,3,1774357500,1933,186,9964962,9823272,FALSE,http://replay273.valve.net/570/8741922328_770613434.dem.bz2
8741931257,1078485,3,1774357918,2587,156,9338413,8291895,FALSE,http://replay274.valve.net/570/8741931257_1508266434.dem.bz2
8741939284,NA,NA,1774358280,2080,82,8255888,9351740,FALSE,NA
8742039237,1078551,3,1774362599,2488,252,8255888,9823272,TRUE,http://replay271.valve.net/570/8742039237_1059906874.dem.bz2
8742039319,1078552,3,1774362600,1532,6,9828897,9964962,FALSE,http://replay271.valve.net/570/8742039319_906381203.dem.bz2
8742051676,1078559,3,1774363140,1528,46,9351740,8291895,FALSE,http://replay271.valve.net/570/8742051676_176607222.dem.bz2
8742051677,1078558,3,1774363136,1745,40,9338413,9572001,FALSE,http://replay271.valve.net/570/8742051677_2081027427.dem.bz2
8742118850,1078552,3,1774366080,1847,218,9964962,9828897,FALSE,http://replay271.valve.net/570/8742118850_812726239.dem.bz2
8742124178,1078559,3,1774366320,3930,110,8291895,9351740,FALSE,http://replay274.valve.net/570/8742124178_1677005694.dem.bz2
8742136025,1078558,3,1774366855,2229,157,9338413,9572001,FALSE,http://replay274.valve.net/570/8742136025_1516875954.dem.bz2
8742137378,1078551,3,1774366920,1469,0,8255888,9823272,FALSE,http://replay272.valve.net/570/8742137378_1324529901.dem.bz2
8742266812,1078601,3,1774373218,2460,124,2586976,9467224,TRUE,http://replay273.valve.net/570/8742266812_679059021.dem.bz2
8742266886,1078602,3,1774373218,1601,139,7554697,8261500,FALSE,http://replay272.valve.net/570/8742266886_644072361.dem.bz2
8742267022,1078603,3,1774373220,2483,5,7119388,9895392,FALSE,http://replay273.valve.net/570/8742267022_718731690.dem.bz2
8742267069,1078604,3,1774373220,2466,10,67,9247354,FALSE,http://replay271.valve.net/570/8742267069_1027230544.dem.bz2
8742334442,1078602,3,1774376700,2078,285,8261500,7554697,FALSE,http://replay271.valve.net/570/8742334442_826235957.dem.bz2
8742349162,1078601,3,1774377477,1495,0,9467224,2586976,FALSE,http://replay272.valve.net/570/8742349162_1489680556.dem.bz2
8742349256,1078603,3,1774377480,1493,304,9895392,7119388,FALSE,http://replay274.valve.net/570/8742349256_1960224426.dem.bz2
8742349274,1078604,3,1774377480,2183,130,67,9247354,FALSE,http://replay271.valve.net/570/8742349274_538179086.dem.bz2
8742422808,1078668,3,1774381500,1597,42,9467224,9895392,TRUE,http://replay271.valve.net/570/8742422808_1649163111.dem.bz2
8742422889,1078669,3,1774381705,2342,88,8261500,7119388,FALSE,http://replay271.valve.net/570/8742422889_1570572620.dem.bz2
8742432109,1078672,3,1774382040,2286,0,2586976,9247354,FALSE,http://replay273.valve.net/570/8742432109_498351986.dem.bz2
8742432204,1078673,3,1774382040,3216,173,7554697,67,FALSE,http://replay273.valve.net/570/8742432204_1030179745.dem.bz2
8742477122,1078668,3,1774384860,2111,107,9895392,9467224,TRUE,http://replay272.valve.net/570/8742477122_938680636.dem.bz2
8742491783,1078669,3,1774385934,3776,7,8261500,7119388,FALSE,http://replay273.valve.net/570/8742491783_1040512530.dem.bz2
8742496748,1078672,3,1774386240,2614,0,2586976,9247354,FALSE,http://replay272.valve.net/570/8742496748_1186028725.dem.bz2
8742507954,1078673,3,1774387080,2725,5,7554697,67,FALSE,http://replay272.valve.net/570/8742507954_217576000.dem.bz2
8743150101,1078867,3,1774440000,1936,131,9823272,9338413,FALSE,http://replay273.valve.net/570/8743150101_518614584.dem.bz2
8743150103,1078868,3,1774439995,2672,7,8255888,9964962,FALSE,http://replay274.valve.net/570/8743150103_1432986521.dem.bz2
8743150168,1078869,3,1774440000,1947,42,9572001,9351740,FALSE,http://replay271.valve.net/570/8743150168_1221254751.dem.bz2
8743150184,1078870,3,1774440000,1763,189,9828897,8291895,FALSE,http://replay273.valve.net/570/8743150184_118786843.dem.bz2
8743235152,1078870,3,1774443660,1752,94,8291895,9828897,FALSE,http://replay273.valve.net/570/8743235152_1827778296.dem.bz2
8743236667,1078869,3,1774443720,2499,82,9351740,9572001,FALSE,http://replay274.valve.net/570/8743236667_1421421607.dem.bz2
8743239684,1078867,3,1774443840,1855,0,9823272,9338413,FALSE,http://replay273.valve.net/570/8743239684_853525564.dem.bz2
8743259155,1078868,3,1774444613,3463,0,8255888,9964962,FALSE,http://replay272.valve.net/570/8743259155_1523191740.dem.bz2
8743439140,1078930,3,1774451334,2456,0,8261500,2586976,FALSE,http://replay272.valve.net/570/8743439140_1826949041.dem.bz2
8743439271,1078931,3,1774451339,2731,0,9247354,9895392,FALSE,http://replay271.valve.net/570/8743439271_1066984467.dem.bz2
8743439281,1078932,3,1774451340,2113,17,7119388,7554697,FALSE,http://replay274.valve.net/570/8743439281_22604513.dem.bz2
8743439283,1078933,3,1774451340,2985,425,67,9467224,FALSE,http://replay271.valve.net/570/8743439283_625068631.dem.bz2
8743542356,1078932,3,1774455420,2933,204,7554697,7119388,FALSE,http://replay272.valve.net/570/8743542356_1048314875.dem.bz2
8743545122,1078930,3,1774455570,2323,344,8261500,2586976,FALSE,http://replay274.valve.net/570/8743545122_581149759.dem.bz2
8743555498,1078931,3,1774455960,2697,78,9895392,9247354,FALSE,http://replay274.valve.net/570/8743555498_1245713116.dem.bz2
8743561222,1078933,3,1774456200,1814,4,9467224,67,FALSE,http://replay272.valve.net/570/8743561222_1294057118.dem.bz2
8743688613,1078975,0,1774461837,2729,8,9572001,9964962,FALSE,http://replay273.valve.net/570/8743688613_1563477832.dem.bz2
8743783853,1079023,0,1774466574,3078,137,8255888,9572001,FALSE,http://replay271.valve.net/570/8743783853_2102916426.dem.bz2
8744516025,1079210,1,1774526400,2985,160,7119388,9823272,FALSE,http://replay272.valve.net/570/8744516025_962180248.dem.bz2
8744628933,1079210,1,1774531440,2612,0,7119388,9823272,FALSE,http://replay274.valve.net/570/8744628933_1043149248.dem.bz2
8744743926,1079210,1,1774535940,2083,79,9823272,7119388,FALSE,http://replay271.valve.net/570/8744743926_528766223.dem.bz2
8744876410,1079294,1,1774541280,2158,4,8291895,9467224,FALSE,http://replay272.valve.net/570/8744876410_1336733201.dem.bz2
8744971178,1079294,1,1774545420,3279,8,9467224,8291895,TRUE,http://replay273.valve.net/570/8744971178_1988665305.dem.bz2
8745090204,1079294,1,1774550940,2648,72,8291895,9467224,TRUE,http://replay271.valve.net/570/8745090204_607422021.dem.bz2
8745834843,1079559,1,1774612799,1981,205,8261500,9338413,FALSE,http://replay273.valve.net/570/8745834843_691365539.dem.bz2
8745947296,1079559,1,1774616697,2506,2,8261500,9338413,FALSE,http://replay273.valve.net/570/8745947296_17503388.dem.bz2
8746052384,1079559,1,1774621020,2847,118,8261500,9338413,FALSE,http://replay273.valve.net/570/8746052384_1715544549.dem.bz2
8746216605,1079664,1,1774627300,2080,184,9572001,9247354,FALSE,http://replay271.valve.net/570/8746216605_42663883.dem.bz2
8746313247,1079664,1,1774631338,1904,161,9247354,9572001,FALSE,http://replay273.valve.net/570/8746313247_2045023391.dem.bz2
8746446635,1079736,1,1774638306,2525,172,8261500,7119388,FALSE,http://replay273.valve.net/570/8746446635_164749164.dem.bz2
8746557862,1079736,1,1774642740,2500,180,8261500,7119388,FALSE,http://replay271.valve.net/570/8746557862_2141064839.dem.bz2
8746649774,1079736,1,1774647899,4397,118,8261500,7119388,FALSE,http://replay274.valve.net/570/8746649774_2054829611.dem.bz2
8747354565,1079981,1,1774699178,2756,288,9572001,9467224,FALSE,http://replay272.valve.net/570/8747354565_486007222.dem.bz2
8747486863,1079981,1,1774703996,1841,108,9572001,9467224,FALSE,http://replay273.valve.net/570/8747486863_1209807817.dem.bz2
8747660830,NA,NA,1774711855,2648,4,9823272,8291895,FALSE,NA
8747822091,1080088,1,1774716418,1501,203,9823272,8291895,FALSE,http://replay274.valve.net/570/8747822091_2126157652.dem.bz2
8748008577,1080194,1,1774724358,1333,177,9572001,8261500,FALSE,http://replay273.valve.net/570/8748008577_1336734367.dem.bz2
8748080084,1080194,1,1774727699,2869,30,8261500,9572001,FALSE,http://replay273.valve.net/570/8748080084_1925019849.dem.bz2
8748176080,1080194,1,1774732675,2037,286,8261500,9572001,FALSE,http://replay274.valve.net/570/8748176080_906124468.dem.bz2
8748904227,1080439,1,1774782280,2439,73,8261500,9823272,FALSE,http://replay273.valve.net/570/8748904227_970736188.dem.bz2
8748993377,1080439,1,1774786609,2037,0,8261500,9823272,FALSE,http://replay273.valve.net/570/8748993377_1369357816.dem.bz2
8749102310,1080439,1,1774790517,2037,108,8261500,9823272,FALSE,http://replay272.valve.net/570/8749102310_2105453652.dem.bz2
8749290937,1080543,2,1774797535,2439,375,9823272,8291895,FALSE,http://replay272.valve.net/570/8749290937_1328861266.dem.bz2
8749401157,1080543,2,1774801859,3748,53,8291895,9823272,FALSE,http://replay274.valve.net/570/8749401157_88295810.dem.bz2
8749533801,1080543,2,1774807497,2264,139,9823272,8291895,FALSE,http://replay271.valve.net/570/8749533801_729657643.dem.bz2
8749655300,1080543,2,1774812860,1662,15,8291895,9823272,FALSE,http://replay273.valve.net/570/8749655300_1124889914.dem.bz2
8753498070,1081674,1,1775066512,1935,284,2576071,9255039,FALSE,http://replay273.valve.net/570/8753498070_262733636.dem.bz2
8753565836,1081674,1,1775069942,3146,244,9255039,2576071,FALSE,http://replay274.valve.net/570/8753565836_1696685143.dem.bz2
8753862041,1081824,1,1775095219,2189,0,9894442,726228,FALSE,http://replay236.valve.net/570/8753862041_561817238.dem.bz2
8753899060,1081824,1,1775099185,2450,220,9894442,726228,FALSE,http://replay236.valve.net/570/8753899060_797868029.dem.bz2
8754028170,1081870,1,1775113195,3017,441,9691969,10020555,FALSE,http://replay151.valve.net/570/8754028170_1450470280.dem.bz2
8754078295,1081875,1,1775116947,1992,139,8261500,9886289,FALSE,http://replay225.valve.net/570/8754078295_1237293694.dem.bz2
8754079014,1081876,1,1775116800,3576,186,9928636,9467224,FALSE,http://replay274.valve.net/570/8754079014_1034340309.dem.bz2
8754095340,1081870,1,1775117761,3912,242,9691969,10020555,TRUE,http://replay153.valve.net/570/8754095340_1498205851.dem.bz2
8754127507,1081875,1,1775120236,1643,110,8261500,9886289,FALSE,http://replay225.valve.net/570/8754127507_1025702053.dem.bz2
8754154422,1081876,1,1775122236,1577,0,9928636,9467224,FALSE,http://replay272.valve.net/570/8754154422_426582379.dem.bz2
8754195782,1081876,1,1775125392,1632,6,9928636,9467224,FALSE,http://replay273.valve.net/570/8754195782_1055631575.dem.bz2
8754248527,1081901,1,1775129086,2802,86,9255039,9338413,FALSE,http://replay272.valve.net/570/8754248527_1235708052.dem.bz2
8754352117,1081901,1,1775133672,3182,146,9255039,9338413,FALSE,http://replay273.valve.net/570/8754352117_129600140.dem.bz2
8754463676,1081953,1,1775138741,2556,58,9572001,9895392,FALSE,http://replay273.valve.net/570/8754463676_1564655361.dem.bz2
8754582619,1081953,1,1775142994,2302,123,9895392,9572001,FALSE,http://replay274.valve.net/570/8754582619_1767878337.dem.bz2
8754711076,1082002,1,1775149215,2018,10,9303383,36,FALSE,http://replay274.valve.net/570/8754711076_2078478080.dem.bz2
8754811839,1082002,1,1775152772,2525,116,9303383,36,FALSE,http://replay274.valve.net/570/8754811839_827413113.dem.bz2
8754905468,1082002,1,1775157144,2279,6,9303383,36,FALSE,http://replay273.valve.net/570/8754905468_331248735.dem.bz2
8755317345,1082175,1,1775192571,1894,54,9885310,8261500,FALSE,http://replay225.valve.net/570/8755317345_124614319.dem.bz2
8755366466,1082175,1,1775196352,2004,34,8261500,9885310,FALSE,http://replay225.valve.net/570/8755366466_956190136.dem.bz2
8755425925,1082200,1,1775201161,1827,246,9351740,726228,FALSE,http://replay225.valve.net/570/8755425925_622082050.dem.bz2
8755445695,1082204,1,1775203760,1989,218,9467224,9255039,FALSE,http://replay272.valve.net/570/8755445695_1178730125.dem.bz2
8755468072,1082200,1,1775204239,3146,0,9351740,726228,FALSE,http://replay225.valve.net/570/8755468072_1840880246.dem.bz2
8755511101,1082204,1,1775207180,2107,275,9255039,9467224,FALSE,http://replay274.valve.net/570/8755511101_362547921.dem.bz2
8755539394,1082200,1,1775209042,2796,158,9351740,726228,FALSE,http://replay225.valve.net/570/8755539394_1929137777.dem.bz2
8755569308,1082204,1,1775210980,4369,43,9467224,9255039,FALSE,http://replay274.valve.net/570/8755569308_1746662484.dem.bz2
8755637158,1082232,1,1775214968,3262,314,8261500,9351740,FALSE,http://replay225.valve.net/570/8755637158_2143056167.dem.bz2
8755676521,1082241,1,1775217651,1750,310,9572001,36,FALSE,http://replay272.valve.net/570/8755676521_81277372.dem.bz2
8755735231,1082232,1,1775219795,1144,191,8261500,9351740,FALSE,http://replay225.valve.net/570/8755735231_1943507773.dem.bz2
8755766042,1082241,1,1775221136,2502,94,9572001,36,FALSE,http://replay273.valve.net/570/8755766042_1443793063.dem.bz2
8757142614,1082633,1,1775299701,2460,47,7554697,9872667,FALSE,http://replay273.valve.net/570/8757142614_1592769043.dem.bz2
8757219877,1082633,1,1775303601,2376,108,7554697,9872667,FALSE,http://replay273.valve.net/570/8757219877_180798190.dem.bz2
8757309458,1082633,1,1775307487,2119,33,7554697,9872667,FALSE,http://replay271.valve.net/570/8757309458_1302992737.dem.bz2
8757404869,1082717,1,1775311520,1834,82,2576071,9600141,FALSE,http://replay273.valve.net/570/8757404869_2142604981.dem.bz2
8757529698,1082717,1,1775315629,3009,123,9600141,2576071,TRUE,http://replay273.valve.net/570/8757529698_1847924563.dem.bz2
8757649115,1082812,1,1775320466,3356,0,9895392,55,FALSE,http://replay274.valve.net/570/8757649115_913539455.dem.bz2
8757769291,1082812,1,1775325325,1243,208,55,9895392,FALSE,http://replay271.valve.net/570/8757769291_118477564.dem.bz2
8757847890,1082884,1,1775328835,1976,155,9600141,9964962,FALSE,http://replay271.valve.net/570/8757847890_2037701816.dem.bz2
8757928349,1082884,1,1775332331,1790,0,9600141,9964962,FALSE,http://replay273.valve.net/570/8757928349_1295490074.dem.bz2
8758458334,1083026,1,1775372459,1994,51,2576071,9872558,FALSE,http://replay272.valve.net/570/8758458334_244434956.dem.bz2
8758516093,1083026,1,1775375959,1905,7,2576071,9872558,FALSE,http://replay272.valve.net/570/8758516093_1221889056.dem.bz2
8758604963,1083050,1,1775380476,3195,51,9303383,55,FALSE,http://replay272.valve.net/570/8758604963_1150450989.dem.bz2
8758692845,1083050,1,1775385127,2069,0,9303383,55,FALSE,http://replay274.valve.net/570/8758692845_416000775.dem.bz2
8759107304,1083151,1,1775401489,2259,116,55,7554697,FALSE,http://replay274.valve.net/570/8759107304_337851372.dem.bz2
8759237219,1083151,1,1775405534,2678,0,7554697,55,FALSE,http://replay274.valve.net/570/8759237219_343314998.dem.bz2
8759332195,1083151,1,1775409771,2910,42,7554697,55,FALSE,http://replay273.valve.net/570/8759332195_1337063960.dem.bz2
8759455338,1083279,1,1775414987,1567,174,9303383,9895392,FALSE,http://replay273.valve.net/570/8759455338_955437187.dem.bz2
8759524795,1083279,1,1775417858,1902,404,9303383,9895392,FALSE,http://replay272.valve.net/570/8759524795_2105943314.dem.bz2
8759585866,1083279,1,1775421043,2168,381,9303383,9895392,FALSE,http://replay273.valve.net/570/8759585866_1639179843.dem.bz2
8760013372,1083433,1,1775458802,2320,79,9303383,9872667,FALSE,http://replay274.valve.net/570/8760013372_251177642.dem.bz2
8760069764,1083433,1,1775462628,1920,165,9872667,9303383,FALSE,http://replay273.valve.net/570/8760069764_1053459896.dem.bz2
8760122367,1083433,1,1775466120,3919,197,9303383,9872667,FALSE,http://replay273.valve.net/570/8760122367_1141566020.dem.bz2
8760477190,1083496,1,1775483829,4374,175,9872558,9964962,FALSE,http://replay273.valve.net/570/8760477190_218589724.dem.bz2
8760634975,1083496,1,1775489942,893,169,9964962,9872558,FALSE,http://replay271.valve.net/570/8760634975_4893818.dem.bz2
8760693477,1083496,1,1775492354,2242,47,9872558,9964962,FALSE,http://replay274.valve.net/570/8760693477_252611321.dem.bz2
8760782649,1083566,1,1775496611,2575,0,7554697,9895392,FALSE,http://replay274.valve.net/570/8760782649_1299943748.dem.bz2
8760877821,1083566,1,1775500877,2086,0,9895392,7554697,FALSE,http://replay274.valve.net/570/8760877821_245810357.dem.bz2
8760986413,1083629,1,1775506494,3658,29,9964962,2576071,FALSE,http://replay273.valve.net/570/8760986413_1259474936.dem.bz2
8761051241,1083629,1,1775511100,2663,0,9964962,2576071,FALSE,http://replay274.valve.net/570/8761051241_827607315.dem.bz2
8761452929,1083747,1,1775553513,2815,9,9255039,9964962,FALSE,http://replay274.valve.net/570/8761452929_311939723.dem.bz2
8761515506,1083747,1,1775557974,2601,336,9964962,9255039,FALSE,http://replay273.valve.net/570/8761515506_1304089505.dem.bz2
8761588726,1083747,1,1775562383,1870,242,9964962,9255039,FALSE,http://replay273.valve.net/570/8761588726_1609846883.dem.bz2
8761895154,1083836,1,1775575518,2848,71,7554697,9303383,FALSE,http://replay271.valve.net/570/8761895154_932732352.dem.bz2
8762007038,1083836,1,1775579898,2688,29,9303383,7554697,FALSE,http://replay271.valve.net/570/8762007038_266862807.dem.bz2
8762128911,1083901,1,1775585435,1578,5,9303383,2576071,FALSE,http://replay274.valve.net/570/8762128911_799439169.dem.bz2
8762190571,1083901,1,1775588592,2969,126,9303383,2576071,FALSE,http://replay273.valve.net/570/8762190571_1960226710.dem.bz2
8762271616,1083901,1,1775593040,4044,14,9303383,2576071,FALSE,http://replay272.valve.net/570/8762271616_608132009.dem.bz2
8762670913,1084031,1,1775635226,2409,6,9572001,9964962,FALSE,http://replay271.valve.net/570/8762670913_983222438.dem.bz2
8762683726,0,0,1775636005,2299,110,10020555,NA,FALSE,http://replay151.valve.net/570/8762683726_1234217519.dem.bz2
8762721493,1084043,0,1775639281,1210,385,9444076,9316703,FALSE,http://replay236.valve.net/570/8762721493_466762216.dem.bz2
8762725627,1084031,1,1775639611,3055,61,9572001,9964962,FALSE,http://replay273.valve.net/570/8762725627_1637034090.dem.bz2
8762738967,1084046,0,1775640547,2234,8,10020555,10108685,FALSE,http://replay153.valve.net/570/8762738967_943475158.dem.bz2
8762810886,1084059,1,1775646022,3385,213,7554697,7119388,FALSE,http://replay274.valve.net/570/8762810886_454577052.dem.bz2
8762900221,1084059,1,1775650988,2689,57,7119388,7554697,FALSE,http://replay271.valve.net/570/8762900221_1772195270.dem.bz2
8763000090,1084059,1,1775655371,2672,130,7554697,7119388,FALSE,http://replay273.valve.net/570/8763000090_2108878309.dem.bz2
8763120187,1084133,1,1775660287,2979,225,9303383,2163,FALSE,http://replay273.valve.net/570/8763120187_988660815.dem.bz2
8763238308,1084133,1,1775664919,1874,1,2163,9303383,FALSE,http://replay274.valve.net/570/8763238308_388931743.dem.bz2
8763313524,1084133,1,1775668519,2081,190,9303383,2163,FALSE,http://replay272.valve.net/570/8763313524_1494271224.dem.bz2
8763405558,1084215,1,1775672822,2352,9,9303484,9338413,FALSE,http://replay271.valve.net/570/8763405558_655185687.dem.bz2
8763493227,1084215,1,1775677154,2582,178,9303484,9338413,FALSE,http://replay273.valve.net/570/8763493227_1556947213.dem.bz2
8763857081,1084373,1,1775714420,1777,259,5017210,10101464,FALSE,http://replay236.valve.net/570/8763857081_376447033.dem.bz2
8763898561,1084381,1,1775717680,1696,56,10108166,5017210,FALSE,http://replay236.valve.net/570/8763898561_1948274304.dem.bz2
8763938696,1084392,1,1775721628,2128,218,9964962,7119388,FALSE,http://replay272.valve.net/570/8763938696_2022726215.dem.bz2
8763948007,1084396,0,1775722092,3037,158,10020555,9691969,FALSE,http://replay152.valve.net/570/8763948007_1450182976.dem.bz2
8763984403,1084392,1,1775725369,2766,71,7119388,9964962,FALSE,http://replay272.valve.net/570/8763984403_256316151.dem.bz2
8764012816,1084407,0,1775727357,1800,355,9691969,10020555,FALSE,http://replay152.valve.net/570/8764012816_1368551041.dem.bz2
8764045768,1084392,1,1775729921,3075,423,7119388,9964962,FALSE,http://replay273.valve.net/570/8764045768_943907404.dem.bz2
8764127437,1084417,1,1775735229,1715,7,9572001,7554697,FALSE,http://replay274.valve.net/570/8764127437_55741931.dem.bz2
8764195216,1084417,1,1775738560,2107,103,9572001,7554697,FALSE,http://replay273.valve.net/570/8764195216_1342014801.dem.bz2
8764351266,1084472,1,1775744869,2534,56,2163,9303484,FALSE,http://replay274.valve.net/570/8764351266_804925143.dem.bz2
8764502762,1084472,1,1775752337,2551,50,9303484,2163,FALSE,http://replay271.valve.net/570/8764502762_1268711138.dem.bz2
8764625108,1084530,1,1775757018,2756,187,9303383,9338413,FALSE,http://replay271.valve.net/570/8764625108_2033852298.dem.bz2
8764724871,1084530,1,1775761677,3501,124,9303383,9338413,FALSE,http://replay274.valve.net/570/8764724871_241442084.dem.bz2
8764812557,1084530,1,1775766605,1892,159,9303383,9338413,FALSE,http://replay274.valve.net/570/8764812557_744311398.dem.bz2
8765233808,1084700,0,1775809309,2172,188,10020555,10102110,FALSE,http://replay153.valve.net/570/8765233808_634869790.dem.bz2
8765260718,1084702,1,1775811704,2766,66,2163,7554697,FALSE,http://replay271.valve.net/570/8765260718_1821739053.dem.bz2
8765281928,1084705,0,1775813065,1888,266,10020555,7917893,FALSE,http://replay153.valve.net/570/8765281928_972691601.dem.bz2
8765317021,1084702,1,1775815953,3339,105,7554697,2163,FALSE,http://replay272.valve.net/570/8765317021_496290577.dem.bz2
8765407551,1084702,1,1775821185,1927,6,7554697,2163,FALSE,http://replay274.valve.net/570/8765407551_1782391235.dem.bz2
8765478656,1084733,1,1775824963,2018,5,9964962,9303383,FALSE,http://replay272.valve.net/570/8765478656_1304017857.dem.bz2
8765597299,1084733,1,1775829660,2711,172,9303383,9964962,FALSE,http://replay271.valve.net/570/8765597299_463898436.dem.bz2
8765688078,1084733,1,1775833220,2251,310,9303383,9964962,FALSE,http://replay273.valve.net/570/8765688078_733156141.dem.bz2
8765781391,1084803,1,1775836944,1729,20,9572001,9338413,FALSE,http://replay272.valve.net/570/8765781391_486386515.dem.bz2
8765867665,1084803,1,1775840402,2411,0,9572001,9338413,FALSE,http://replay273.valve.net/570/8765867665_1635586596.dem.bz2
8765976782,1084869,1,1775844913,3210,13,9964962,7554697,FALSE,http://replay274.valve.net/570/8765976782_594352299.dem.bz2
8766089530,1084869,1,1775849796,2157,0,7554697,9964962,FALSE,http://replay274.valve.net/570/8766089530_2147148251.dem.bz2
8766168681,1084869,1,1775854711,4020,142,7554697,9964962,FALSE,http://replay273.valve.net/570/8766168681_821932229.dem.bz2
8766676079,1085092,1,1775894576,2152,252,10081680,10020555,FALSE,http://replay152.valve.net/570/8766676079_1685862184.dem.bz2
8766744085,1085092,1,1775898430,5068,255,10081680,10020555,FALSE,http://replay153.valve.net/570/8766744085_1916759689.dem.bz2
8766799303,1085136,1,1775901734,2258,65,7554697,9338413,FALSE,http://replay274.valve.net/570/8766799303_416500700.dem.bz2
8766868898,1085092,1,1775905687,3379,380,10081680,10020555,FALSE,http://replay151.valve.net/570/8766868898_682457921.dem.bz2
8766874056,1085136,1,1775905520,2312,12,7554697,9338413,FALSE,http://replay272.valve.net/570/8766874056_1173842854.dem.bz2
8767039368,1085248,2,1775912438,1321,154,9572001,7554697,FALSE,http://replay272.valve.net/570/8767039368_214367435.dem.bz2
8767122402,1085248,2,1775915464,3083,70,7554697,9572001,FALSE,http://replay272.valve.net/570/8767122402_1015200716.dem.bz2
8767261875,1085248,2,1775920321,2113,3,9572001,7554697,FALSE,http://replay272.valve.net/570/8767261875_819752317.dem.bz2
8768062819,1085570,1,1775966758,2283,179,9886289,5017210,FALSE,http://replay236.valve.net/570/8768062819_750566678.dem.bz2
8768075956,1085578,1,1775967546,2433,188,10081680,2586976,FALSE,http://replay152.valve.net/570/8768075956_2014677437.dem.bz2
8768118591,1085570,1,1775970838,2010,5,5017210,9886289,FALSE,http://replay236.valve.net/570/8768118591_1335195447.dem.bz2
8768129330,1085578,1,1775971616,2052,8,2586976,10081680,FALSE,http://replay151.valve.net/570/8768129330_1540489924.dem.bz2
8768337141,1085645,1,1775984491,3449,255,10108713,8255888,FALSE,http://replay181.valve.net/570/8768337141_598403943.dem.bz2
8768337245,1085646,1,1775984416,2206,176,9303383,9895247,FALSE,http://replay184.valve.net/570/8768337245_371639385.dem.bz2
8768416436,1085662,1,1775988080,1587,19,2163,8680909,FALSE,http://replay274.valve.net/570/8768416436_1642273628.dem.bz2
8768416998,1085663,1,1775988069,2056,0,7554697,36,FALSE,http://replay271.valve.net/570/8768416998_682004295.dem.bz2
8768426002,1085646,1,1775988433,2806,289,9303383,9895247,FALSE,http://replay185.valve.net/570/8768426002_795703668.dem.bz2
8768463356,1085645,1,1775990283,2945,167,10108713,8255888,FALSE,http://replay184.valve.net/570/8768463356_1407134263.dem.bz2
8768492761,0,0,1775991690,1894,125,NA,8680909,FALSE,http://replay273.valve.net/570/8768492761_1206772337.dem.bz2
8768493467,1085663,1,1775991722,2414,0,7554697,36,FALSE,http://replay273.valve.net/570/8768493467_1759166398.dem.bz2
8768509968,1085646,1,1775993357,2724,140,9303383,9895247,FALSE,http://replay187.valve.net/570/8768509968_519801066.dem.bz2
8768544040,1085697,1,1775995200,2620,245,2586976,9879852,FALSE,http://replay152.valve.net/570/8768544040_1819243366.dem.bz2
8768553107,1085645,1,1775994921,1955,16,10108713,8255888,FALSE,http://replay182.valve.net/570/8768553107_1362985700.dem.bz2
8768555805,1085700,1,1775995210,3950,51,9894442,5017210,FALSE,http://replay236.valve.net/570/8768555805_501975909.dem.bz2
8768559871,1085701,1,1775995210,1238,5,726228,10108166,FALSE,http://replay236.valve.net/570/8768559871_120341019.dem.bz2
8768650953,1085701,1,1775998215,1388,196,10108166,726228,FALSE,http://replay236.valve.net/570/8768650953_859085820.dem.bz2
8768688669,1085697,1,1775999588,2362,372,2586976,9879852,FALSE,http://replay152.valve.net/570/8768688669_1795764309.dem.bz2
8768731606,1085700,1,1776001113,1082,120,5017210,9894442,FALSE,http://replay236.valve.net/570/8768731606_745229545.dem.bz2
8768769661,1085755,1,1776002538,2559,113,9928636,9338413,FALSE,http://replay274.valve.net/570/8768769661_1181588995.dem.bz2
8768888971,1085755,1,1776006693,2397,139,9928636,9338413,FALSE,http://replay273.valve.net/570/8768888971_601570332.dem.bz2
8768995011,1085755,1,1776010933,2900,202,9928636,9338413,FALSE,http://replay273.valve.net/570/8768995011_29978478.dem.bz2
8769031848,1085820,1,1776013212,2442,317,9303383,10108713,FALSE,http://replay185.valve.net/570/8769031848_1166133641.dem.bz2
8769132568,1085854,1,1776016898,3141,33,2163,36,FALSE,http://replay274.valve.net/570/8769132568_1957157260.dem.bz2
8769147161,1085820,1,1776017466,2865,69,10108713,9303383,FALSE,http://replay182.valve.net/570/8769147161_728283560.dem.bz2
8769240146,1085820,1,1776022454,2666,179,9303383,10108713,FALSE,http://replay184.valve.net/570/8769240146_86546417.dem.bz2
8769245008,1085854,1,1776022097,2513,8,36,2163,FALSE,http://replay272.valve.net/570/8769245008_346450051.dem.bz2
8769321570,1085854,1,1776026658,1622,196,36,2163,FALSE,http://replay273.valve.net/570/8769321570_1391546918.dem.bz2
8769341364,1085934,1,1776027753,2075,133,9303484,8965331,FALSE,http://replay346.valve.net/570/8769341364_413962458.dem.bz2
8769392037,1085934,1,1776031501,1536,140,8965331,9303484,FALSE,http://replay346.valve.net/570/8769392037_1960677344.dem.bz2
8769491328,1085992,1,1776042132,2377,6,10108600,9303484,FALSE,http://replay346.valve.net/570/8769491328_1469738941.dem.bz2
8769531082,1085992,1,1776046588,1301,133,9303484,10108600,FALSE,http://replay346.valve.net/570/8769531082_148627734.dem.bz2
8769558261,1085992,1,1776049664,2100,0,9303484,10108600,FALSE,http://replay346.valve.net/570/8769558261_1468770124.dem.bz2
8769721570,1086060,1,1776067234,2320,11,9828897,2586976,FALSE,http://replay152.valve.net/570/8769721570_1535745990.dem.bz2
8769763171,1086067,1,1776070847,2653,241,8255888,9895247,FALSE,http://replay181.valve.net/570/8769763171_1214225061.dem.bz2
8769779484,1086060,1,1776071592,2093,0,2586976,9828897,FALSE,http://replay153.valve.net/570/8769779484_324672246.dem.bz2
8769824716,1086073,1,1776075189,2767,13,7554697,8680909,FALSE,http://replay273.valve.net/570/8769824716_270691147.dem.bz2
8769828782,1086067,1,1776075353,2237,243,9895247,8255888,FALSE,http://replay181.valve.net/570/8769828782_1454441147.dem.bz2
8769903842,1086073,1,1776080011,1623,139,7554697,8680909,FALSE,http://replay274.valve.net/570/8769903842_1717117310.dem.bz2
8769936137,1086084,1,1776081705,2483,188,5017210,726228,FALSE,http://replay236.valve.net/570/8769936137_105758270.dem.bz2
8769974986,1086073,1,1776083633,2905,0,7554697,8680909,FALSE,http://replay271.valve.net/570/8769974986_107695468.dem.bz2
8769999753,1086100,1,1776085185,2633,214,9255039,8255888,FALSE,http://replay185.valve.net/570/8769999753_734689459.dem.bz2
8770036212,1086084,1,1776086171,2320,7,5017210,726228,FALSE,http://replay236.valve.net/570/8770036212_2062169797.dem.bz2
8770130252,1086100,1,1776089904,1800,63,8255888,9255039,FALSE,http://replay185.valve.net/570/8770130252_330551299.dem.bz2
8770282236,1086156,1,1776096209,1703,156,9964962,10108655,FALSE,http://replay122.valve.net/570/8770282236_1850756633.dem.bz2
8770342863,1086166,1,1776099605,2446,112,9303383,5014799,FALSE,http://replay181.valve.net/570/8770342863_345775625.dem.bz2
8770347238,1086167,1,1776099612,2561,181,55,8255888,FALSE,http://replay184.valve.net/570/8770347238_653933449.dem.bz2
8770372144,1086156,1,1776100100,1973,0,10108655,9964962,FALSE,http://replay122.valve.net/570/8770372144_812156033.dem.bz2
8770449153,1086166,1,1776103722,2793,275,5014799,9303383,FALSE,http://replay182.valve.net/570/8770449153_1853321246.dem.bz2
8770453510,1086167,1,1776103927,3255,75,8255888,55,FALSE,http://replay184.valve.net/570/8770453510_587588697.dem.bz2
8770456297,1086209,1,1776104171,2650,116,9338413,9895392,FALSE,http://replay272.valve.net/570/8770456297_1551696488.dem.bz2
8770550929,1086209,1,1776108823,2158,4,9895392,9338413,FALSE,http://replay273.valve.net/570/8770550929_1753152539.dem.bz2
8770616434,1086209,1,1776112878,3246,153,9895392,9338413,FALSE,http://replay271.valve.net/570/8770616434_412280817.dem.bz2
8770764646,1086286,1,1776128606,2064,300,9303484,10108947,FALSE,http://replay346.valve.net/570/8770764646_605588221.dem.bz2
8770803860,1086286,1,1776132912,2550,165,9303484,10108947,FALSE,http://replay346.valve.net/570/8770803860_1174410726.dem.bz2
8770837839,1086286,1,1776137127,3225,58,9303484,10108947,FALSE,http://replay346.valve.net/570/8770837839_283702856.dem.bz2
8770853251,1086322,1,1776139271,1791,127,9885310,5017210,FALSE,http://replay225.valve.net/570/8770853251_522074871.dem.bz2
8770893622,1086322,1,1776142840,3096,114,5017210,9885310,FALSE,http://replay225.valve.net/570/8770893622_1812276226.dem.bz2
8771000125,1086350,2,1776153601,1174,146,726228,9885310,FALSE,http://replay225.valve.net/570/8771000125_1355272714.dem.bz2
8771033118,1086354,1,1776157393,4867,0,8255888,5014799,FALSE,http://replay182.valve.net/570/8771033118_693646827.dem.bz2
8771037293,1086350,2,1776156503,1763,17,9885310,726228,FALSE,http://replay225.valve.net/570/8771037293_2045192738.dem.bz2
8771072179,1086357,2,1776160127,2631,167,9885310,726228,FALSE,http://replay225.valve.net/570/8771072179_1458379470.dem.bz2
8771090406,1086359,1,1776160879,2553,28,9928636,2163,FALSE,http://replay274.valve.net/570/8771090406_1566793077.dem.bz2
8771114054,1086362,1,1776162353,1532,5,10101574,9338413,FALSE,http://replay272.valve.net/570/8771114054_1900949447.dem.bz2
8771139799,1086354,1,1776164069,1595,263,5014799,8255888,FALSE,http://replay184.valve.net/570/8771139799_1799559921.dem.bz2
8771159660,1086359,1,1776165297,2115,17,2163,9928636,FALSE,http://replay272.valve.net/570/8771159660_440276979.dem.bz2
8771168740,1086371,1,1776165836,2385,0,9338413,8680909,FALSE,http://replay272.valve.net/570/8771168740_810056697.dem.bz2
8771187999,1086354,1,1776167531,2241,79,5014799,8255888,FALSE,http://replay182.valve.net/570/8771187999_1566685747.dem.bz2
8771315035,1086405,2,1776172826,2128,0,9303383,8255888,FALSE,http://replay185.valve.net/570/8771315035_103554366.dem.bz2
8771377141,1086418,1,1776175292,3480,85,9338413,2163,FALSE,http://replay272.valve.net/570/8771377141_146402035.dem.bz2
8771417171,1086405,2,1776176707,3414,74,8255888,9303383,FALSE,http://replay181.valve.net/570/8771417171_18683706.dem.bz2
8771519532,1086418,1,1776180815,2246,161,2163,9338413,FALSE,http://replay274.valve.net/570/8771519532_229687728.dem.bz2
8771545553,1086405,2,1776181926,2296,5,9303383,8255888,FALSE,http://replay185.valve.net/570/8771545553_967162179.dem.bz2
8771613554,1086418,1,1776185157,2126,74,2163,9338413,FALSE,http://replay272.valve.net/570/8771613554_1027651381.dem.bz2
8771637279,1086405,2,1776186018,2100,326,8255888,9303383,FALSE,http://replay182.valve.net/570/8771637279_1556077116.dem.bz2
8771849856,1086561,2,1776197200,1752,5,10108655,9964962,FALSE,http://replay122.valve.net/570/8771849856_132180947.dem.bz2
8771903245,1086579,2,1776200576,2266,34,10108947,9303484,FALSE,http://replay346.valve.net/570/8771903245_653460477.dem.bz2
8771908040,1086561,2,1776200885,1745,70,9964962,10108655,FALSE,http://replay122.valve.net/570/8771908040_2018275309.dem.bz2
8771948020,1086579,2,1776204640,2168,68,9303484,10108947,FALSE,http://replay346.valve.net/570/8771948020_631228012.dem.bz2
8771950914,1086561,2,1776204897,3546,361,9964962,10108655,FALSE,http://replay121.valve.net/570/8771950914_601524153.dem.bz2
8771982857,1086579,2,1776208681,2197,49,10108947,9303484,FALSE,http://replay346.valve.net/570/8771982857_1577724455.dem.bz2
8772012963,1086579,2,1776212768,4157,173,9303484,10108947,FALSE,http://replay346.valve.net/570/8772012963_1010817970.dem.bz2
8772062569,1086579,2,1776219326,4013,12,10108947,9303484,FALSE,http://replay346.valve.net/570/8772062569_1284752226.dem.bz2
8775954888,1087647,1,1776495608,2663,124,8261500,36,FALSE,http://replay191.valve.net/570/8775954888_831944541.dem.bz2
8775954955,1087648,1,1776495627,2003,213,7119388,726228,FALSE,http://replay192.valve.net/570/8775954955_973171986.dem.bz2
8776009613,1087648,1,1776499380,3461,130,726228,7119388,FALSE,http://replay192.valve.net/570/8776009613_1665242745.dem.bz2
8776019262,1087647,1,1776499872,2051,174,8261500,36,FALSE,http://replay193.valve.net/570/8776019262_898232272.dem.bz2
8776077999,1087705,1,1776503726,2765,20,9964962,2163,FALSE,http://replay191.valve.net/570/8776077999_1499747594.dem.bz2
8776094912,1087648,1,1776504614,2299,287,7119388,726228,FALSE,http://replay193.valve.net/570/8776094912_565661268.dem.bz2
8776157596,1087705,1,1776508374,2357,188,2163,9964962,FALSE,http://replay193.valve.net/570/8776157596_832146265.dem.bz2
8776170934,1087742,1,1776508741,2446,23,10108947,9467224,FALSE,http://replay192.valve.net/570/8776170934_297256537.dem.bz2
8776236178,1087705,1,1776512809,2867,30,9964962,2163,FALSE,http://replay191.valve.net/570/8776236178_1637144210.dem.bz2
8776238601,1087742,1,1776512842,1450,322,10108947,9467224,FALSE,http://replay193.valve.net/570/8776238601_301516211.dem.bz2
8776302295,1087742,1,1776515714,1918,75,10108947,9467224,FALSE,http://replay193.valve.net/570/8776302295_1499219151.dem.bz2
8776345901,1087835,1,1776517824,1588,44,9572001,9338413,FALSE,http://replay191.valve.net/570/8776345901_1868465304.dem.bz2
8776380784,1087846,1,1776519291,2058,120,8255888,9895392,FALSE,http://replay193.valve.net/570/8776380784_1010494329.dem.bz2
8776432038,1087835,1,1776521042,2589,4,9572001,9338413,FALSE,http://replay191.valve.net/570/8776432038_1389634367.dem.bz2
8776484403,1087846,1,1776522977,2373,237,8255888,9895392,FALSE,http://replay193.valve.net/570/8776484403_335274668.dem.bz2
8776543835,1087903,1,1776525300,2950,125,9247354,9823272,FALSE,http://replay191.valve.net/570/8776543835_209682100.dem.bz2
8776583882,1087922,1,1776526928,1901,93,9303484,8291895,FALSE,http://replay192.valve.net/570/8776583882_899001562.dem.bz2
8776664516,1087903,1,1776530359,2174,245,9823272,9247354,FALSE,http://replay192.valve.net/570/8776664516_1113233037.dem.bz2
8776679266,1087922,1,1776530744,3891,372,8291895,9303484,FALSE,http://replay191.valve.net/570/8776679266_335686605.dem.bz2
8776815882,1087922,1,1776536682,2344,52,8291895,9303484,FALSE,http://replay193.valve.net/570/8776815882_977221770.dem.bz2
8777377390,1088165,1,1776578316,2157,223,10108166,5017210,FALSE,http://replay225.valve.net/570/8777377390_353045868.dem.bz2
8777432261,1088181,1,1776582002,2189,198,8261500,9467224,TRUE,http://replay191.valve.net/570/8777432261_1387458664.dem.bz2
8777437242,1088165,1,1776582042,2410,135,5017210,10108166,FALSE,http://replay225.valve.net/570/8777437242_1186620108.dem.bz2
8777439091,1088182,1,1776582163,1890,267,726228,36,FALSE,http://replay191.valve.net/570/8777439091_710390628.dem.bz2
8777492128,1088182,1,1776585698,2605,174,36,726228,FALSE,http://replay191.valve.net/570/8777492128_1528793247.dem.bz2
8777495739,1088181,1,1776586023,1870,87,9467224,8261500,FALSE,http://replay193.valve.net/570/8777495739_89724661.dem.bz2
8777501479,1088165,1,1776586091,1138,45,5017210,10108166,FALSE,http://replay225.valve.net/570/8777501479_1061288997.dem.bz2
8777551202,1088219,1,1776588931,2867,130,7554697,9885310,FALSE,http://replay274.valve.net/570/8777551202_1680512340.dem.bz2
8777560892,1088181,1,1776589541,2088,134,8261500,9467224,FALSE,http://replay193.valve.net/570/8777560892_523693574.dem.bz2
8777570720,1088182,1,1776590018,2636,420,726228,36,FALSE,http://replay193.valve.net/570/8777570720_518104991.dem.bz2
8777630244,1088250,1,1776593291,2406,299,2163,8255888,FALSE,http://replay191.valve.net/570/8777630244_1130864705.dem.bz2
8777641706,1088219,1,1776593520,834,68,9885310,7554697,FALSE,http://replay272.valve.net/570/8777641706_1638195805.dem.bz2
8777652578,1088261,1,1776594356,2351,116,9964962,9338413,FALSE,http://replay192.valve.net/570/8777652578_1190016961.dem.bz2
8777713189,1088281,0,1776597415,2413,245,9894442,5017210,FALSE,http://replay236.valve.net/570/8777713189_1071793694.dem.bz2
8777714725,1088250,1,1776597430,1761,208,8255888,2163,FALSE,http://replay192.valve.net/570/8777714725_366454928.dem.bz2
8777738576,1088261,1,1776598508,2402,0,9964962,9338413,FALSE,http://replay191.valve.net/570/8777738576_1225442973.dem.bz2
8777767528,1088298,1,1776599677,2213,196,7554697,5014799,FALSE,http://replay274.valve.net/570/8777767528_653944862.dem.bz2
8777800049,1088315,1,1776601198,3243,113,7119388,9247354,FALSE,http://replay192.valve.net/570/8777800049_1560038290.dem.bz2
8777838108,1088332,1,1776602595,2874,316,9823272,10108947,FALSE,http://replay191.valve.net/570/8777838108_697072332.dem.bz2
8777861135,1088298,1,1776603349,1533,132,7554697,5014799,FALSE,http://replay273.valve.net/570/8777861135_884045886.dem.bz2
8777936470,1088315,1,1776606414,2144,78,9247354,7119388,FALSE,http://replay193.valve.net/570/8777936470_534430241.dem.bz2
8777955132,1088332,1,1776607112,2568,129,10108947,9823272,FALSE,http://replay193.valve.net/570/8777955132_1105791399.dem.bz2
8778045350,1088315,1,1776610484,2669,185,9247354,7119388,FALSE,http://replay191.valve.net/570/8778045350_587344577.dem.bz2
8778074211,1088426,1,1776611521,1973,112,8291895,9895392,FALSE,http://replay193.valve.net/570/8778074211_124631498.dem.bz2
8778162915,1088448,1,1776615058,2053,178,9572001,9303484,FALSE,http://replay193.valve.net/570/8778162915_908296339.dem.bz2
8778168822,1088426,1,1776615260,1961,195,9895392,8291895,FALSE,http://replay191.valve.net/570/8778168822_1545842367.dem.bz2
8778252071,1088426,1,1776618849,2965,121,8291895,9895392,FALSE,http://replay193.valve.net/570/8778252071_230243799.dem.bz2
8778254726,1088448,1,1776618990,1733,152,9572001,9303484,FALSE,http://replay191.valve.net/570/8778254726_326932885.dem.bz2
8778335100,1088516,1,1776622488,3047,10,9303383,9678463,FALSE,http://replay272.valve.net/570/8778335100_1906397785.dem.bz2
8778439040,1088516,1,1776627573,2233,38,9303383,9678463,FALSE,http://replay271.valve.net/570/8778439040_379179294.dem.bz2
8778849866,1088689,1,1776668409,2416,74,9964962,7119388,FALSE,http://replay193.valve.net/570/8778849866_1766312312.dem.bz2
8778849893,1088690,1,1776668469,4001,244,2163,726228,FALSE,http://replay192.valve.net/570/8778849893_1864016028.dem.bz2
8778896415,1088689,1,1776672842,2420,6,7119388,9964962,TRUE,http://replay191.valve.net/570/8778896415_1295672435.dem.bz2
8778912772,1088690,1,1776674272,2323,5,726228,2163,FALSE,http://replay192.valve.net/570/8778912772_486443434.dem.bz2
8778928145,1088698,1,1776675555,2693,0,7554697,9255039,FALSE,http://replay271.valve.net/570/8778928145_1745237069.dem.bz2
8778945001,1088700,1,1776677162,2905,107,9303484,9895392,FALSE,http://replay191.valve.net/570/8778945001_1518693414.dem.bz2
8778960929,1088690,1,1776678380,1572,13,2163,726228,FALSE,http://replay193.valve.net/570/8778960929_519023598.dem.bz2
8778986053,1088698,1,1776679986,2013,80,9255039,7554697,FALSE,http://replay273.valve.net/570/8778986053_1918981280.dem.bz2
8779004984,1088705,1,1776681667,1658,46,10108947,8261500,FALSE,http://replay192.valve.net/570/8779004984_1539466469.dem.bz2
8779006190,1088700,1,1776681704,1843,72,9303484,9895392,FALSE,http://replay193.valve.net/570/8779006190_1411223926.dem.bz2
8779057857,1088705,1,1776685082,1891,0,10108947,8261500,FALSE,http://replay191.valve.net/570/8779057857_1890331055.dem.bz2
8779067796,1088713,1,1776685722,2806,141,8255888,9247354,FALSE,http://replay191.valve.net/570/8779067796_1687717202.dem.bz2
8779082104,1088715,1,1776686385,2879,0,7554697,9895247,FALSE,http://replay273.valve.net/570/8779082104_2044773033.dem.bz2
8779123262,1088705,1,1776688630,2543,222,10108947,8261500,FALSE,http://replay191.valve.net/570/8779123262_18852440.dem.bz2
8779155491,1088713,1,1776690181,3057,193,9247354,8255888,FALSE,http://replay191.valve.net/570/8779155491_1505840122.dem.bz2
8779175913,1088715,1,1776690806,2137,5,7554697,9895247,FALSE,http://replay274.valve.net/570/8779175913_536107110.dem.bz2
8779214847,1088764,1,1776692838,1525,0,9823272,36,FALSE,http://replay191.valve.net/570/8779214847_157862710.dem.bz2
8779265864,1088713,1,1776694896,2452,103,8255888,9247354,FALSE,http://replay192.valve.net/570/8779265864_194247367.dem.bz2
8779297009,1088764,1,1776696177,2646,164,36,9823272,FALSE,http://replay192.valve.net/570/8779297009_1472238318.dem.bz2
8779372774,1088795,1,1776699363,2996,178,9572001,9467224,FALSE,http://replay191.valve.net/570/8779372774_1902983849.dem.bz2
8779396380,1088764,1,1776700383,2655,134,36,9823272,FALSE,http://replay193.valve.net/570/8779396380_655469497.dem.bz2
8779478244,1088795,1,1776704172,3222,123,9572001,9467224,FALSE,http://replay191.valve.net/570/8779478244_449031244.dem.bz2
8779491334,1088822,1,1776704839,2302,51,9338413,8291895,FALSE,http://replay193.valve.net/570/8779491334_1657941892.dem.bz2
8779574003,1088822,1,1776708834,2725,61,9338413,8291895,TRUE,http://replay193.valve.net/570/8779574003_135616114.dem.bz2
8779581832,1088795,1,1776709136,3097,49,9572001,9467224,FALSE,http://replay193.valve.net/570/8779581832_920550539.dem.bz2
8779589316,1088872,1,1776709450,2764,313,9303383,9973656,FALSE,http://replay272.valve.net/570/8779589316_1820341445.dem.bz2
8779658823,1088822,1,1776713211,2456,266,9338413,8291895,FALSE,http://replay192.valve.net/570/8779658823_723020252.dem.bz2
8779682366,1088872,1,1776714184,2135,65,9303383,9973656,FALSE,http://replay273.valve.net/570/8779682366_796670444.dem.bz2
8780072726,1089008,1,1776754804,1880,106,2163,9303484,FALSE,http://replay191.valve.net/570/8780072726_813126532.dem.bz2
8780072753,1089009,1,1776754815,1952,115,7119388,36,FALSE,http://replay191.valve.net/570/8780072753_1762137696.dem.bz2
8780111466,1089009,1,1776758402,2986,76,7119388,36,FALSE,http://replay193.valve.net/570/8780111466_293981156.dem.bz2
8780111494,1089008,1,1776758421,2114,8,9303484,2163,FALSE,http://replay193.valve.net/570/8780111494_1026704580.dem.bz2
8780159415,1089026,1,1776762566,3131,223,9964962,9247354,FALSE,http://replay191.valve.net/570/8780159415_702194923.dem.bz2
8780164509,1089009,1,1776762979,2043,123,36,7119388,FALSE,http://replay191.valve.net/570/8780164509_1932331685.dem.bz2
8780212309,1089031,1,1776766835,2033,184,726228,8261500,FALSE,http://replay192.valve.net/570/8780212309_271631196.dem.bz2
8780224945,1089026,1,1776767485,2470,178,9964962,9247354,FALSE,http://replay191.valve.net/570/8780224945_2085050209.dem.bz2
8780270320,1089031,1,1776770401,2111,103,8261500,726228,FALSE,http://replay193.valve.net/570/8780270320_428409415.dem.bz2
8780302268,1089042,1,1776772324,2327,115,10108947,9572001,FALSE,http://replay193.valve.net/570/8780302268_1242254076.dem.bz2
8780306900,1089044,1,1776772681,1959,113,7554697,9928636,FALSE,http://replay272.valve.net/570/8780306900_335991402.dem.bz2
8780342142,1089057,1,1776774388,2297,131,9338413,9895392,FALSE,http://replay191.valve.net/570/8780342142_540879188.dem.bz2
8780381253,1089042,1,1776776228,1507,151,9572001,10108947,FALSE,http://replay193.valve.net/570/8780381253_152744954.dem.bz2
8780393201,1089044,1,1776776472,1835,82,9928636,7554697,FALSE,http://replay271.valve.net/570/8780393201_395619255.dem.bz2
8780428772,1089057,1,1776778266,2423,191,9338413,9895392,FALSE,http://replay191.valve.net/570/8780428772_1836752976.dem.bz2
8780454747,1089042,1,1776779345,1650,202,10108947,9572001,FALSE,http://replay192.valve.net/570/8780454747_1895662945.dem.bz2
8780527869,1089057,1,1776782434,3056,53,9338413,9895392,FALSE,http://replay191.valve.net/570/8780527869_1620952906.dem.bz2
8780553618,1089108,1,1776783391,2801,105,9600141,9303383,FALSE,http://replay271.valve.net/570/8780553618_1793717571.dem.bz2
8780664964,1089108,1,1776787800,2597,127,9303383,9600141,FALSE,http://replay271.valve.net/570/8780664964_1122411021.dem.bz2
8780800449,1089169,1,1776794255,2895,133,10108947,9303383,FALSE,http://replay271.valve.net/570/8780800449_864880770.dem.bz2
8780889411,1089169,1,1776798625,2144,175,10108947,9303383,FALSE,http://replay271.valve.net/570/8780889411_214417841.dem.bz2
8780953040,1089169,1,1776802373,2171,9,9303383,10108947,FALSE,http://replay274.valve.net/570/8780953040_1415871962.dem.bz2
8781318601,1089356,1,1776841306,2492,133,9964962,9303484,FALSE,http://replay193.valve.net/570/8781318601_1093289967.dem.bz2
8781366014,1089356,1,1776845647,2670,129,9303484,9964962,FALSE,http://replay193.valve.net/570/8781366014_1298419084.dem.bz2
8781428124,1089375,1,1776850978,2705,223,10108947,9338413,FALSE,http://replay192.valve.net/570/8781428124_1002213378.dem.bz2
8781484100,1089375,1,1776855181,3158,33,10108947,9338413,FALSE,http://replay192.valve.net/570/8781484100_1283166294.dem.bz2
8781560526,1089375,1,1776859864,3474,0,9338413,10108947,FALSE,http://replay193.valve.net/570/8781560526_1222205560.dem.bz2
8781585273,1089414,1,1776861284,2471,8,7299465,7554697,FALSE,http://replay272.valve.net/570/8781585273_77138570.dem.bz2
8781669218,1089448,1,1776865170,4326,132,8261500,7119388,FALSE,http://replay191.valve.net/570/8781669218_1015986943.dem.bz2
8781676071,1089414,1,1776865171,2566,352,7554697,7299465,FALSE,http://replay274.valve.net/570/8781676071_1812623031.dem.bz2
8781774413,1089473,1,1776869779,2791,61,9303383,55,FALSE,http://replay274.valve.net/570/8781774413_1938956234.dem.bz2
8781808385,1089448,1,1776871326,2421,112,7119388,8261500,FALSE,http://replay193.valve.net/570/8781808385_1804385864.dem.bz2
8781875710,1089473,1,1776874136,2139,216,55,9303383,FALSE,http://replay272.valve.net/570/8781875710_639819739.dem.bz2
8781942116,1089473,1,1776877914,2299,310,55,9303383,FALSE,http://replay273.valve.net/570/8781942116_1091692617.dem.bz2
8782036445,1089557,1,1776882089,1916,223,9303383,10108713,FALSE,http://replay273.valve.net/570/8782036445_1117577406.dem.bz2
8782104100,1089557,1,1776885646,2988,83,10108713,9303383,FALSE,http://replay272.valve.net/570/8782104100_262179399.dem.bz2
8782527726,1089710,1,1776927601,2756,47,9572001,10108947,FALSE,http://replay192.valve.net/570/8782527726_1011668282.dem.bz2
8782581053,1089710,1,1776931944,2343,3,10108947,9572001,FALSE,http://replay192.valve.net/570/8782581053_487584968.dem.bz2
8782625329,1089710,1,1776935942,2233,87,9572001,10108947,FALSE,http://replay193.valve.net/570/8782625329_372764944.dem.bz2
8782678248,1089731,1,1776939930,2803,81,9467224,9303484,FALSE,http://replay191.valve.net/570/8782678248_1471827899.dem.bz2
8782750796,1089731,1,1776944555,3558,368,9303484,9467224,FALSE,http://replay193.valve.net/570/8782750796_980510368.dem.bz2
8782781890,1089758,1,1776946199,2212,347,9303383,8680909,FALSE,http://replay273.valve.net/570/8782781890_1142389832.dem.bz2
8782867414,1089789,1,1776950038,1318,100,9303383,8680909,FALSE,http://replay271.valve.net/570/8782867414_1594069676.dem.bz2
8782870472,1089794,1,1776950571,3804,317,9247354,2163,FALSE,http://replay193.valve.net/570/8782870472_851888752.dem.bz2
8783006717,1089794,1,1776956158,2222,9,9247354,2163,FALSE,http://replay191.valve.net/570/8783006717_251285006.dem.bz2
8783105237,1089841,1,1776960308,2282,277,7119388,8255888,FALSE,http://replay193.valve.net/570/8783105237_1974478250.dem.bz2
8783198427,1089841,1,1776964336,2054,286,8255888,7119388,FALSE,http://replay191.valve.net/570/8783198427_2146264424.dem.bz2
8783810675,1090031,1,1777014036,2704,81,10108947,9303484,FALSE,http://replay191.valve.net/570/8783810675_1625105156.dem.bz2
8783863589,1090031,1,1777018455,3050,9,10108947,9303484,FALSE,http://replay193.valve.net/570/8783863589_492551869.dem.bz2
8783893724,1090045,1,1777020977,2209,102,10108713,7554697,FALSE,http://replay272.valve.net/570/8783893724_1795381493.dem.bz2
8783919534,1090031,1,1777022964,2859,3,10108947,9303484,FALSE,http://replay192.valve.net/570/8783919534_409859136.dem.bz2
8783945948,1090045,1,1777024772,1714,136,7554697,10108713,FALSE,http://replay273.valve.net/570/8783945948_887852590.dem.bz2
8783980542,1090061,1,1777027521,2451,281,9247354,7119388,FALSE,http://replay192.valve.net/570/8783980542_126921990.dem.bz2
8784047386,1090061,1,1777031654,3962,8,7119388,9247354,TRUE,http://replay191.valve.net/570/8784047386_1611868917.dem.bz2
8784176993,1090104,1,1777037977,1711,75,9467224,9572001,FALSE,http://replay193.valve.net/570/8784176993_1793287243.dem.bz2
8784255815,1090104,1,1777041148,2576,58,9572001,9467224,FALSE,http://replay193.valve.net/570/8784255815_150287688.dem.bz2
8784373796,1090104,1,1777045759,3519,59,9572001,9467224,FALSE,http://replay191.valve.net/570/8784373796_587262853.dem.bz2
8784508335,1090197,1,1777051226,2107,101,2163,8255888,FALSE,http://replay192.valve.net/570/8784508335_1731032226.dem.bz2
8784597508,1090197,1,1777055001,2779,6,8255888,2163,FALSE,http://replay191.valve.net/570/8784597508_1502319084.dem.bz2
8784700248,1090197,1,1777059546,2551,47,2163,8255888,FALSE,http://replay191.valve.net/570/8784700248_147138000.dem.bz2
8785243904,1090410,1,1777100408,2735,89,9572001,9247354,FALSE,http://replay191.valve.net/570/8785243904_559081999.dem.bz2
8785317017,1090410,1,1777105060,2583,130,9247354,9572001,FALSE,http://replay192.valve.net/570/8785317017_41151058.dem.bz2
8785399798,1090483,1,1777109627,2301,194,2163,10108947,FALSE,http://replay192.valve.net/570/8785399798_1265708159.dem.bz2
8785463098,1090483,1,1777113603,2963,0,10108947,2163,FALSE,http://replay191.valve.net/570/8785463098_2146167626.dem.bz2
8785561247,1090580,1,1777118800,4918,74,9467224,8255888,FALSE,http://replay193.valve.net/570/8785561247_933174215.dem.bz2
8785712176,1090580,1,1777125289,2405,191,8255888,9467224,FALSE,http://replay191.valve.net/570/8785712176_284102336.dem.bz2
8785812275,1090580,1,1777129226,2218,268,8255888,9467224,FALSE,http://replay191.valve.net/570/8785812275_390492770.dem.bz2
8785918300,1090780,1,1777133418,3179,0,9247354,2163,FALSE,http://replay193.valve.net/570/8785918300_1356632895.dem.bz2
8785998445,1090810,1,1777137263,2157,92,9303383,5014799,FALSE,http://replay271.valve.net/570/8785998445_230382319.dem.bz2
8786038067,1090780,1,1777138526,2266,65,2163,9247354,FALSE,http://replay193.valve.net/570/8786038067_712651116.dem.bz2
8786096203,1090810,1,1777140796,3189,119,5014799,9303383,FALSE,http://replay274.valve.net/570/8786096203_1452358989.dem.bz2
8786127499,1090780,1,1777142541,4463,153,9247354,2163,FALSE,http://replay191.valve.net/570/8786127499_303816249.dem.bz2
8786190347,1090810,1,1777145509,2367,24,9303383,5014799,FALSE,http://replay273.valve.net/570/8786190347_1325312660.dem.bz2
8786827560,1091104,1,1777191775,2289,238,9247354,9467224,FALSE,http://replay193.valve.net/570/8786827560_950674341.dem.bz2
8786902529,1091104,1,1777195660,2890,140,9467224,9247354,FALSE,http://replay193.valve.net/570/8786902529_537540621.dem.bz2
8787054928,1091202,2,1777203256,3756,4,8255888,9467224,FALSE,http://replay191.valve.net/570/8787054928_213474416.dem.bz2
8787185127,1091202,2,1777208628,2541,0,9467224,8255888,FALSE,http://replay191.valve.net/570/8787185127_1899629327.dem.bz2
8787299097,1091202,2,1777212661,2951,83,8255888,9467224,FALSE,http://replay191.valve.net/570/8787299097_310020079.dem.bz2
8787553356,1091360,1,1777222585,2199,69,9600141,7554697,FALSE,http://replay271.valve.net/570/8787553356_533265321.dem.bz2
8787657152,1091360,1,1777226699,1955,5,7554697,9600141,FALSE,http://replay273.valve.net/570/8787657152_640010361.dem.bz2
8788753093,1091717,1,1777305346,2502,46,9303383,10108713,FALSE,http://replay271.valve.net/570/8788753093_1110818401.dem.bz2
8788845470,1091717,1,1777309510,786,77,10108713,9303383,FALSE,http://replay274.valve.net/570/8788845470_812902195.dem.bz2
8789970663,1092042,1,1777391712,2605,48,55,9303383,FALSE,http://replay273.valve.net/570/8789970663_1507393747.dem.bz2
8790066383,1092042,1,1777395937,1894,79,9303383,55,FALSE,http://replay271.valve.net/570/8790066383_160936367.dem.bz2
8790141736,1092042,1,1777399803,2881,122,55,9303383,FALSE,http://replay273.valve.net/570/8790141736_370615711.dem.bz2
8791146573,1092389,1,1777478181,3107,108,9255039,7554697,FALSE,http://replay272.valve.net/570/8791146573_721942896.dem.bz2
8791260652,1092389,1,1777483464,2136,0,7554697,9255039,FALSE,http://replay271.valve.net/570/8791260652_1680012297.dem.bz2
8793065730,1092908,0,1777611862,2582,298,8261500,9885310,FALSE,http://replay236.valve.net/570/8793065730_684750589.dem.bz2
8793120962,1092925,0,1777616200,2471,258,9894442,726228,FALSE,http://replay236.valve.net/570/8793120962_1262324291.dem.bz2
8793172904,1092934,0,1777619813,2091,149,5017210,10007878,FALSE,http://replay236.valve.net/570/8793172904_598631203.dem.bz2
8793265942,1092948,1,1777625613,3095,188,8261500,9351740,FALSE,http://replay236.valve.net/570/8793265942_2043928185.dem.bz2
8793358954,1092948,1,1777631064,2990,103,9351740,8261500,FALSE,http://replay236.valve.net/570/8793358954_1610811527.dem.bz2
8793488300,1092988,1,1777637979,2869,311,726228,5017210,FALSE,http://replay236.valve.net/570/8793488300_1735943163.dem.bz2
8793607851,1092988,1,1777643276,2596,450,5017210,726228,FALSE,http://replay236.valve.net/570/8793607851_850919848.dem.bz2
8793618463,1093017,2,1777643923,2226,55,10108947,7554697,FALSE,http://replay271.valve.net/570/8793618463_90830645.dem.bz2
8793716970,1093017,2,1777647747,1803,0,10108947,7554697,FALSE,http://replay272.valve.net/570/8793716970_1169436777.dem.bz2
8793794280,1093017,2,1777650919,3025,39,10108947,7554697,FALSE,http://replay272.valve.net/570/8793794280_1018614670.dem.bz2
8794503692,1093255,1,1777698059,2021,76,9885310,726228,FALSE,http://replay236.valve.net/570/8794503692_1477041749.dem.bz2
8794550277,1093255,1,1777701855,2286,257,9885310,726228,FALSE,http://replay236.valve.net/570/8794550277_1947410280.dem.bz2
8794678244,1093307,1,1777711005,2267,22,5017210,8261500,FALSE,http://replay236.valve.net/570/8794678244_1619952078.dem.bz2
8794701587,1093315,1,1777712538,2125,180,9600141,9303383,FALSE,http://replay272.valve.net/570/8794701587_1093095364.dem.bz2
8794744726,1093307,1,1777714862,2776,482,8261500,5017210,TRUE,http://replay236.valve.net/570/8794744726_1284277848.dem.bz2
8794796825,1093315,1,1777718020,2529,101,9600141,9303383,FALSE,http://replay274.valve.net/570/8794796825_878346712.dem.bz2
8794844055,1093357,1,1777720915,2491,283,726228,9351740,FALSE,http://replay236.valve.net/570/8794844055_1880602506.dem.bz2
8794924854,1093357,1,1777724841,2832,130,9351740,726228,FALSE,http://replay236.valve.net/570/8794924854_2064648740.dem.bz2
8795015975,1093357,1,1777729174,4025,301,9351740,726228,FALSE,http://replay236.valve.net/570/8795015975_2131463829.dem.bz2
8795149036,1093461,1,1777734597,2094,8,2576071,10020555,FALSE,http://replay274.valve.net/570/8795149036_457266525.dem.bz2
8795235991,1093461,1,1777738346,2042,76,2576071,10020555,FALSE,http://replay273.valve.net/570/8795235991_651411680.dem.bz2
8795313607,1093461,1,1777741858,2023,135,2576071,10020555,FALSE,http://replay272.valve.net/570/8795313607_1549908330.dem.bz2
8795422881,1093554,1,1777746737,2602,44,9828897,7554697,FALSE,http://replay274.valve.net/570/8795422881_682559670.dem.bz2
8795506924,1093554,1,1777751102,3045,242,7554697,9828897,FALSE,http://replay273.valve.net/570/8795506924_717880285.dem.bz2
8795920439,1093705,1,1777784546,4188,321,8261500,726228,FALSE,http://replay236.valve.net/570/8795920439_140817561.dem.bz2
8796002560,1093705,1,1777790694,3389,188,726228,8261500,FALSE,http://replay236.valve.net/570/8796002560_616747320.dem.bz2
8796079102,1093705,1,1777795875,2643,324,726228,8261500,FALSE,http://replay236.valve.net/570/8796079102_1719491389.dem.bz2
8796227220,1093773,2,1777804647,2698,122,5017210,726228,FALSE,http://replay236.valve.net/570/8796227220_1711790405.dem.bz2
8796321705,1093773,2,1777809139,2426,247,726228,5017210,FALSE,http://replay236.valve.net/570/8796321705_1341888675.dem.bz2
8796325317,1093791,1,1777809634,1681,161,9828897,9303383,FALSE,http://replay271.valve.net/570/8796325317_208962744.dem.bz2
8796401622,1093791,1,1777812968,1872,0,9303383,9828897,FALSE,http://replay271.valve.net/570/8796401622_156760441.dem.bz2
8796420980,1093773,2,1777813633,2818,72,5017210,726228,FALSE,http://replay236.valve.net/570/8796420980_2036116432.dem.bz2
8796537475,1093773,2,1777818335,2454,195,726228,5017210,FALSE,http://replay236.valve.net/570/8796537475_184788970.dem.bz2
8796584138,1093869,1,1777820662,2325,12,9600141,7554697,FALSE,http://replay273.valve.net/570/8796584138_735565430.dem.bz2
8796687562,1093869,1,1777824596,2751,241,7554697,9600141,FALSE,http://replay273.valve.net/570/8796687562_1869198530.dem.bz2
8796840419,1093960,1,1777831532,2485,57,2576071,9338413,FALSE,http://replay272.valve.net/570/8796840419_858597571.dem.bz2
8796923918,1093960,1,1777835615,2569,101,2576071,9338413,FALSE,http://replay273.valve.net/570/8796923918_1491732525.dem.bz2
8797005855,1093960,1,1777840072,1923,174,2576071,9338413,FALSE,http://replay274.valve.net/570/8797005855_1064340949.dem.bz2
8797699775,1094213,1,1777899552,1996,60,5014799,9338413,FALSE,http://replay273.valve.net/570/8797699775_333393989.dem.bz2
8797782323,1094213,1,1777903286,1935,0,5014799,9338413,FALSE,http://replay273.valve.net/570/8797782323_1701026105.dem.bz2
8798159246,1094303,1,1777920916,1208,0,7554697,9691969,FALSE,http://replay272.valve.net/570/8798159246_372174182.dem.bz2
8798213956,1094303,1,1777923929,2687,0,7554697,9691969,FALSE,http://replay271.valve.net/570/8798213956_644638191.dem.bz2
8798715738,1094456,1,1777971798,2513,31,2576071,5014799,FALSE,http://replay271.valve.net/570/8798715738_424626024.dem.bz2
8798776092,1094456,1,1777975919,2556,154,2576071,5014799,FALSE,http://replay273.valve.net/570/8798776092_169445728.dem.bz2
8798846842,1094456,1,1777980792,1950,236,2576071,5014799,FALSE,http://replay274.valve.net/570/8798846842_234313987.dem.bz2
8799205642,1094537,1,1777997843,1998,60,9255039,9338413,FALSE,http://replay271.valve.net/570/8799205642_395998938.dem.bz2
8799274239,1094537,1,1778001361,1869,136,9255039,9338413,FALSE,http://replay274.valve.net/570/8799274239_1600397505.dem.bz2
8799367313,1094584,1,1778006157,2086,290,9691969,9303383,FALSE,http://replay272.valve.net/570/8799367313_797591608.dem.bz2
8799432002,1094584,1,1778009917,2786,228,9691969,9303383,FALSE,http://replay272.valve.net/570/8799432002_1493495373.dem.bz2
8799499238,1094584,1,1778014344,2729,102,9303383,9691969,FALSE,http://replay272.valve.net/570/8799499238_1152718372.dem.bz2
8799897822,1094690,1,1778058220,3929,0,9255039,2576071,FALSE,http://replay271.valve.net/570/8799897822_1700286281.dem.bz2
8799969151,1094690,1,1778063961,3644,12,2576071,9255039,FALSE,http://replay271.valve.net/570/8799969151_799358096.dem.bz2
8800392534,1094803,1,1778085536,1850,187,10020555,9338413,FALSE,http://replay271.valve.net/570/8800392534_1754345302.dem.bz2
8800459074,1094803,1,1778088902,2606,11,10020555,9338413,FALSE,http://replay274.valve.net/570/8800459074_1300123747.dem.bz2
8800536923,1094803,1,1778093062,1722,84,10020555,9338413,FALSE,http://replay273.valve.net/570/8800536923_1418402672.dem.bz2
8800603973,1094855,1,1778097151,2372,16,9303383,7554697,FALSE,http://replay271.valve.net/570/8800603973_1674805835.dem.bz2
8800661907,1094855,1,1778101252,1798,58,7554697,9303383,FALSE,http://replay273.valve.net/570/8800661907_1444574137.dem.bz2
8801558188,1095048,1,1778169742,4223,105,9338413,9303383,FALSE,http://replay271.valve.net/570/8801558188_1471036741.dem.bz2
8801689041,1095048,1,1778175712,1782,249,9338413,9303383,FALSE,http://replay273.valve.net/570/8801689041_346170213.dem.bz2
8801752449,1095048,1,1778178979,2869,5,9338413,9303383,TRUE,http://replay272.valve.net/570/8801752449_103805876.dem.bz2
8802328626,1095265,1,1778231011,2783,148,9828897,2576071,FALSE,http://replay273.valve.net/570/8802328626_321035736.dem.bz2
8802399753,1095265,1,1778235795,1946,0,2576071,9828897,FALSE,http://replay271.valve.net/570/8802399753_305532438.dem.bz2
8802500436,1095280,1,1778241674,3645,93,7554697,10020555,FALSE,http://replay273.valve.net/570/8802500436_697012242.dem.bz2
8802615564,1095280,1,1778247071,2896,231,10020555,7554697,FALSE,http://replay271.valve.net/570/8802615564_1560967727.dem.bz2
8802755227,1095366,1,1778252765,3541,222,9255039,8291895,FALSE,http://replay271.valve.net/570/8802755227_1034956934.dem.bz2
8802892505,1095366,1,1778258257,2509,10,8291895,9255039,FALSE,http://replay274.valve.net/570/8802892505_120459280.dem.bz2
8802982182,1095366,1,1778262638,2923,56,9255039,8291895,FALSE,http://replay273.valve.net/570/8802982182_348055320.dem.bz2
8803088532,1095456,1,1778268611,1944,98,9572001,9303383,FALSE,http://replay272.valve.net/570/8803088532_1380245427.dem.bz2
8803167635,1095456,1,1778272248,2533,11,9303383,9572001,FALSE,http://replay272.valve.net/570/8803167635_1000148185.dem.bz2
8803706352,1095618,1,1778317362,3646,108,2576071,8291895,FALSE,http://replay274.valve.net/570/8803706352_532742649.dem.bz2
8803798979,1095618,1,1778322826,1948,5,8291895,2576071,FALSE,http://replay274.valve.net/570/8803798979_1529042335.dem.bz2
8803905362,1095657,1,1778328330,2292,58,10136357,9303383,FALSE,http://replay272.valve.net/570/8803905362_1886313141.dem.bz2
8803998030,1095657,1,1778332517,1880,54,10136357,9303383,FALSE,http://replay271.valve.net/570/8803998030_1316278217.dem.bz2
8804425449,1095808,1,1778349946,3330,0,10020555,9572001,FALSE,http://replay271.valve.net/570/8804425449_144022632.dem.bz2
8804529019,1095808,1,1778354800,1594,60,10020555,9572001,FALSE,http://replay272.valve.net/570/8804529019_144490572.dem.bz2
8804593771,1095808,1,1778358131,1988,323,9572001,10020555,FALSE,http://replay273.valve.net/570/8804593771_858435801.dem.bz2
8805197594,1096012,1,1778403824,3041,12,10136357,9828897,FALSE,http://replay273.valve.net/570/8805197594_640823754.dem.bz2
8805293764,1096012,1,1778408593,2111,77,9828897,10136357,FALSE,http://replay271.valve.net/570/8805293764_1789603052.dem.bz2
8805414368,1096048,1,1778414954,4090,0,2576071,10020555,FALSE,http://replay274.valve.net/570/8805414368_709255954.dem.bz2
8805569200,1096048,1,1778420530,2245,66,10020555,2576071,FALSE,http://replay272.valve.net/570/8805569200_1212213080.dem.bz2
8805663571,1096048,1,1778424015,2157,236,10020555,2576071,FALSE,http://replay271.valve.net/570/8805663571_2057958150.dem.bz2
8805773858,1096171,1,1778428584,2052,8,9255039,9572001,FALSE,http://replay271.valve.net/570/8805773858_2043861472.dem.bz2
8805862156,1096171,1,1778432350,2373,134,9572001,9255039,FALSE,http://replay273.valve.net/570/8805862156_775592420.dem.bz2
8805965139,1096217,1,1778437313,3144,367,10136357,10020555,FALSE,http://replay274.valve.net/570/8805965139_558613150.dem.bz2
8806065028,1096217,1,1778441984,3164,63,10136357,10020555,FALSE,http://replay271.valve.net/570/8806065028_1061640533.dem.bz2
8807061841,1096470,2,1778511819,2208,12,9572001,9255039,FALSE,http://replay274.valve.net/570/8807061841_742393408.dem.bz2
8807150359,1096470,2,1778515713,1717,365,9255039,9572001,FALSE,http://replay273.valve.net/570/8807150359_1046663086.dem.bz2
8807232081,1096470,2,1778519530,1772,117,9572001,9255039,FALSE,http://replay273.valve.net/570/8807232081_182569516.dem.bz2
8809158835,1096963,1,1778666101,4009,256,9895392,9247354,FALSE,http://replay273.valve.net/570/8809158835_1709532280.dem.bz2
8809158915,1096964,1,1778666108,4132,3,9964962,10144195,FALSE,http://replay271.valve.net/570/8809158915_1960988699.dem.bz2
8809159511,1096965,1,1778666159,2366,26,726228,7119388,FALSE,http://replay273.valve.net/570/8809159511_954760792.dem.bz2
8809166456,1096969,1,1778666709,2072,0,9467224,2163,FALSE,http://replay274.valve.net/570/8809166456_1059098278.dem.bz2
8809227928,1096969,1,1778671131,2399,138,2163,9467224,FALSE,http://replay274.valve.net/570/8809227928_844521527.dem.bz2
8809242493,1096963,1,1778672042,6395,104,9247354,9895392,FALSE,http://replay271.valve.net/570/8809242493_1981386714.dem.bz2
8809244962,1096965,1,1778672192,3532,134,7119388,726228,FALSE,http://replay271.valve.net/570/8809244962_726407972.dem.bz2
8809246462,1096964,1,1778672283,2014,83,10144195,9964962,FALSE,http://replay273.valve.net/570/8809246462_157875391.dem.bz2
8809303579,1096969,1,1778675458,2401,89,9467224,2163,FALSE,http://replay273.valve.net/570/8809303579_1583732160.dem.bz2
8809373469,1097034,1,1778678718,2180,61,9828897,8255888,FALSE,http://replay272.valve.net/570/8809373469_1535861413.dem.bz2
8809385333,1097037,1,1778679212,2398,220,10136357,36,FALSE,http://replay272.valve.net/570/8809385333_675024862.dem.bz2
8809412954,1097052,1,1778680412,1827,145,9572001,8291895,FALSE,http://replay272.valve.net/570/8809412954_583302476.dem.bz2
8809425113,1096963,1,1778680922,2232,68,9247354,9895392,FALSE,http://replay271.valve.net/570/8809425113_54869333.dem.bz2
8809470214,1097034,1,1778682781,2304,52,9828897,8255888,FALSE,http://replay271.valve.net/570/8809470214_1460092911.dem.bz2
8809490207,1097037,1,1778683623,1914,13,10136357,36,FALSE,http://replay274.valve.net/570/8809490207_887858842.dem.bz2
8809504168,1097052,1,1778684230,2482,219,9572001,8291895,FALSE,http://replay274.valve.net/570/8809504168_777574777.dem.bz2
8809536007,1097097,1,1778685611,2779,209,10020555,8261500,FALSE,http://replay274.valve.net/570/8809536007_1781628090.dem.bz2
8809600367,1097052,1,1778688599,2298,165,9572001,8291895,FALSE,http://replay274.valve.net/570/8809600367_332929692.dem.bz2
8809634682,1097097,1,1778690252,1739,243,8261500,10020555,FALSE,http://replay272.valve.net/570/8809634682_1519812554.dem.bz2
8809655926,1097124,1,1778691301,1818,0,726228,9964962,FALSE,http://replay273.valve.net/570/8809655926_1067598340.dem.bz2
8809656567,1097125,1,1778691334,2612,269,9467224,9247354,FALSE,http://replay271.valve.net/570/8809656567_2049459210.dem.bz2
8809696561,1097135,1,1778693579,3069,202,2163,7119388,FALSE,http://replay274.valve.net/570/8809696561_1011871147.dem.bz2
8809710774,1097137,1,1778694313,2417,87,9895392,10144195,FALSE,http://replay274.valve.net/570/8809710774_1000818251.dem.bz2
8809726019,1097124,1,1778695105,3079,150,9964962,726228,FALSE,http://replay273.valve.net/570/8809726019_666429544.dem.bz2
8809747666,1097125,1,1778696230,2757,251,9247354,9467224,FALSE,http://replay273.valve.net/570/8809747666_648650827.dem.bz2
8809797141,1097137,1,1778698860,2708,40,9895392,10144195,FALSE,http://replay273.valve.net/570/8809797141_1434148840.dem.bz2
8809802771,1097135,1,1778699162,3161,7,7119388,2163,FALSE,http://replay273.valve.net/570/8809802771_578820796.dem.bz2
8809888784,1097135,1,1778704294,2847,251,2163,7119388,FALSE,http://replay273.valve.net/570/8809888784_696574532.dem.bz2
8810373935,1097299,1,1778752498,3250,28,10020555,10136357,FALSE,http://replay274.valve.net/570/8810373935_1250337318.dem.bz2
8810373959,1097300,1,1778752500,3180,109,8261500,8291895,FALSE,http://replay272.valve.net/570/8810373959_1167753324.dem.bz2
8810373967,1097301,1,1778752500,1807,74,9572001,8255888,FALSE,http://replay273.valve.net/570/8810373967_445783561.dem.bz2
8810429061,1097301,1,1778756280,2490,85,9572001,8255888,FALSE,http://replay271.valve.net/570/8810429061_1406438521.dem.bz2
8810452708,1097300,1,1778757721,6458,0,8291895,8261500,TRUE,http://replay271.valve.net/570/8810452708_1952099757.dem.bz2
8810453731,1097299,1,1778757779,3335,4,10136357,10020555,FALSE,http://replay274.valve.net/570/8810453731_1336379724.dem.bz2
8810506148,1097301,1,1778760660,2709,223,9572001,8255888,FALSE,http://replay272.valve.net/570/8810506148_1161941951.dem.bz2
8810600432,1097359,1,1778765133,2390,294,7119388,9467224,FALSE,http://replay272.valve.net/570/8810600432_1227096705.dem.bz2
8810614945,1097371,1,1778765760,3566,2,10144195,9247354,FALSE,http://replay274.valve.net/570/8810614945_1710117121.dem.bz2
8810636217,1097380,1,1778766606,2422,263,9895392,726228,FALSE,http://replay273.valve.net/570/8810636217_1794329374.dem.bz2
8810642364,1097382,1,1778766844,4274,188,9964962,2163,FALSE,http://replay274.valve.net/570/8810642364_1633623828.dem.bz2
8810706519,1097359,1,1778769428,2292,3,9467224,7119388,FALSE,http://replay271.valve.net/570/8810706519_2041389727.dem.bz2
8810741766,1097380,1,1778770863,2065,231,9895392,726228,FALSE,http://replay273.valve.net/570/8810741766_1051039291.dem.bz2
8810753165,1097371,1,1778771343,2704,151,10144195,9247354,FALSE,http://replay272.valve.net/570/8810753165_1695197239.dem.bz2
8810792178,1097382,1,1778773030,1962,46,2163,9964962,FALSE,http://replay273.valve.net/570/8810792178_783405766.dem.bz2
8810894092,1097425,1,1778777700,2895,95,36,8255888,FALSE,http://replay272.valve.net/570/8810894092_1083037451.dem.bz2
8810894235,1097427,1,1778777707,2796,0,9572001,8261500,FALSE,http://replay274.valve.net/570/8810894235_1754859455.dem.bz2
8810895940,1097428,1,1778777790,2944,0,10136357,8291895,FALSE,http://replay272.valve.net/570/8810895940_2075585402.dem.bz2
8810989536,1097427,1,1778782502,3890,59,9572001,8261500,FALSE,http://replay273.valve.net/570/8810989536_582279670.dem.bz2
8810990695,1097425,1,1778782559,2470,252,8255888,36,FALSE,http://replay273.valve.net/570/8810990695_1599434996.dem.bz2
8810991986,1097428,1,1778782622,2641,125,10136357,8291895,FALSE,http://replay271.valve.net/570/8810991986_1397725271.dem.bz2
8811075585,1097428,1,1778787120,2184,123,8291895,10136357,FALSE,http://replay273.valve.net/570/8811075585_355819436.dem.bz2
8811095968,1097427,1,1778788290,3451,161,9572001,8261500,FALSE,http://replay273.valve.net/570/8811095968_994919483.dem.bz2
8811618959,1097653,1,1778838900,2694,53,2163,9895392,FALSE,http://replay271.valve.net/570/8811618959_559799646.dem.bz2
8811618989,1097655,1,1778838902,3907,0,7119388,9964962,FALSE,http://replay272.valve.net/570/8811618989_922697554.dem.bz2
8811618995,1097656,1,1778838903,2927,32,726228,9247354,FALSE,http://replay273.valve.net/570/8811618995_1376253667.dem.bz2
8811620119,1097654,1,1778838990,2337,55,9467224,10144195,FALSE,http://replay271.valve.net/570/8811620119_1742285678.dem.bz2
8811680490,1097654,1,1778843280,3229,63,10144195,9467224,FALSE,http://replay272.valve.net/570/8811680490_1249826730.dem.bz2
8811683230,1097653,1,1778843457,2194,0,9895392,2163,FALSE,http://replay272.valve.net/570/8811683230_1849409889.dem.bz2
8811687114,1097656,1,1778843700,3359,0,9247354,726228,FALSE,http://replay274.valve.net/570/8811687114_975307241.dem.bz2
8811706161,1097655,1,1778844875,2057,6,9964962,7119388,FALSE,http://replay271.valve.net/570/8811706161_1754232134.dem.bz2
8811838021,1097728,1,1778851501,1905,4,10136357,8261500,FALSE,http://replay274.valve.net/570/8811838021_452380616.dem.bz2
8811838048,1097729,1,1778851503,2382,106,9572001,36,FALSE,http://replay272.valve.net/570/8811838048_716165141.dem.bz2
8811839782,1097731,1,1778851575,3542,0,8291895,9828897,FALSE,http://replay271.valve.net/570/8811839782_553316633.dem.bz2
8811845697,1097727,1,1778851831,2917,284,8255888,10020555,FALSE,http://replay274.valve.net/570/8811845697_694240645.dem.bz2
8811930872,1097728,1,1778855341,2737,0,10136357,8261500,FALSE,http://replay274.valve.net/570/8811930872_1619928298.dem.bz2
8811941658,1097729,1,1778855760,1820,53,9572001,36,FALSE,http://replay271.valve.net/570/8811941658_2075515092.dem.bz2
8811958377,1097727,1,1778856421,1881,181,10020555,8255888,FALSE,http://replay271.valve.net/570/8811958377_2100871332.dem.bz2
8811974004,1097731,1,1778857052,1837,92,9828897,8291895,FALSE,http://replay272.valve.net/570/8811974004_323186169.dem.bz2
8812041728,1097727,1,1778859841,2851,103,8255888,10020555,FALSE,http://replay271.valve.net/570/8812041728_463486670.dem.bz2
8812138585,1097797,1,1778864100,2787,172,7119388,9895392,FALSE,http://replay271.valve.net/570/8812138585_1105844436.dem.bz2
8812138607,1097798,1,1778864101,4764,351,726228,10144195,FALSE,http://replay271.valve.net/570/8812138607_1861831517.dem.bz2
8812138635,1097799,1,1778864102,3054,0,9247354,2163,FALSE,http://replay271.valve.net/570/8812138635_1365697653.dem.bz2
8812155277,1097809,1,1778864881,3232,102,9467224,9964962,FALSE,http://replay274.valve.net/570/8812155277_330826023.dem.bz2
8812233361,1097797,1,1778868660,2644,255,9895392,7119388,FALSE,http://replay271.valve.net/570/8812233361_2022802595.dem.bz2
8812258249,1097799,1,1778870097,1955,82,9247354,2163,FALSE,http://replay272.valve.net/570/8812258249_885307362.dem.bz2
8812263063,1097809,1,1778870344,1946,0,9467224,9964962,FALSE,http://replay271.valve.net/570/8812263063_1368578613.dem.bz2
8812274718,1097798,1,1778870942,1340,90,10144195,726228,FALSE,http://replay274.valve.net/570/8812274718_1544012239.dem.bz2
8812989027,1098052,1,1778925300,1879,68,10136357,9572001,FALSE,http://replay273.valve.net/570/8812989027_2040762330.dem.bz2
8812989544,1098055,1,1778925330,3063,223,8291895,8255888,FALSE,http://replay272.valve.net/570/8812989544_872670189.dem.bz2
8812990272,1098053,1,1778925372,2156,295,8261500,9828897,FALSE,http://replay273.valve.net/570/8812990272_875469063.dem.bz2
8813055101,1098052,1,1778929140,2120,268,9572001,10136357,FALSE,http://replay272.valve.net/570/8813055101_1843068903.dem.bz2
8813059358,1098053,1,1778929380,1982,132,9828897,8261500,FALSE,http://replay274.valve.net/570/8813059358_1805513876.dem.bz2
8813075789,1098055,1,1778930279,2196,10,8255888,8291895,FALSE,http://replay273.valve.net/570/8813075789_1536157756.dem.bz2
8813156153,1098055,1,1778934297,2963,88,8291895,8255888,FALSE,http://replay273.valve.net/570/8813156153_1021528160.dem.bz2
8813239180,1098158,1,1778937901,2469,149,9964962,9895392,FALSE,http://replay272.valve.net/570/8813239180_1759050192.dem.bz2
8813239365,1098159,1,1778937909,2669,220,10144195,2163,FALSE,http://replay272.valve.net/570/8813239365_1578078839.dem.bz2
8813240600,1098161,1,1778937961,2644,5,9467224,726228,FALSE,http://replay274.valve.net/570/8813240600_1590133634.dem.bz2
8813287573,1098185,1,1778939824,2556,195,7119388,9247354,FALSE,http://replay271.valve.net/570/8813287573_649566900.dem.bz2
8813352678,1098159,1,1778942400,1431,125,2163,10144195,FALSE,http://replay271.valve.net/570/8813352678_1820649823.dem.bz2
8813352696,1098158,1,1778942401,1690,8,9895392,9964962,FALSE,http://replay274.valve.net/570/8813352696_455264729.dem.bz2
8813355676,1098161,1,1778942517,1944,3,726228,9467224,FALSE,http://replay274.valve.net/570/8813355676_2120139694.dem.bz2
8813398413,1098185,1,1778944199,3893,261,9247354,7119388,FALSE,http://replay271.valve.net/570/8813398413_813107096.dem.bz2
8813441620,1098158,1,1778945941,2087,219,9895392,9964962,FALSE,http://replay272.valve.net/570/8813441620_2091921761.dem.bz2
8813453376,1098161,1,1778946420,4144,122,726228,9467224,FALSE,http://replay273.valve.net/570/8813453376_1852130093.dem.bz2
8813536582,1098185,1,1778949964,2716,28,7119388,9247354,FALSE,http://replay272.valve.net/570/8813536582_906776678.dem.bz2
8813551147,1098277,1,1778950617,2652,164,36,8291895,FALSE,http://replay271.valve.net/570/8813551147_634857386.dem.bz2
8813556518,1098281,1,1778950860,2708,131,9828897,10136357,FALSE,http://replay273.valve.net/570/8813556518_319600183.dem.bz2
8813604844,1098307,1,1778953080,3019,13,9572001,10020555,FALSE,http://replay274.valve.net/570/8813604844_1147808415.dem.bz2
8813650766,1098277,1,1778955180,2586,112,8291895,36,FALSE,http://replay271.valve.net/570/8813650766_168746585.dem.bz2
8813653439,1098321,1,1778955300,4214,232,8255888,8261500,FALSE,http://replay273.valve.net/570/8813653439_1046957094.dem.bz2
8813657190,1098281,1,1778955481,2509,0,10136357,9828897,FALSE,http://replay272.valve.net/570/8813657190_633461987.dem.bz2
8813707883,1098307,1,1778957941,1773,140,10020555,9572001,FALSE,http://replay273.valve.net/570/8813707883_814365968.dem.bz2
8813745846,1098277,1,1778959800,3164,187,8291895,36,FALSE,http://replay271.valve.net/570/8813745846_1831923319.dem.bz2
8813775647,1098321,1,1778961301,2136,121,8261500,8255888,FALSE,http://replay273.valve.net/570/8813775647_302963199.dem.bz2
8813802531,1098307,1,1778962693,2431,15,10020555,9572001,FALSE,http://replay274.valve.net/570/8813802531_1956964661.dem.bz2
8814473618,1098539,1,1779011702,2434,0,9895392,9467224,FALSE,http://replay273.valve.net/570/8814473618_1150472164.dem.bz2
8814473655,1098540,1,1779011705,2147,59,726228,2163,FALSE,http://replay272.valve.net/570/8814473655_1196780803.dem.bz2
8814473986,1098541,1,1779011723,1969,77,7119388,10144195,FALSE,http://replay271.valve.net/570/8814473986_1374449793.dem.bz2
8814475396,1098542,1,1779011798,2470,52,9964962,9247354,FALSE,http://replay274.valve.net/570/8814475396_1994028936.dem.bz2
8814549253,1098541,1,1779015601,2018,113,10144195,7119388,FALSE,http://replay274.valve.net/570/8814549253_1678062698.dem.bz2
8814554021,1098540,1,1779015840,2216,28,726228,2163,FALSE,http://replay272.valve.net/570/8814554021_660797825.dem.bz2
8814558995,1098539,1,1779016082,2173,247,9467224,9895392,FALSE,http://replay271.valve.net/570/8814558995_1590448621.dem.bz2
8814561483,1098542,1,1779016200,3086,63,9247354,9964962,FALSE,http://replay273.valve.net/570/8814561483_1843329234.dem.bz2
8814642533,1098540,1,1779019981,2196,56,726228,2163,FALSE,http://replay273.valve.net/570/8814642533_2032835257.dem.bz2
8814645393,1098539,1,1779020103,2388,59,9895392,9467224,FALSE,http://replay274.valve.net/570/8814645393_1843068755.dem.bz2
8814673909,1098542,1,1779021300,2315,0,9247354,9964962,FALSE,http://replay272.valve.net/570/8814673909_559696262.dem.bz2
8814748706,1098646,1,1779024300,2168,104,9572001,9828897,FALSE,http://replay272.valve.net/570/8814748706_173760040.dem.bz2
8814771003,1098656,1,1779025144,4632,0,10136357,8255888,FALSE,http://replay271.valve.net/570/8814771003_873502782.dem.bz2
8814775838,1098659,1,1779025321,2337,156,10020555,8291895,FALSE,http://replay273.valve.net/570/8814775838_1373884042.dem.bz2
8814800807,1098673,1,1779026220,3061,60,8261500,36,FALSE,http://replay274.valve.net/570/8814800807_1585808411.dem.bz2
8814858474,1098646,1,1779028382,3433,200,9828897,9572001,FALSE,http://replay271.valve.net/570/8814858474_301859920.dem.bz2
8814885502,1098659,1,1779029400,3928,62,8291895,10020555,FALSE,http://replay274.valve.net/570/8814885502_1892601295.dem.bz2
8814932055,1098673,1,1779031200,1535,214,8261500,36,FALSE,http://replay271.valve.net/570/8814932055_1154949118.dem.bz2
8814944245,1098656,1,1779031680,1974,114,10136357,8255888,FALSE,http://replay271.valve.net/570/8814944245_796626194.dem.bz2
8814994202,1098646,1,1779033781,2618,0,9828897,9572001,FALSE,http://replay273.valve.net/570/8814994202_1399112662.dem.bz2
8815026096,1098659,1,1779035162,2327,256,10020555,8291895,FALSE,http://replay273.valve.net/570/8815026096_1407591408.dem.bz2
8815801127,1099010,0,1779098103,2267,114,10020555,8261500,FALSE,http://replay274.valve.net/570/8815801127_1705884575.dem.bz2
8815854223,1099014,0,1779102057,1644,136,10020555,8291895,FALSE,http://replay272.valve.net/570/8815854223_311685014.dem.bz2
8815912139,1099020,0,1779105538,3816,215,8291895,8261500,FALSE,http://replay273.valve.net/570/8815912139_393768289.dem.bz2
8817062805,1099328,1,1779187621,2738,0,9247354,10150413,FALSE,http://replay273.valve.net/570/8817062805_706098525.dem.bz2
8817145578,1099328,1,1779192479,3581,198,10150413,9247354,FALSE,http://replay272.valve.net/570/8817145578_199143652.dem.bz2
8817248835,1099398,1,1779197100,2560,71,2163,9572001,FALSE,http://replay272.valve.net/570/8817248835_1421328382.dem.bz2
8817309538,1099424,1,1779199524,3330,138,7119388,8255888,FALSE,http://replay271.valve.net/570/8817309538_2048161260.dem.bz2
8817364827,1099398,1,1779201660,3120,0,9572001,2163,FALSE,http://replay273.valve.net/570/8817364827_9785315.dem.bz2
8817437213,1099424,1,1779204726,1826,277,7119388,8255888,FALSE,http://replay274.valve.net/570/8817437213_170961092.dem.bz2
8817480844,1099398,1,1779206760,2801,19,9572001,2163,FALSE,http://replay273.valve.net/570/8817480844_1736826070.dem.bz2
8817588541,1099484,1,1779212129,2484,183,36,9467224,FALSE,http://replay273.valve.net/570/8817588541_2119841866.dem.bz2
8817670980,1099484,1,1779216480,2959,244,9467224,36,FALSE,http://replay272.valve.net/570/8817670980_254499668.dem.bz2
8817760291,1099484,1,1779221640,2794,145,9467224,36,FALSE,http://replay272.valve.net/570/8817760291_266517530.dem.bz2
8818236072,1099664,1,1779270970,2630,199,10150413,9895392,FALSE,http://replay271.valve.net/570/8818236072_1713959609.dem.bz2
8818298714,1099664,1,1779275526,2091,0,9895392,10150413,FALSE,http://replay273.valve.net/570/8818298714_1423018210.dem.bz2
8818365999,NA,NA,1779279485,2386,0,9895392,10150413,FALSE,NA
8818469042,1099727,1,1779284341,3377,90,726228,8255888,FALSE,http://replay273.valve.net/570/8818469042_2038947403.dem.bz2
8818592824,1099727,1,1779289626,3144,349,8255888,726228,FALSE,http://replay274.valve.net/570/8818592824_1477010211.dem.bz2
8818701153,1099727,1,1779294663,2777,66,726228,8255888,FALSE,http://replay272.valve.net/570/8818701153_1912754620.dem.bz2
8818801707,1099821,1,1779299825,2648,48,2163,8261500,FALSE,http://replay272.valve.net/570/8818801707_1475590480.dem.bz2
8818882603,1099821,1,1779304202,2159,54,8261500,2163,FALSE,http://replay273.valve.net/570/8818882603_2026284873.dem.bz2
8818947976,1099821,1,1779308112,4489,86,8261500,2163,FALSE,http://replay273.valve.net/570/8818947976_1449084195.dem.bz2
8819659855,1100062,1,1779371443,2523,208,9247354,9572001,FALSE,http://replay273.valve.net/570/8819659855_50802328.dem.bz2
8819762321,1100062,1,1779375963,1334,32,9572001,9247354,FALSE,http://replay272.valve.net/570/8819762321_658148808.dem.bz2
8819831686,1100062,1,1779379141,2477,7,9247354,9572001,FALSE,http://replay274.valve.net/570/8819831686_517999046.dem.bz2
8819933287,1100135,1,1779384182,2059,83,9467224,7119388,FALSE,http://replay273.valve.net/570/8819933287_218336294.dem.bz2
8820011939,1100135,1,1779388321,2492,221,7119388,9467224,FALSE,http://replay272.valve.net/570/8820011939_1299329941.dem.bz2
8820090629,1100135,1,1779392766,4070,13,7119388,9467224,TRUE,http://replay273.valve.net/570/8820090629_1699663518.dem.bz2
8820614299,1100407,1,1779444142,3794,288,8261500,10150413,FALSE,http://replay273.valve.net/570/8820614299_880717069.dem.bz2
8820696424,1100407,1,1779449823,3380,186,10150413,8261500,FALSE,http://replay274.valve.net/570/8820696424_1448791232.dem.bz2
8820791846,1100407,1,1779455046,4250,52,8261500,10150413,FALSE,http://replay271.valve.net/570/8820791846_954276111.dem.bz2
8820939983,1100511,1,1779461704,2365,137,10020555,8255888,FALSE,http://replay272.valve.net/570/8820939983_216431694.dem.bz2
8821039753,1100511,1,1779465963,4384,84,10020555,8255888,FALSE,http://replay273.valve.net/570/8821039753_562860709.dem.bz2
8821169334,NA,NA,1779472021,2026,204,10020555,8255888,FALSE,NA
8821255705,1100638,1,1779476346,2626,0,9467224,10150413,FALSE,http://replay273.valve.net/570/8821255705_2001899586.dem.bz2
8821342421,1100638,1,1779480963,2299,145,10150413,9467224,FALSE,http://replay274.valve.net/570/8821342421_1004113320.dem.bz2
8821954344,1100890,1,1779530122,5763,229,10020555,9247354,FALSE,http://replay272.valve.net/570/8821954344_416769358.dem.bz2
8822088303,1100890,1,1779537612,4137,156,10020555,9247354,FALSE,http://replay274.valve.net/570/8822088303_1986624414.dem.bz2
8822238357,1101022,1,1779544145,1621,0,7119388,9572001,FALSE,http://replay272.valve.net/570/8822238357_915141439.dem.bz2
8822330030,1101022,1,1779547700,1498,93,9572001,7119388,FALSE,http://replay273.valve.net/570/8822330030_841132045.dem.bz2
8822412074,1101022,1,1779550984,2146,127,9572001,7119388,FALSE,http://replay273.valve.net/570/8822412074_624624381.dem.bz2
8822520406,1101120,1,1779555661,1397,182,9467224,9247354,FALSE,http://replay273.valve.net/570/8822520406_214683618.dem.bz2
8822593932,1101120,1,1779559080,2612,201,9247354,9467224,FALSE,http://replay274.valve.net/570/8822593932_1755614783.dem.bz2
8823502263,1101452,1,1779620103,1781,6,9467224,7119388,FALSE,http://replay272.valve.net/570/8823502263_813324135.dem.bz2
8823581121,1101452,1,1779623768,4000,128,7119388,9467224,FALSE,http://replay271.valve.net/570/8823581121_1039883314.dem.bz2
8823789680,1101572,2,1779631805,2417,79,9572001,9467224,FALSE,http://replay271.valve.net/570/8823789680_689837934.dem.bz2
8823904596,1101572,2,1779636180,2853,63,9572001,9467224,FALSE,http://replay273.valve.net/570/8823904596_1409444548.dem.bz2
8824011004,1101572,2,1779640684,3340,134,9572001,9467224,FALSE,http://replay271.valve.net/570/8824011004_1448581794.dem.bz2
8824123966,1101572,2,1779645923,2681,308,9572001,9467224,FALSE,http://replay274.valve.net/570/8824123966_868260315.dem.bz2
8824218541,1101572,2,1779650554,2299,238,9572001,9467224,FALSE,http://replay274.valve.net/570/8824218541_1897649874.dem.bz2
8825993964,1102299,0,1779782231,2720,194,9247354,10081680,FALSE,http://replay273.valve.net/570/8825993964_1500542886.dem.bz2
8825996999,1102301,0,1779782487,2105,199,9824702,2586976,FALSE,http://replay273.valve.net/570/8825996999_1583093608.dem.bz2
8826042346,1102303,0,1779786191,1903,322,8255888,10150538,FALSE,http://replay271.valve.net/570/8826042346_1762096996.dem.bz2
8826052816,1102306,0,1779787004,2531,57,8261500,2163,FALSE,http://replay274.valve.net/570/8826052816_496289345.dem.bz2
8826099852,1102320,0,1779790516,3693,4,9467224,10150413,FALSE,http://replay274.valve.net/570/8826099852_311828381.dem.bz2
8826110206,1102322,0,1779791240,2035,364,9823272,7119388,FALSE,http://replay272.valve.net/570/8826110206_888868336.dem.bz2
8826168772,1102334,0,1779794904,2346,230,9247354,2586976,FALSE,http://replay271.valve.net/570/8826168772_1191112159.dem.bz2
8826189006,1102338,0,1779796020,2218,287,10150538,10081680,FALSE,http://replay274.valve.net/570/8826189006_598602733.dem.bz2
8826258112,1102368,0,1779799415,1869,84,9824702,8261500,FALSE,http://replay272.valve.net/570/8826258112_402902022.dem.bz2
8826268112,1102372,0,1779799861,1534,70,9467224,8255888,FALSE,http://replay272.valve.net/570/8826268112_1135140712.dem.bz2
8826341985,1102393,0,1779802987,2983,16,7119388,10150413,FALSE,http://replay273.valve.net/570/8826341985_829370193.dem.bz2
8826347921,1102396,0,1779803231,1691,234,9823272,2163,FALSE,http://replay271.valve.net/570/8826347921_523432550.dem.bz2
8826437838,1102418,0,1779806796,2719,304,8261500,2586976,FALSE,http://replay271.valve.net/570/8826437838_269644909.dem.bz2
8826468180,1102430,0,1779808011,3433,14,10150538,9247354,TRUE,http://replay271.valve.net/570/8826468180_2111844709.dem.bz2
8826537048,1102445,0,1779811021,2523,0,9467224,10081680,FALSE,http://replay274.valve.net/570/8826537048_978328841.dem.bz2
8826591758,1102461,0,1779813484,3117,133,9824702,9823272,FALSE,http://replay274.valve.net/570/8826591758_1816106398.dem.bz2
8826631538,1102470,0,1779815357,1562,176,10150413,2163,FALSE,http://replay273.valve.net/570/8826631538_895693759.dem.bz2
8826691962,1102488,0,1779818239,2473,326,7119388,8255888,FALSE,http://replay274.valve.net/570/8826691962_340263558.dem.bz2
8827282767,1102668,0,1779868618,2427,411,8261500,9247354,FALSE,http://replay274.valve.net/570/8827282767_1195832962.dem.bz2
8827289834,1102671,0,1779869173,2769,4,10150538,9467224,FALSE,http://replay272.valve.net/570/8827289834_1332828211.dem.bz2
8827339763,1102678,0,1779872914,2306,45,7119388,10081680,FALSE,http://replay273.valve.net/570/8827339763_1096007614.dem.bz2
8827351366,1102679,0,1779873737,1205,88,2586976,9823272,FALSE,http://replay274.valve.net/570/8827351366_612333833.dem.bz2
8827394170,1102686,0,1779876683,2653,21,9824702,10150413,FALSE,http://replay271.valve.net/570/8827394170_1887853440.dem.bz2
8827398120,1102689,0,1779876939,3959,176,2163,8255888,FALSE,http://replay271.valve.net/570/8827398120_1789388204.dem.bz2
8827464470,1102700,0,1779881002,1994,263,9247354,9467224,FALSE,http://replay273.valve.net/570/8827464470_1784506657.dem.bz2
8827492535,1102704,0,1779882542,2814,0,8261500,9823272,FALSE,http://replay271.valve.net/570/8827492535_538739513.dem.bz2
8827534616,1102722,0,1779884711,1839,79,7119388,10150538,FALSE,http://replay271.valve.net/570/8827534616_1162655784.dem.bz2
8827591403,1102748,0,1779887353,1965,61,2586976,10150413,FALSE,http://replay271.valve.net/570/8827591403_968968683.dem.bz2
8827613435,1102759,0,1779888279,5500,6,8255888,9824702,FALSE,http://replay274.valve.net/570/8827613435_2082133531.dem.bz2
8827680462,1102776,0,1779891028,2041,7,2163,10081680,FALSE,http://replay273.valve.net/570/8827680462_769222476.dem.bz2
8827769920,1102802,0,1779894742,3194,3,9467224,7119388,FALSE,http://replay274.valve.net/570/8827769920_1807362555.dem.bz2
8827784459,1102807,0,1779895366,2868,85,9823272,9247354,FALSE,http://replay274.valve.net/570/8827784459_960538488.dem.bz2
8827875225,1102836,0,1779899465,2380,137,10150538,2163,FALSE,http://replay271.valve.net/570/8827875225_148240466.dem.bz2
8827888041,1102839,0,1779900060,1824,127,8261500,10150413,FALSE,http://replay273.valve.net/570/8827888041_579033455.dem.bz2
8828557643,1103074,0,1779954960,2365,110,2586976,8255888,FALSE,http://replay271.valve.net/570/8828557643_449671931.dem.bz2
8828562631,1103076,0,1779955377,1371,211,9824702,10081680,FALSE,http://replay271.valve.net/570/8828562631_1397094496.dem.bz2
8828602222,1103080,0,1779958488,2616,29,9247354,7119388,FALSE,http://replay274.valve.net/570/8828602222_1760789238.dem.bz2
8828608241,1103082,0,1779958951,3242,4,9823272,10150413,FALSE,http://replay273.valve.net/570/8828608241_1878513624.dem.bz2
8828662524,1103091,0,1779962861,2241,103,9467224,2163,FALSE,http://replay273.valve.net/570/8828662524_79487968.dem.bz2
8828679235,1103094,0,1779963963,1599,417,8255888,8261500,FALSE,http://replay272.valve.net/570/8828679235_294454935.dem.bz2
8828731237,1103105,0,1779967135,4375,99,9824702,10150538,FALSE,http://replay274.valve.net/570/8828731237_1285108950.dem.bz2
8828733774,1103106,0,1779967281,2232,224,10081680,2586976,FALSE,http://replay272.valve.net/570/8828733774_76919043.dem.bz2
8828810013,1103129,0,1779971323,2898,237,8261500,7119388,FALSE,http://replay271.valve.net/570/8828810013_1375660755.dem.bz2
8828847743,1103147,0,1779973123,3209,141,9823272,9467224,FALSE,http://replay271.valve.net/570/8828847743_790994609.dem.bz2
8828912690,1103170,0,1779975947,1624,102,10150413,9247354,FALSE,http://replay271.valve.net/570/8828912690_802997612.dem.bz2
8828964848,1103182,0,1779978051,2853,100,10150538,2586976,FALSE,http://replay271.valve.net/570/8828964848_487292427.dem.bz2
8828993295,1103187,0,1779979222,2507,145,9823272,8255888,FALSE,http://replay272.valve.net/570/8828993295_1198318147.dem.bz2
8829074990,1103208,0,1779982656,1883,110,9824702,9467224,FALSE,http://replay274.valve.net/570/8829074990_587462539.dem.bz2
8829095250,1103213,0,1779983546,2609,194,7119388,2163,FALSE,http://replay273.valve.net/570/8829095250_1436514673.dem.bz2
8829158433,1103229,0,1779986403,2935,0,10081680,8261500,FALSE,http://replay271.valve.net/570/8829158433_92512955.dem.bz2
8829715727,1103469,0,1780029317,3477,169,10144697,2108395,FALSE,http://replay152.valve.net/570/8829715727_192236856.dem.bz2
8829759476,1103496,0,1780033999,2451,145,10144697,10150500,TRUE,http://replay153.valve.net/570/8829759476_1612785690.dem.bz2
8829839456,1103511,0,1780041371,2879,265,10150413,8255888,FALSE,http://replay274.valve.net/570/8829839456_1493564467.dem.bz2
8829839467,1103512,0,1780041371,1594,110,9247354,2163,FALSE,http://replay273.valve.net/570/8829839467_289947292.dem.bz2
8829882210,1103519,0,1780044663,2883,290,9824702,7119388,FALSE,http://replay273.valve.net/570/8829882210_508147644.dem.bz2
8829902323,1103528,0,1780046162,1504,12,9823272,10081680,FALSE,http://replay272.valve.net/570/8829902323_1343061879.dem.bz2
8829947329,1103540,0,1780049335,2623,254,9467224,2586976,FALSE,http://replay271.valve.net/570/8829947329_1242947528.dem.bz2
8829947467,1103541,0,1780049343,2409,99,10150538,8261500,FALSE,http://replay271.valve.net/570/8829947467_1963056900.dem.bz2
8830011623,1103555,0,1780053376,2502,205,9247354,8255888,FALSE,http://replay274.valve.net/570/8830011623_515637162.dem.bz2
8830022703,1103559,0,1780054023,2230,8,9824702,2163,FALSE,http://replay274.valve.net/570/8830022703_2091174211.dem.bz2
8830092075,1103588,0,1780057715,2176,220,7119388,2586976,FALSE,http://replay273.valve.net/570/8830092075_524213877.dem.bz2
8830097448,1103593,0,1780057968,3098,285,10081680,10150413,FALSE,http://replay274.valve.net/570/8830097448_686130300.dem.bz2
8830175194,1103616,0,1780061426,2661,301,8261500,9467224,FALSE,http://replay272.valve.net/570/8830175194_469442261.dem.bz2
8830206341,1103629,0,1780062716,6698,278,10150538,9823272,FALSE,http://replay271.valve.net/570/8830206341_705317548.dem.bz2
8830280454,1103650,0,1780065638,1828,94,9824702,9247354,FALSE,http://replay273.valve.net/570/8830280454_2107994562.dem.bz2
8830423116,1103682,0,1780071421,2446,74,8255888,10081680,FALSE,http://replay274.valve.net/570/8830423116_517213390.dem.bz2
8830442388,1103692,0,1780072245,3300,0,10150538,10150413,FALSE,http://replay274.valve.net/570/8830442388_713792862.dem.bz2
8830529631,1103723,0,1780076149,2068,136,2163,2586976,FALSE,http://replay273.valve.net/570/8830529631_611380540.dem.bz2
8831051050,1103885,1,1780113845,2727,10,10144697,10135834,FALSE,http://replay151.valve.net/570/8831051050_1124488132.dem.bz2
8831100132,1103885,1,1780117967,1890,283,10135834,10144697,FALSE,http://replay151.valve.net/570/8831100132_239154307.dem.bz2
8831470213,1104064,1,1780142166,2500,190,7119388,2586976,FALSE,http://replay274.valve.net/570/8831470213_1621757074.dem.bz2
8831470350,1104065,1,1780142251,2853,61,9467224,10150413,TRUE,http://replay274.valve.net/570/8831470350_832514099.dem.bz2
8831571549,1104065,1,1780147020,2150,99,9467224,10150413,FALSE,http://replay272.valve.net/570/8831571549_293208174.dem.bz2
8831571711,1104122,1,1780146534,1523,273,2586976,7119388,FALSE,http://replay271.valve.net/570/8831571711_1450233530.dem.bz2
8831663527,1104173,1,1780150501,3207,244,7119388,9823272,FALSE,http://replay273.valve.net/570/8831663527_1268623568.dem.bz2
8831674830,1104065,1,1780151101,3138,0,9467224,10150413,FALSE,http://replay271.valve.net/570/8831674830_775431287.dem.bz2
8831810450,1104173,1,1780155602,2396,7,9823272,7119388,FALSE,http://replay271.valve.net/570/8831810450_1950640196.dem.bz2
8831817474,1104229,1,1780156623,3034,12,2163,9467224,FALSE,http://replay274.valve.net/570/8831817474_487964465.dem.bz2
8831927547,1104277,1,1780161540,2026,11,9467224,2163,FALSE,http://replay272.valve.net/570/8831927547_293339194.dem.bz2
8832809518,1104595,1,1780221637,1369,254,10150538,10101793,FALSE,http://replay273.valve.net/570/8832809518_30443095.dem.bz2
8832870869,1104595,1,1780224745,1425,76,10101793,10150538,FALSE,http://replay271.valve.net/570/8832870869_1873671202.dem.bz2
8833592202,1104869,1,1780255071,3823,158,10150633,10150538,FALSE,http://replay274.valve.net/570/8833592202_489064398.dem.bz2
8834372136,1105099,1,1780318808,3266,0,10019843,10149530,FALSE,http://replay184.valve.net/570/8834372136_1504841428.dem.bz2
8834503568,1105099,1,1780323902,2794,172,10149530,10019843,FALSE,http://replay185.valve.net/570/8834503568_1823304521.dem.bz2
8835387039,1105357,1,1780391504,1173,144,10136357,7872957,FALSE,http://replay271.valve.net/570/8835387039_1913009666.dem.bz2
8835428935,1105362,1,1780394518,2256,179,10150538,36,FALSE,http://replay272.valve.net/570/8835428935_1829630097.dem.bz2
8835429068,1105357,1,1780394435,1470,47,7872957,10136357,FALSE,http://replay274.valve.net/570/8835429068_1417903344.dem.bz2
8835490699,1105362,1,1780398485,2374,187,36,10150538,FALSE,http://replay273.valve.net/570/8835490699_761213250.dem.bz2
8835564287,1105362,1,1780402805,1861,140,10150538,36,FALSE,http://replay273.valve.net/570/8835564287_1288188623.dem.bz2
8835609179,1105406,1,1780405176,1419,12,10136357,10041696,FALSE,http://replay161.valve.net/570/8835609179_1337369224.dem.bz2
8835609186,1105407,1,1780405166,2805,97,10158550,10149530,FALSE,http://replay183.valve.net/570/8835609186_465346201.dem.bz2
8835684858,1105406,1,1780407968,934,0,10136357,10041696,FALSE,http://replay161.valve.net/570/8835684858_375594281.dem.bz2
8835728100,1105407,1,1780409729,1918,7,10158550,10149530,FALSE,http://replay181.valve.net/570/8835728100_1996106688.dem.bz2
8836624153,1105670,1,1780477235,2483,4,9255039,10149530,FALSE,http://replay183.valve.net/570/8836624153_128245645.dem.bz2
8836692392,1105670,1,1780481720,2222,3,9255039,10149530,FALSE,http://replay181.valve.net/570/8836692392_848695818.dem.bz2
8836750303,1105670,1,1780486023,4653,191,9255039,10149530,FALSE,http://replay184.valve.net/570/8836750303_2011132495.dem.bz2
8836846548,1105716,1,1780491792,734,0,7872957,10136357,FALSE,http://replay161.valve.net/570/8836846548_1421252449.dem.bz2
8836936103,1105752,2,1780494454,1866,61,10136357,7872957,FALSE,http://replay161.valve.net/570/8836936103_1547802158.dem.bz2
8837019318,1105752,2,1780497908,1818,92,7872957,10136357,FALSE,http://replay161.valve.net/570/8837019318_440982986.dem.bz2
8837138489,1105785,1,1780503726,1158,42,10164102,9964962,FALSE,http://replay121.valve.net/570/8837138489_1853082777.dem.bz2
8837222901,1105785,1,1780507422,1013,180,9964962,10164102,FALSE,http://replay410.valve.net/570/8837222901_1714552122.dem.bz2
8837414449,1105841,1,1780517333,1958,0,10144722,9964962,TRUE,http://replay123.valve.net/570/8837414449_1251227072.dem.bz2
8837869969,1105961,1,1780563592,3694,351,9467224,9823272,FALSE,http://replay272.valve.net/570/8837869969_864326586.dem.bz2
8837957019,1105961,1,1780570019,2853,107,9823272,9467224,FALSE,http://replay274.valve.net/570/8837957019_437151206.dem.bz2
8838056564,1105999,1,1780575852,3004,3,9247354,2163,FALSE,http://replay274.valve.net/570/8838056564_1521879836.dem.bz2
8838170936,1105999,1,1780580999,2254,0,9247354,2163,FALSE,http://replay274.valve.net/570/8838170936_1758458442.dem.bz2
8838303336,1106058,1,1780586170,2400,105,10150538,9823272,FALSE,http://replay272.valve.net/570/8838303336_1641928680.dem.bz2
8838396820,1106058,1,1780590712,2225,198,9823272,10150538,FALSE,http://replay272.valve.net/570/8838396820_1887253656.dem.bz2
8838480778,1106058,1,1780594866,3601,72,10150538,9823272,FALSE,http://replay273.valve.net/570/8838480778_367102697.dem.bz2
8838642476,1106151,2,1780603266,730,53,9964962,10144722,FALSE,http://replay121.valve.net/570/8838642476_245845456.dem.bz2
8838688315,1106151,2,1780605821,1245,163,10144722,9964962,FALSE,http://replay123.valve.net/570/8838688315_826669080.dem.bz2
8838730648,1106151,2,1780608831,1186,123,9964962,10144722,FALSE,http://replay121.valve.net/570/8838730648_1105758383.dem.bz2
8839123109,1106321,1,1780650023,2937,15,9247354,8255888,FALSE,http://replay274.valve.net/570/8839123109_247649512.dem.bz2
8839193447,1106321,1,1780654978,2786,150,9247354,8255888,FALSE,http://replay274.valve.net/570/8839193447_320735911.dem.bz2
8839284303,1106358,1,1780660597,1821,83,2163,10150538,FALSE,http://replay274.valve.net/570/8839284303_1832087175.dem.bz2
8839366504,1106358,1,1780664604,2268,89,2163,10150538,FALSE,http://replay274.valve.net/570/8839366504_400350320.dem.bz2
8839494962,1106425,1,1780670050,2914,26,9467224,9247354,FALSE,http://replay274.valve.net/570/8839494962_1640101161.dem.bz2
8839625815,1106425,1,1780674970,1935,0,9247354,9467224,FALSE,http://replay271.valve.net/570/8839625815_1590536152.dem.bz2
8839717574,1106425,1,1780679023,2007,157,9467224,9247354,FALSE,http://replay274.valve.net/570/8839717574_399142083.dem.bz2
8840635639,1106741,1,1780741835,1792,121,8255888,9823272,FALSE,http://replay274.valve.net/570/8840635639_926807983.dem.bz2
8840704374,1106741,1,1780745644,2518,257,9823272,8255888,FALSE,http://replay271.valve.net/570/8840704374_855425827.dem.bz2
8840821227,1106741,1,1780750620,3814,137,8255888,9823272,FALSE,http://replay271.valve.net/570/8840821227_981494688.dem.bz2
8840984097,1106888,1,1780757257,3033,180,10150538,9467224,FALSE,http://replay274.valve.net/570/8840984097_1974985913.dem.bz2
8841114801,1106888,1,1780762402,2972,187,9467224,10150538,TRUE,http://replay271.valve.net/570/8841114801_351335507.dem.bz2
8841231956,1106888,1,1780767536,6689,47,9467224,10150538,FALSE,http://replay272.valve.net/570/8841231956_323221131.dem.bz2
8842052142,1107152,1,1780822835,2304,63,10150538,8255888,FALSE,http://replay272.valve.net/570/8842052142_2015877339.dem.bz2
8842134886,1107152,1,1780827193,3492,11,8255888,10150538,FALSE,http://replay272.valve.net/570/8842134886_783575003.dem.bz2
8842245726,1107152,1,1780832552,3516,327,8255888,10150538,FALSE,http://replay272.valve.net/570/8842245726_1991408267.dem.bz2
8842468101,1107308,2,1780840990,2884,81,9823272,10150538,FALSE,http://replay272.valve.net/570/8842468101_789440844.dem.bz2
8842596730,1107308,2,1780846198,2532,49,10150538,9823272,FALSE,http://replay272.valve.net/570/8842596730_1463654206.dem.bz2
8842722527,1107308,2,1780851079,3129,11,9823272,10150538,FALSE,http://replay273.valve.net/570/8842722527_763938348.dem.bz2
8842845018,1107308,2,1780857145,1888,292,9823272,10150538,FALSE,http://replay272.valve.net/570/8842845018_741962448.dem.bz2
8852623851,1111061,1,1781505350,2655,139,9886289,5017210,FALSE,http://replay223.valve.net/570/8852623851_758305846.dem.bz2
8852665706,1111061,1,1781509537,1826,226,9886289,5017210,FALSE,http://replay223.valve.net/570/8852665706_565176340.dem.bz2
8852809218,1111084,1,1781521190,2681,151,726228,10157562,FALSE,http://replay223.valve.net/570/8852809218_624587180.dem.bz2
8852889096,1111084,1,1781525594,1648,46,10157562,726228,FALSE,http://replay223.valve.net/570/8852889096_1312732564.dem.bz2
8853982663,1111363,1,1781603458,2028,378,10007878,5017210,FALSE,http://replay225.valve.net/570/8853982663_1385016771.dem.bz2
8854031550,1111363,1,1781606986,2282,0,5017210,10007878,FALSE,http://replay225.valve.net/570/8854031550_2108089207.dem.bz2
8854153066,1111402,1,1781613378,4594,146,9351740,726228,FALSE,http://replay225.valve.net/570/8854153066_646166858.dem.bz2
8854301438,1111402,1,1781619692,2215,133,726228,9351740,FALSE,http://replay225.valve.net/570/8854301438_1731098107.dem.bz2
8854675539,1111539,1,1781638351,2025,339,10150568,10150538,FALSE,http://replay346.valve.net/570/8854675539_907973391.dem.bz2
8854746589,1111539,1,1781642174,1752,45,10150538,10150568,FALSE,http://replay346.valve.net/570/8854746589_1416272546.dem.bz2
8855077855,1111656,1,1781678284,1740,197,726228,9886289,FALSE,http://replay225.valve.net/570/8855077855_872055777.dem.bz2
8855109208,1111656,1,1781681547,2312,0,726228,9886289,FALSE,http://replay225.valve.net/570/8855109208_966284480.dem.bz2
8855188139,1111669,1,1781688358,2419,344,726228,10007878,FALSE,http://replay225.valve.net/570/8855188139_1436544844.dem.bz2
8855242704,1111669,1,1781692501,4176,148,726228,10007878,FALSE,http://replay225.valve.net/570/8855242704_307043427.dem.bz2
8855342929,1111669,1,1781698511,3894,36,726228,10007878,FALSE,http://replay225.valve.net/570/8855342929_1537583623.dem.bz2
8855814502,1111806,1,1781720250,2272,288,10150538,10108655,FALSE,http://replay346.valve.net/570/8855814502_122167686.dem.bz2
8855894440,1111806,1,1781724676,2246,19,10108655,10150538,FALSE,http://replay346.valve.net/570/8855894440_1736605967.dem.bz2
8856273501,1111962,1,1781762799,2951,271,9351740,5017210,FALSE,http://replay225.valve.net/570/8856273501_1658036741.dem.bz2
8856318986,1111962,1,1781767220,2626,138,5017210,9351740,FALSE,http://replay225.valve.net/570/8856318986_1726899884.dem.bz2
8856401359,1111975,1,1781774100,2223,62,726228,9351740,FALSE,http://replay225.valve.net/570/8856401359_338806625.dem.bz2
8856447323,1111975,1,1781777799,2065,0,9351740,726228,FALSE,http://replay225.valve.net/570/8856447323_29909536.dem.bz2
8856501050,1111975,1,1781781307,5576,102,726228,9351740,FALSE,http://replay225.valve.net/570/8856501050_1230793646.dem.bz2
8857290092,1112174,1,1781820919,1877,56,10020555,10150538,FALSE,http://replay346.valve.net/570/8857290092_269211042.dem.bz2
8857324614,1112174,1,1781824343,2957,297,10150538,10020555,FALSE,http://replay346.valve.net/570/8857324614_946443538.dem.bz2
8857362150,1112174,1,1781828978,4679,40,10020555,10150538,FALSE,http://replay346.valve.net/570/8857362150_1037421526.dem.bz2
8858368963,1112489,2,1781894824,2587,152,10020555,10150538,FALSE,http://replay346.valve.net/570/8858368963_621278234.dem.bz2
8858445091,1112489,2,1781898981,1750,191,10150538,10020555,FALSE,http://replay346.valve.net/570/8858445091_610224668.dem.bz2
8858503756,1112489,2,1781902332,3500,78,10020555,10150538,FALSE,http://replay346.valve.net/570/8858503756_1205556988.dem.bz2
8859056335,1112690,1,1781949658,4906,247,7917893,2586976,TRUE,http://replay151.valve.net/570/8859056335_441224514.dem.bz2
8859165411,1112690,1,1781956103,2152,155,7917893,2586976,FALSE,http://replay152.valve.net/570/8859165411_1720642558.dem.bz2
8860337807,1113064,1,1782028936,2577,325,7119388,9872558,FALSE,http://replay271.valve.net/570/8860337807_450554997.dem.bz2
8860410652,1113064,1,1782033190,1863,92,7119388,9872558,FALSE,http://replay272.valve.net/570/8860410652_1709589569.dem.bz2
8860454696,1113086,1,1782035655,2556,202,10081680,2586976,FALSE,http://replay151.valve.net/570/8860454696_1029142151.dem.bz2
8860532107,1113086,1,1782039870,2937,175,2586976,10081680,FALSE,http://replay154.valve.net/570/8860532107_1459761864.dem.bz2
8860634747,1113140,1,1782044710,1979,79,10136357,9895247,FALSE,http://replay273.valve.net/570/8860634747_53987238.dem.bz2
8860726856,1113140,1,1782048442,3463,183,9895247,10136357,FALSE,http://replay274.valve.net/570/8860726856_189729151.dem.bz2
8861740474,1113448,1,1782120027,2937,0,9828897,2586976,FALSE,http://replay151.valve.net/570/8861740474_1595673958.dem.bz2
8861804868,1113448,1,1782124632,4303,220,9828897,2586976,FALSE,http://replay152.valve.net/570/8861804868_1715923959.dem.bz2
8861905178,1113448,1,1782130513,3016,113,9828897,2586976,FALSE,http://replay154.valve.net/570/8861905178_670897119.dem.bz2
8862046937,1113497,1,1782136963,3797,44,55,10149530,FALSE,http://replay271.valve.net/570/8862046937_1525163906.dem.bz2
8862170836,1113497,1,1782142293,3173,254,10149530,55,FALSE,http://replay274.valve.net/570/8862170836_732551290.dem.bz2
8862268885,1113497,1,1782146907,2806,36,10149530,55,FALSE,http://replay271.valve.net/570/8862268885_1373572315.dem.bz2
8862359075,1113566,1,1782151635,1841,128,10163973,9572001,FALSE,http://replay271.valve.net/570/8862359075_1909381345.dem.bz2
8862424729,1113566,1,1782155237,2139,1,10163973,9572001,FALSE,http://replay271.valve.net/570/8862424729_1333756888.dem.bz2
8862890705,1113699,2,1782199149,3557,77,2586976,10135834,TRUE,http://replay152.valve.net/570/8862890705_373996946.dem.bz2
8862950264,1113699,2,1782204312,2908,177,2586976,10135834,FALSE,http://replay152.valve.net/570/8862950264_987360494.dem.bz2
8863006891,1113699,2,1782208621,3409,0,2586976,10135834,FALSE,http://replay151.valve.net/570/8863006891_855263116.dem.bz2
8863091025,1113699,2,1782214039,4111,198,2586976,10135834,FALSE,http://replay153.valve.net/570/8863091025_1708257925.dem.bz2
8863338901,1113782,1,1782225504,2224,189,9255039,7119388,FALSE,http://replay274.valve.net/570/8863338901_799575991.dem.bz2
8863437217,1113782,1,1782229423,2770,153,7119388,9255039,FALSE,http://replay273.valve.net/570/8863437217_1417709298.dem.bz2
8863548385,1113827,1,1782234372,2290,219,10136357,36,FALSE,http://replay274.valve.net/570/8863548385_184190016.dem.bz2
8863619325,1113827,1,1782238380,2289,0,10136357,36,FALSE,http://replay271.valve.net/570/8863619325_559131695.dem.bz2
8864282619,1114007,1,1782295409,2971,137,10163973,10149530,FALSE,http://replay274.valve.net/570/8864282619_910892091.dem.bz2
8864356939,1114007,1,1782299980,1909,213,10149530,10163973,FALSE,http://replay273.valve.net/570/8864356939_168550165.dem.bz2
8864423988,1114007,1,1782303363,3118,0,10163973,10149530,FALSE,http://replay274.valve.net/570/8864423988_1406189240.dem.bz2
8864836417,1114127,1,1782320853,1637,222,9572001,55,FALSE,http://replay271.valve.net/570/8864836417_1508285440.dem.bz2
8864910702,1114127,1,1782324518,2172,228,55,9572001,FALSE,http://replay273.valve.net/570/8864910702_1670761265.dem.bz2
8865201396,1114230,1,1782344101,1794,60,10170769,9964962,FALSE,http://replay121.valve.net/570/8865201396_1326319902.dem.bz2
8865235987,1114230,1,1782347203,1672,243,9964962,10170769,FALSE,http://replay410.valve.net/570/8865235987_1300156518.dem.bz2
8865634649,1114331,1,1782385247,3787,27,10136357,7119388,FALSE,http://replay273.valve.net/570/8865634649_631452892.dem.bz2
8865744992,1114331,1,1782390955,2470,53,10136357,7119388,FALSE,http://replay272.valve.net/570/8865744992_724427536.dem.bz2
8865839876,1114331,1,1782395000,2543,127,10136357,7119388,FALSE,http://replay273.valve.net/570/8865839876_513874385.dem.bz2
8865950637,1114407,1,1782399616,2963,262,9572001,9895392,FALSE,http://replay274.valve.net/570/8865950637_260814156.dem.bz2
8866059533,1114407,1,1782404232,2460,0,9572001,9895392,FALSE,http://replay272.valve.net/570/8866059533_983105221.dem.bz2
8866148821,1114407,1,1782408313,1709,318,9572001,9895392,FALSE,http://replay274.valve.net/570/8866148821_2088460973.dem.bz2
8866565136,1114528,1,1782432703,1688,255,10170364,9964962,TRUE,http://replay123.valve.net/570/8866565136_516898673.dem.bz2
8866595719,1114528,1,1782435829,1567,70,9964962,10170364,FALSE,http://replay123.valve.net/570/8866595719_237918270.dem.bz2
8866899443,1114607,1,1782460899,2525,847,10149530,9255039,FALSE,http://replay272.valve.net/570/8866899443_2128398669.dem.bz2
8866967876,1114607,1,1782464923,2435,81,9255039,10149530,FALSE,http://replay271.valve.net/570/8866967876_1414243372.dem.bz2
8868198692,1114833,2,1782515485,2924,6,10170769,9964962,FALSE,http://replay410.valve.net/570/8868198692_453935317.dem.bz2
8868259993,1114833,2,1782519811,1142,0,10170769,9964962,FALSE,http://replay121.valve.net/570/8868259993_728230634.dem.bz2
8868289953,1114833,2,1782522531,1585,7,9964962,10170769,FALSE,http://replay122.valve.net/570/8868289953_1525507092.dem.bz2
8868891396,1114946,1,1782558004,3781,215,36,10149530,FALSE,http://replay271.valve.net/570/8868891396_1936780918.dem.bz2
8869032515,1114946,1,1782563399,2103,175,10149530,36,FALSE,http://replay272.valve.net/570/8869032515_1673820532.dem.bz2
8869138077,1114946,1,1782566905,2523,188,36,10149530,FALSE,http://replay274.valve.net/570/8869138077_328109403.dem.bz2
8870805066,1115295,1,1782644383,2567,8,9895392,10149530,FALSE,http://replay271.valve.net/570/8870805066_912151715.dem.bz2
8870918906,1115295,1,1782648347,3946,223,10149530,9895392,FALSE,http://replay274.valve.net/570/8870918906_2108494967.dem.bz2
8871085894,1115295,1,1782653592,2473,147,10149530,9895392,FALSE,http://replay271.valve.net/570/8871085894_1195111560.dem.bz2
8871239788,1115384,1,1782658094,3431,210,10136357,2576071,FALSE,http://replay274.valve.net/570/8871239788_468400427.dem.bz2
8871409188,1115384,1,1782663396,2371,0,2576071,10136357,FALSE,http://replay272.valve.net/570/8871409188_941120557.dem.bz2
8871520485,1115384,1,1782667298,3890,6,10136357,2576071,FALSE,http://replay274.valve.net/570/8871520485_606908309.dem.bz2
8873294642,1115714,1,1782754487,1305,6,10186456,10182693,FALSE,http://replay272.valve.net/570/8873294642_108916127.dem.bz2
8873335099,1115729,1,1782756500,2551,11,10186464,10182519,FALSE,http://replay271.valve.net/570/8873335099_1555010185.dem.bz2
8873362808,1115714,1,1782757229,1357,134,10182693,10186456,FALSE,http://replay273.valve.net/570/8873362808_1939669952.dem.bz2
8873491003,1115729,1,1782762556,2685,42,10182519,10186464,FALSE,http://replay271.valve.net/570/8873491003_1829895328.dem.bz2
8873566773,1115729,1,1782766015,2840,103,10186464,10182519,FALSE,http://replay274.valve.net/570/8873566773_1651748471.dem.bz2
8873801034,1115844,1,1782782603,1016,0,10182810,10182824,FALSE,http://replay346.valve.net/570/8873801034_1152888959.dem.bz2
8873822900,1115844,1,1782784708,1118,0,10182824,10182810,FALSE,http://replay346.valve.net/570/8873822900_2142703446.dem.bz2
8874557399,1115950,1,1782828334,3756,81,10186431,10182693,FALSE,http://replay274.valve.net/570/8874557399_1020459065.dem.bz2
8874756841,1115950,1,1782835097,2534,0,10182693,10186431,FALSE,http://replay271.valve.net/570/8874756841_883189484.dem.bz2
8874959435,1116027,1,1782843277,1989,5,10186464,10182501,FALSE,http://replay273.valve.net/570/8874959435_644398279.dem.bz2
8875050228,1116027,1,1782847014,2728,0,10186464,10182501,FALSE,http://replay272.valve.net/570/8875050228_1663804112.dem.bz2
8875145072,1116027,1,1782851256,2122,117,10186464,10182501,FALSE,http://replay271.valve.net/570/8875145072_1829059866.dem.bz2
8875760957,1116158,1,1782900324,2591,45,10186464,10164510,TRUE,http://replay271.valve.net/570/8875760957_1704443643.dem.bz2
8875841974,1116158,1,1782904511,1702,59,10186464,10164510,FALSE,http://replay273.valve.net/570/8875841974_1682288621.dem.bz2
8875903779,1116176,1,1782907509,2367,0,10182492,10182693,FALSE,http://replay272.valve.net/570/8875903779_1421377850.dem.bz2
8875915348,1116158,1,1782907891,1803,46,10186464,10164510,FALSE,http://replay274.valve.net/570/8875915348_1637604888.dem.bz2
8876016969,1116212,1,1782911912,3764,317,10177742,10186464,FALSE,http://replay271.valve.net/570/8876016969_1573018181.dem.bz2
8876020336,1116176,1,1782911902,2070,114,10182693,10182492,FALSE,http://replay274.valve.net/570/8876020336_947294817.dem.bz2
8876182829,1116212,1,1782917455,3891,127,10186464,10177742,FALSE,http://replay272.valve.net/570/8876182829_1679914820.dem.bz2
8876335535,1116212,1,1782923299,3271,327,10186464,10177742,FALSE,http://replay274.valve.net/570/8876335535_803905838.dem.bz2
8876478470,1116311,1,1782929665,1753,39,10182824,10182705,FALSE,http://replay346.valve.net/570/8876478470_709944481.dem.bz2
8876574066,1116311,1,1782933382,1705,356,10182705,10182824,FALSE,http://replay346.valve.net/570/8876574066_500918045.dem.bz2
8885183102,1118051,3,1783416279,2623,219,9247354,8255888,FALSE,http://replay273.valve.net/570/8885183102_1717767000.dem.bz2
8885195787,1118052,3,1783416857,1924,1,55,9964962,FALSE,http://replay272.valve.net/570/8885195787_607922574.dem.bz2
8885195986,1118055,3,1783417108,2836,0,9895247,8261500,TRUE,http://replay271.valve.net/570/8885195986_2135745889.dem.bz2
8885250776,1118052,3,1783420680,2845,101,55,9964962,FALSE,http://replay272.valve.net/570/8885250776_727359931.dem.bz2
8885252329,1118051,3,1783421220,2419,0,8255888,9247354,FALSE,http://replay273.valve.net/570/8885252329_1990655453.dem.bz2
8885275216,1118055,3,1783422092,3441,6,8261500,9895247,FALSE,http://replay272.valve.net/570/8885275216_882748103.dem.bz2
8885365825,1118078,3,1783426680,2191,71,10136357,10182299,FALSE,http://replay271.valve.net/570/8885365825_589491885.dem.bz2
8885380529,1118085,3,1783427175,2312,41,10182309,2163,FALSE,http://replay273.valve.net/570/8885380529_1932471859.dem.bz2
8885411801,1118100,3,1783428660,2143,88,9467224,9256405,FALSE,http://replay274.valve.net/570/8885411801_245427028.dem.bz2
8885470551,1118078,3,1783430880,2209,170,10182299,10136357,FALSE,http://replay272.valve.net/570/8885470551_1632792419.dem.bz2
8885473599,1118085,3,1783431420,2093,119,10182309,2163,FALSE,http://replay273.valve.net/570/8885473599_1848890905.dem.bz2
8885529711,1118100,3,1783433284,1315,124,9256405,9467224,FALSE,http://replay273.valve.net/570/8885529711_442067537.dem.bz2
8885614030,NA,NA,1783435921,2500,315,9828897,726228,FALSE,NA
8885633666,1118153,3,1783436798,4197,128,9338413,7119388,FALSE,http://replay273.valve.net/570/8885633666_1526207839.dem.bz2
8885665054,1118158,3,1783437858,2479,348,9691969,9824702,FALSE,http://replay272.valve.net/570/8885665054_953582333.dem.bz2
8885723512,1118150,3,1783440300,3176,98,726228,9828897,FALSE,http://replay274.valve.net/570/8885723512_857186051.dem.bz2
8885775271,1118158,3,1783442606,1575,261,9824702,9691969,FALSE,http://replay272.valve.net/570/8885775271_988555395.dem.bz2
8885784652,1118153,3,1783443540,3191,114,7119388,9338413,FALSE,http://replay274.valve.net/570/8885784652_457188660.dem.bz2
8885859920,NA,NA,1783446614,4599,125,10150538,9895392,FALSE,NA
8885871759,1118190,3,1783448179,1892,0,10019843,10182357,FALSE,http://replay273.valve.net/570/8885871759_584213739.dem.bz2
8885928262,1118203,3,1783450062,1570,69,2586976,9823272,FALSE,http://replay273.valve.net/570/8885928262_1271899591.dem.bz2
8885974297,1118190,3,1783451948,3207,8,10182357,10019843,FALSE,http://replay273.valve.net/570/8885974297_741094613.dem.bz2
8886005043,1118203,3,1783453680,3309,12,9823272,2586976,FALSE,http://replay274.valve.net/570/8886005043_641296533.dem.bz2
8886013461,1118187,3,1783453361,3696,129,10150538,9895392,TRUE,http://replay273.valve.net/570/8886013461_1146131199.dem.bz2
8886567629,1118317,3,1783501257,3139,78,9895247,9247354,FALSE,http://replay274.valve.net/570/8886567629_581157457.dem.bz2
8886572854,1118320,3,1783501703,2653,218,9964962,8261500,TRUE,http://replay271.valve.net/570/8886572854_727002455.dem.bz2
8886576019,1118318,3,1783501510,2755,146,8255888,55,FALSE,http://replay274.valve.net/570/8886576019_763620907.dem.bz2
8886638110,1118318,3,1783506060,1808,34,55,8255888,FALSE,http://replay274.valve.net/570/8886638110_1327962856.dem.bz2
8886640910,1118317,3,1783506282,2001,170,9895247,9247354,FALSE,http://replay273.valve.net/570/8886640910_1904073971.dem.bz2
8886641793,1118320,3,1783506480,3901,0,9964962,8261500,TRUE,http://replay271.valve.net/570/8886641793_20638347.dem.bz2
8886728756,1118336,3,1783511220,1977,5,10182299,10182309,FALSE,http://replay274.valve.net/570/8886728756_1677496001.dem.bz2
8886736772,1118338,3,1783511657,3473,369,9256405,2163,FALSE,http://replay273.valve.net/570/8886736772_2085572782.dem.bz2
8886788497,1118356,3,1783513891,2583,0,10136357,9467224,FALSE,http://replay272.valve.net/570/8886788497_27838412.dem.bz2
8886815251,1118336,3,1783515062,2252,182,10182309,10182299,FALSE,http://replay273.valve.net/570/8886815251_110685894.dem.bz2
8886862310,1118338,3,1783516940,1459,183,9256405,2163,FALSE,http://replay273.valve.net/570/8886862310_829469811.dem.bz2
8886893266,1118356,3,1783518544,3876,79,9467224,10136357,FALSE,http://replay274.valve.net/570/8886893266_968600719.dem.bz2
8886994890,1118406,3,1783521901,2553,235,9691969,7119388,FALSE,http://replay273.valve.net/570/8886994890_711360841.dem.bz2
8887100676,1118425,3,1783525843,1868,178,726228,9824702,FALSE,http://replay271.valve.net/570/8887100676_842710202.dem.bz2
8887114313,1118406,3,1783526356,2805,271,9691969,7119388,FALSE,http://replay272.valve.net/570/8887114313_591000373.dem.bz2
8887197358,1118425,3,1783530565,1770,101,726228,9824702,FALSE,http://replay272.valve.net/570/8887197358_845029005.dem.bz2
8887218598,1118443,3,1783530782,2494,109,2586976,10150538,FALSE,http://replay273.valve.net/570/8887218598_1013838007.dem.bz2
8887260104,1118447,3,1783532653,1663,5,9823272,10019843,FALSE,http://replay273.valve.net/570/8887260104_2007037282.dem.bz2
8887314193,1118443,3,1783535100,2196,86,10150538,2586976,FALSE,http://replay273.valve.net/570/8887314193_477423802.dem.bz2
8887325211,1118459,3,1783535641,3420,137,9895392,10182357,FALSE,http://replay271.valve.net/570/8887325211_1993861015.dem.bz2
8887337672,1118447,3,1783536259,1970,0,9823272,10019843,FALSE,http://replay274.valve.net/570/8887337672_180567676.dem.bz2
8887432754,1118459,3,1783541040,1670,0,10182357,9895392,FALSE,http://replay271.valve.net/570/8887432754_1695051594.dem.bz2
8887986392,1118570,3,1783587765,2544,189,55,8261500,TRUE,http://replay272.valve.net/570/8887986392_1683040326.dem.bz2
8887988797,1118572,3,1783587935,4577,38,9964962,9247354,FALSE,http://replay272.valve.net/570/8887988797_686676534.dem.bz2
8887998750,1118573,3,1783588512,2297,70,9895247,8255888,FALSE,http://replay271.valve.net/570/8887998750_2037318765.dem.bz2
8888056358,1118570,3,1783592340,2341,76,8261500,55,FALSE,http://replay271.valve.net/570/8888056358_2055330621.dem.bz2
8888066684,1118573,3,1783592999,2410,62,8255888,9895247,FALSE,http://replay272.valve.net/570/8888066684_2018753252.dem.bz2
8888083694,1118572,3,1783594501,2633,423,9247354,9964962,FALSE,http://replay273.valve.net/570/8888083694_1463037474.dem.bz2
8888160657,1118588,3,1783598100,2390,321,10182299,9467224,FALSE,http://replay271.valve.net/570/8888160657_1504070733.dem.bz2
8888217771,1118603,3,1783600601,2375,0,2163,10136357,FALSE,http://replay272.valve.net/570/8888217771_1175690384.dem.bz2
8888260336,1118588,3,1783602360,2009,54,9467224,10182299,FALSE,http://replay272.valve.net/570/8888260336_1313701030.dem.bz2
8888318197,1118603,3,1783604820,2430,361,10136357,2163,FALSE,http://replay273.valve.net/570/8888318197_370340152.dem.bz2
8888425887,1118657,3,1783608375,2877,6,9828897,9824702,FALSE,http://replay272.valve.net/570/8888425887_511868612.dem.bz2
8888489297,1118668,3,1783610778,2650,142,726228,7119388,FALSE,http://replay271.valve.net/570/8888489297_2043030140.dem.bz2
8888554919,1118657,3,1783613352,1971,88,9824702,9828897,FALSE,http://replay274.valve.net/570/8888554919_477524431.dem.bz2
8888592426,1118668,3,1783615381,1831,211,726228,7119388,FALSE,http://replay272.valve.net/570/8888592426_158281849.dem.bz2
8888682602,1118710,3,1783618825,2590,363,2586976,10019843,FALSE,http://replay272.valve.net/570/8888682602_1466094084.dem.bz2
8888693655,1118714,3,1783619282,1932,17,9823272,9895392,FALSE,http://replay273.valve.net/570/8888693655_965995874.dem.bz2
8888731478,1118725,3,1783620996,1973,0,10150538,10182357,FALSE,http://replay274.valve.net/570/8888731478_210730688.dem.bz2
8888771711,1118710,3,1783623122,1801,438,2586976,10019843,FALSE,http://replay273.valve.net/570/8888771711_377976870.dem.bz2
8888776689,1118714,3,1783623360,1426,196,9823272,9895392,FALSE,http://replay274.valve.net/570/8888776689_655507947.dem.bz2
8888819433,1118725,3,1783625040,3166,75,10150538,10182357,FALSE,http://replay273.valve.net/570/8888819433_1648697100.dem.bz2
8889452921,1118876,3,1783674096,3104,379,9895247,9964962,FALSE,http://replay272.valve.net/570/8889452921_1022625219.dem.bz2
8889452983,1118877,3,1783674001,1878,13,9247354,55,FALSE,http://replay273.valve.net/570/8889452983_170980268.dem.bz2
8889468264,1118878,3,1783674662,2323,427,8255888,8261500,FALSE,http://replay272.valve.net/570/8889468264_1852123508.dem.bz2
8889513730,1118877,3,1783677731,2033,7,55,9247354,FALSE,http://replay272.valve.net/570/8889513730_1072356588.dem.bz2
8889524021,1118878,3,1783678860,1205,0,8261500,8255888,FALSE,http://replay273.valve.net/570/8889524021_348347676.dem.bz2
8889538949,1118876,3,1783679104,4080,41,9964962,9895247,FALSE,http://replay274.valve.net/570/8889538949_43634780.dem.bz2
8889615310,1118894,3,1783683122,1695,0,2163,10182299,FALSE,http://replay274.valve.net/570/8889615310_828789267.dem.bz2
8889621582,1118895,3,1783683635,2786,128,10182309,9467224,FALSE,http://replay274.valve.net/570/8889621582_2068471678.dem.bz2
8889693867,1118910,3,1783686604,1657,0,9256405,10136357,FALSE,http://replay272.valve.net/570/8889693867_512372128.dem.bz2
8889699098,1118894,3,1783686780,2531,117,2163,10182299,FALSE,http://replay272.valve.net/570/8889699098_19868681.dem.bz2
8889733840,1118895,3,1783688406,2657,6,9467224,10182309,FALSE,http://replay272.valve.net/570/8889733840_636462658.dem.bz2
8889789755,NA,NA,1783690208,1992,86,10136357,9256405,FALSE,NA
8889871314,1118948,3,1783692721,3055,2,9691969,726228,FALSE,http://replay274.valve.net/570/8889871314_1893310454.dem.bz2
8889914618,1118962,3,1783694557,2600,270,9824702,9338413,FALSE,http://replay274.valve.net/570/8889914618_311869027.dem.bz2
8889944251,1118970,3,1783695507,2488,34,9828897,7119388,FALSE,http://replay271.valve.net/570/8889944251_404433248.dem.bz2
8890008812,1118948,3,1783697672,2318,136,726228,9691969,TRUE,http://replay272.valve.net/570/8890008812_1770510084.dem.bz2
8890036748,1118962,3,1783699141,1343,14,9338413,9824702,FALSE,http://replay273.valve.net/570/8890036748_1700414578.dem.bz2
8890074597,1118970,3,1783699976,1673,110,7119388,9828897,FALSE,http://replay274.valve.net/570/8890074597_477507400.dem.bz2
8890162325,1119018,3,1783703283,2403,12,2586976,10182357,FALSE,http://replay273.valve.net/570/8890162325_1929804087.dem.bz2
8890179830,1119025,3,1783704199,1975,333,9823272,10150538,FALSE,http://replay274.valve.net/570/8890179830_1888717938.dem.bz2
8890268632,1119025,3,1783708020,2023,0,10150538,9823272,FALSE,http://replay274.valve.net/570/8890268632_1977190716.dem.bz2
8890270555,1119018,3,1783707672,3057,265,10182357,2586976,FALSE,http://replay274.valve.net/570/8890270555_1421215912.dem.bz2
8891108985,1119241,3,1783760455,4058,189,9964962,8255888,FALSE,http://replay273.valve.net/570/8891108985_83397113.dem.bz2
8891145641,1119248,3,1783761964,3550,64,8261500,9247354,FALSE,http://replay272.valve.net/570/8891145641_250184497.dem.bz2
8891227605,1119241,3,1783766400,2040,65,8255888,9964962,FALSE,http://replay274.valve.net/570/8891227605_1748046549.dem.bz2
8891240327,1119248,3,1783766700,2541,0,9247354,8261500,FALSE,http://replay274.valve.net/570/8891240327_625237355.dem.bz2
8891325877,1119295,3,1783770895,2531,237,9256405,10182299,FALSE,http://replay271.valve.net/570/8891325877_1182658902.dem.bz2
8891349244,1119304,3,1783771860,3949,0,10182309,10136357,TRUE,http://replay274.valve.net/570/8891349244_368630950.dem.bz2
8891371442,1119315,3,1783772700,2146,316,9467224,2163,FALSE,http://replay272.valve.net/570/8891371442_2079555134.dem.bz2
8891438996,1119295,3,1783775274,2659,12,10182299,9256405,FALSE,http://replay272.valve.net/570/8891438996_682563784.dem.bz2
8891497910,1119315,3,1783777029,2816,352,2163,9467224,FALSE,http://replay274.valve.net/570/8891497910_1564550262.dem.bz2
8891519142,1119374,3,1783778088,2622,37,10136357,10182309,FALSE,http://replay272.valve.net/570/8891519142_125543828.dem.bz2
8892829232,1119680,3,1783846800,2483,235,9338413,726228,FALSE,http://replay273.valve.net/570/8892829232_673073266.dem.bz2
8892836635,1119683,3,1783847223,1976,119,9824702,7119388,FALSE,http://replay274.valve.net/570/8892836635_715738698.dem.bz2
8892914077,1119683,3,1783851300,2604,182,7119388,9824702,FALSE,http://replay274.valve.net/570/8892914077_1672781258.dem.bz2
8892923329,1119680,3,1783851180,4388,22,726228,9338413,FALSE,http://replay271.valve.net/570/8892923329_911648415.dem.bz2
8893070561,1119733,3,1783857481,1890,209,10182357,9823272,FALSE,http://replay272.valve.net/570/8893070561_95578717.dem.bz2
8893079555,1119737,3,1783857841,2704,9,10019843,10150538,FALSE,http://replay272.valve.net/570/8893079555_255369358.dem.bz2
8893106015,1119761,3,1783858806,3047,0,9895392,2586976,FALSE,http://replay273.valve.net/570/8893106015_1854711187.dem.bz2
8893165071,1119733,3,1783861320,3619,70,9823272,10182357,FALSE,http://replay272.valve.net/570/8893165071_526236258.dem.bz2
8893208737,1119737,3,1783862341,2348,372,10150538,10019843,FALSE,http://replay272.valve.net/570/8893208737_1933513997.dem.bz2
8893253595,1119761,3,1783863780,3971,47,2586976,9895392,FALSE,http://replay272.valve.net/570/8893253595_1963238586.dem.bz2
8896140998,1120370,1,1784027364,4155,242,8261500,2163,FALSE,http://replay274.valve.net/570/8896140998_1861941934.dem.bz2
8896267691,1120370,1,1784033340,5633,105,2163,8261500,FALSE,http://replay273.valve.net/570/8896267691_1171553250.dem.bz2
8896486914,1120370,1,1784040961,2463,0,2163,8261500,FALSE,http://replay271.valve.net/570/8896486914_2041317501.dem.bz2
8896645659,1120473,1,1784047022,2094,310,9338413,10150538,FALSE,http://replay272.valve.net/570/8896645659_780816575.dem.bz2
8896731473,1120473,1,1784051160,3786,110,9338413,10150538,FALSE,http://replay274.valve.net/570/8896731473_956011833.dem.bz2
8897585705,1120661,1,1784113191,3064,119,9467224,9895247,FALSE,http://replay272.valve.net/570/8897585705_766223599.dem.bz2
8897588873,1120662,1,1784113637,3389,178,7119388,2163,FALSE,http://replay273.valve.net/570/8897588873_1581483085.dem.bz2
8897695379,1120661,1,1784118474,2344,14,9895247,9467224,FALSE,http://replay272.valve.net/570/8897695379_1328462730.dem.bz2
8897696869,1120662,1,1784119160,2747,8,2163,7119388,FALSE,http://replay273.valve.net/570/8897696869_2147078949.dem.bz2
8897831774,1120662,1,1784123767,2689,70,7119388,2163,FALSE,http://replay271.valve.net/570/8897831774_533002991.dem.bz2
8897841991,1120721,1,1784124113,2510,88,726228,10182357,FALSE,http://replay274.valve.net/570/8897841991_1548821780.dem.bz2
8897971312,1120721,1,1784128803,2723,212,10182357,726228,FALSE,http://replay273.valve.net/570/8897971312_311072109.dem.bz2
8898003442,1120748,1,1784130021,2872,340,8255888,10150538,FALSE,http://replay271.valve.net/570/8898003442_1166451344.dem.bz2
8898084910,1120721,1,1784133282,3799,0,10182357,726228,FALSE,http://replay274.valve.net/570/8898084910_1015242176.dem.bz2
8898117600,1120748,1,1784134860,1658,197,8255888,10150538,FALSE,http://replay271.valve.net/570/8898117600_1474913045.dem.bz2
8899028080,1120911,1,1784200005,2663,221,7119388,9823272,FALSE,http://replay272.valve.net/570/8899028080_2027071041.dem.bz2
8899120700,1120911,1,1784204826,3079,238,7119388,9823272,FALSE,http://replay272.valve.net/570/8899120700_992332373.dem.bz2
8899307453,1120991,1,1784211550,2185,212,9895247,9824702,FALSE,http://replay273.valve.net/570/8899307453_2134155912.dem.bz2
8899420575,1120991,1,1784215740,1836,0,9824702,9895247,FALSE,http://replay271.valve.net/570/8899420575_2113634765.dem.bz2
8900508749,1121211,1,1784286301,3432,304,9247354,726228,FALSE,http://replay273.valve.net/570/8900508749_153136737.dem.bz2
8900623530,1121211,1,1784291941,1947,318,726228,9247354,FALSE,http://replay271.valve.net/570/8900623530_437950065.dem.bz2
8900771154,1121275,1,1784297631,2117,33,10136357,8255888,FALSE,http://replay271.valve.net/570/8900771154_1202118641.dem.bz2
8900882416,1121275,1,1784301541,2945,0,8255888,10136357,FALSE,http://replay271.valve.net/570/8900882416_1264977682.dem.bz2
8902107148,1121542,1,1784372800,1825,7,726228,8255888,FALSE,http://replay272.valve.net/570/8902107148_1761118455.dem.bz2
8902173969,1121542,1,1784376482,2684,63,8255888,726228,FALSE,http://replay273.valve.net/570/8902173969_1617839147.dem.bz2
8902338515,1121633,1,1784382596,1869,0,9824702,9823272,FALSE,http://replay274.valve.net/570/8902338515_1145281475.dem.bz2
8902431810,1121633,1,1784386380,3947,140,9824702,9823272,FALSE,http://replay272.valve.net/570/8902431810_1925246454.dem.bz2
8902610619,1121633,1,1784392320,2266,0,9824702,9823272,FALSE,http://replay272.valve.net/570/8902610619_861677962.dem.bz2
8903705555,1121968,1,1784455780,2123,0,726228,9823272,FALSE,http://replay272.valve.net/570/8903705555_797715391.dem.bz2
8903789784,1121968,1,1784459701,1120,309,726228,9823272,FALSE,http://replay273.valve.net/570/8903789784_298253381.dem.bz2
8904012666,1122069,2,1784468532,2879,72,8255888,9824702,TRUE,http://replay272.valve.net/570/8904012666_444730811.dem.bz2
8904157676,1122069,2,1784473262,3720,76,9824702,8255888,FALSE,http://replay272.valve.net/570/8904157676_646376187.dem.bz2
8904322271,1122069,2,1784478900,2474,63,8255888,9824702,FALSE,http://replay274.valve.net/570/8904322271_130153264.dem.bz2
8904419709,1122069,2,1784483341,2207,181,9824702,8255888,FALSE,http://replay273.valve.net/570/8904419709_257245846.dem.bz2
8912758286,1123892,1,1784974192,1772,121,10201538,10164236,FALSE,http://replay274.valve.net/570/8912758286_633069361.dem.bz2
8920584549,1125715,3,1785402206,3465,191,10136357,10182357,FALSE,http://replay191.valve.net/570/8920584549_1216060693.dem.bz2
8920668670,1125715,3,1785407804,3058,3,10136357,10182357,FALSE,http://replay274.valve.net/570/8920668670_1743938090.dem.bz2
8920770467,1125737,3,1785412902,2008,89,9338413,10150538,FALSE,http://replay191.valve.net/570/8920770467_1990963343.dem.bz2
8920872222,1125737,3,1785416889,3101,161,10150538,9338413,FALSE,http://replay193.valve.net/570/8920872222_1993175688.dem.bz2
8921021224,1125809,3,1785422334,2339,9,10136357,726228,FALSE,http://replay273.valve.net/570/8921021224_1534591594.dem.bz2
8921134590,1125809,3,1785426177,2467,315,726228,10136357,TRUE,http://replay271.valve.net/570/8921134590_1475046149.dem.bz2
8921245123,1125861,3,1785430822,2316,113,9247354,726228,FALSE,http://replay271.valve.net/570/8921245123_1337543747.dem.bz2
8921343589,1125861,3,1785434857,680,243,9247354,726228,FALSE,http://replay271.valve.net/570/8921343589_1305631218.dem.bz2
8921416387,1125905,3,1785438090,1598,94,2163,9338413,FALSE,http://replay272.valve.net/570/8921416387_238155856.dem.bz2
8921496603,1125905,3,1785441508,2585,60,2163,9338413,FALSE,http://replay273.valve.net/570/8921496603_1099761601.dem.bz2
8922074642,1126045,1,1785486760,2192,56,10108655,726228,FALSE,http://replay184.valve.net/570/8922074642_1350411840.dem.bz2
8922133239,1126052,1,1785490381,2317,112,10207984,10207983,FALSE,http://replay183.valve.net/570/8922133239_1189990182.dem.bz2
8922137329,1126045,1,1785490572,1488,264,726228,10108655,FALSE,http://replay187.valve.net/570/8922137329_678133842.dem.bz2
8922186876,1126045,1,1785493495,2224,152,726228,10108655,FALSE,http://replay183.valve.net/570/8922186876_1158955115.dem.bz2
8922211678,1126052,1,1785494780,2532,9,10207983,10207984,FALSE,http://replay182.valve.net/570/8922211678_136587886.dem.bz2
8922223454,1126058,3,1785495882,2938,54,8255888,9338413,FALSE,http://replay274.valve.net/570/8922223454_1936740977.dem.bz2
8922327423,1126058,3,1785500547,2465,6,8255888,9338413,FALSE,http://replay271.valve.net/570/8922327423_823191933.dem.bz2
8922339160,1126078,1,1785500868,1894,285,10208008,10208009,FALSE,http://replay185.valve.net/570/8922339160_170491752.dem.bz2
8922433138,1126078,1,1785504501,2645,204,10208008,10208009,FALSE,http://replay183.valve.net/570/8922433138_688169551.dem.bz2
8922444358,1126100,3,1785505289,2379,76,10182357,726228,FALSE,http://replay272.valve.net/570/8922444358_1700498418.dem.bz2
8922552315,1126078,1,1785508808,4249,222,10208008,10208009,FALSE,http://replay182.valve.net/570/8922552315_1479261181.dem.bz2
8922569208,1126100,3,1785509450,1679,154,726228,10182357,FALSE,http://replay272.valve.net/570/8922569208_696558913.dem.bz2
8922693443,1126129,3,1785514112,1732,210,2163,8255888,FALSE,http://replay274.valve.net/570/8922693443_389518671.dem.bz2
8922795717,1126129,3,1785518133,2550,43,8255888,2163,FALSE,http://replay273.valve.net/570/8922795717_2110872220.dem.bz2
8922818221,1126150,1,1785519088,2634,225,10208071,10208068,FALSE,http://replay186.valve.net/570/8922818221_1314271071.dem.bz2
8922914090,1126175,3,1785523355,1950,59,9247354,10136357,FALSE,http://replay273.valve.net/570/8922914090_1082822321.dem.bz2
8922940920,1126150,1,1785524117,2975,44,10208071,10208068,FALSE,http://replay185.valve.net/570/8922940920_121362435.dem.bz2
8923000652,1126175,3,1785527051,1789,103,9247354,10136357,FALSE,http://replay272.valve.net/570/8923000652_930683460.dem.bz2
8923040358,1126150,1,1785528851,3050,266,10208071,10208068,FALSE,http://replay184.valve.net/570/8923040358_490040882.dem.bz2
8923506996,1126275,1,1785562031,2968,0,10207962,10207984,FALSE,http://replay184.valve.net/570/8923506996_1182911675.dem.bz2
8923579943,1126275,1,1785566913,2017,297,10207984,10207962,FALSE,http://replay183.valve.net/570/8923579943_1129638899.dem.bz2
8923643650,1126275,1,1785570702,1832,135,10207962,10207984,FALSE,http://replay182.valve.net/570/8923643650_1903523122.dem.bz2
8923704450,1126305,1,1785574140,2973,268,726228,10207957,FALSE,http://replay185.valve.net/570/8923704450_2081489634.dem.bz2
8923708184,1126306,3,1785574782,3063,84,8255888,10150538,FALSE,http://replay273.valve.net/570/8923708184_505685349.dem.bz2
8923790600,1126305,1,1785578527,1844,377,10207957,726228,FALSE,http://replay187.valve.net/570/8923790600_899141941.dem.bz2
8923804645,1126306,3,1785579831,1374,82,8255888,10150538,FALSE,http://replay273.valve.net/570/8923804645_710015399.dem.bz2
8923890717,1126349,3,1785583802,2430,125,2586976,10182357,FALSE,http://replay271.valve.net/570/8923890717_1005546682.dem.bz2
8923992322,1126349,3,1785587938,2625,7,2586976,10182357,FALSE,http://replay274.valve.net/570/8923992322_823832159.dem.bz2
8924057168,1126413,1,1785590222,3236,21,10208009,10208068,FALSE,http://replay187.valve.net/570/8924057168_1092266494.dem.bz2
8924128664,1126442,3,1785592865,2287,0,8255888,9964962,FALSE,http://replay274.valve.net/570/8924128664_146959830.dem.bz2
8924222714,1126413,1,1785595598,3001,316,10208068,10208009,FALSE,http://replay185.valve.net/570/8924222714_1870058864.dem.bz2
8924259109,1126442,3,1785596952,2306,220,9964962,8255888,FALSE,http://replay272.valve.net/570/8924259109_262681442.dem.bz2
8924367779,1126413,1,1785600484,2697,57,10208068,10208009,FALSE,http://replay185.valve.net/570/8924367779_71728616.dem.bz2
8924391901,1126525,3,1785601802,5309,121,9247354,2586976,FALSE,http://replay272.valve.net/570/8924391901_986927265.dem.bz2
8924530036,1126561,1,1785606626,1981,39,10208071,10208008,FALSE,http://replay182.valve.net/570/8924530036_774816477.dem.bz2
8924592301,1126525,3,1785609255,1944,108,9247354,2586976,FALSE,http://replay274.valve.net/570/8924592301_1965510966.dem.bz2
8924616191,1126561,1,1785610179,2010,395,10208071,10208008,FALSE,http://replay185.valve.net/570/8924616191_715406909.dem.bz2
8924695153,1126597,3,1785613575,1861,180,2163,9964962,FALSE,http://replay273.valve.net/570/8924695153_144592849.dem.bz2
8924770688,1126597,3,1785617139,2777,26,9964962,2163,FALSE,http://replay272.valve.net/570/8924770688_1400107665.dem.bz2
8925460065,1126703,3,1785661502,2555,144,10136357,2586976,FALSE,http://replay273.valve.net/570/8925460065_1673000524.dem.bz2
8925543582,1126715,1,1785666610,2456,135,10207957,10207984,FALSE,http://replay182.valve.net/570/8925543582_1140031117.dem.bz2
8925564849,1126703,3,1785665829,1682,0,2586976,10136357,FALSE,http://replay274.valve.net/570/8925564849_248922997.dem.bz2
8925659440,1126732,3,1785669809,2710,240,9338413,9964962,FALSE,http://replay272.valve.net/570/8925659440_1078032784.dem.bz2
8925703946,1126715,1,1785671122,3125,233,10207984,10207957,FALSE,http://replay184.valve.net/570/8925703946_1960427867.dem.bz2
8925788830,1126732,3,1785674251,1474,137,9964962,9338413,FALSE,http://replay272.valve.net/570/8925788830_215846540.dem.bz2
8925847726,1126715,1,1785675956,2513,279,10207984,10207957,FALSE,http://replay187.valve.net/570/8925847726_996309083.dem.bz2
8925909470,1126807,3,1785678515,1801,234,10182357,9247354,FALSE,http://replay273.valve.net/570/8925909470_1421259854.dem.bz2
8926048199,1126807,3,1785682592,2893,26,9247354,10182357,FALSE,http://replay273.valve.net/570/8926048199_2098622899.dem.bz2
8926236518,1126881,3,1785688438,3166,70,726228,2586976,FALSE,http://replay272.valve.net/570/8926236518_1874904769.dem.bz2
8926374521,1126881,3,1785693297,3540,256,2586976,726228,FALSE,http://replay273.valve.net/570/8926374521_1831852371.dem.bz2
8926523280,1126935,1,1785699782,2177,181,10208035,10208068,FALSE,http://replay183.valve.net/570/8926523280_200594156.dem.bz2
8926636219,1126935,1,1785703871,1955,4,10208035,10208068,FALSE,http://replay184.valve.net/570/8926636219_223217461.dem.bz2
8927177084,1127050,1,1785747980,1434,0,10150538,10182357,FALSE,http://replay273.valve.net/570/8927177084_1754730860.dem.bz2
8927207054,1127053,1,1785750409,1853,104,10207984,10208071,FALSE,http://replay187.valve.net/570/8927207054_1680476079.dem.bz2
8927232410,1127050,1,1785751169,1860,10,10182357,10150538,FALSE,http://replay271.valve.net/570/8927232410_550560104.dem.bz2
8927288399,1127053,1,1785754054,2837,471,10208071,10207984,FALSE,http://replay182.valve.net/570/8927288399_341973024.dem.bz2
8927374543,1127063,1,1785758628,1923,0,2586976,9964962,FALSE,http://replay274.valve.net/570/8927374543_831649189.dem.bz2
8927380776,1127053,1,1785758599,2592,107,10208071,10207984,FALSE,http://replay185.valve.net/570/8927380776_1755055157.dem.bz2
8927466440,1127063,1,1785762299,1827,113,9964962,2586976,FALSE,http://replay274.valve.net/570/8927466440_2001780832.dem.bz2
8927539264,1127112,1,1785765128,1920,196,726228,10208034,FALSE,http://replay185.valve.net/570/8927539264_649930120.dem.bz2
8927660975,1127112,1,1785768675,2033,171,10208034,726228,FALSE,http://replay182.valve.net/570/8927660975_447222287.dem.bz2
8927668869,1127136,1,1785769378,2350,66,9247354,8255888,FALSE,http://replay274.valve.net/570/8927668869_1742386106.dem.bz2
8927760296,1127112,1,1785772521,2829,425,10208034,726228,FALSE,http://replay182.valve.net/570/8927760296_395381602.dem.bz2
8927786392,1127136,1,1785773641,2765,7,9247354,8255888,FALSE,http://replay272.valve.net/570/8927786392_895406010.dem.bz2
8927926397,1127169,1,1785779653,2055,56,10207961,10208068,FALSE,http://replay185.valve.net/570/8927926397_1180564532.dem.bz2
8927998383,1127197,1,1785781921,3202,256,2163,726228,FALSE,http://replay273.valve.net/570/8927998383_1353830733.dem.bz2
8928050264,1127169,1,1785783780,3270,4,10208068,10207961,TRUE,http://replay181.valve.net/570/8928050264_1406607715.dem.bz2
8928118730,1127197,1,1785787085,2796,34,726228,2163,FALSE,http://replay272.valve.net/570/8928118730_837291980.dem.bz2
8928163118,1127169,1,1785788940,2388,0,10207961,10208068,FALSE,http://replay181.valve.net/570/8928163118_1400193071.dem.bz2
8928216556,1127197,1,1785791599,2112,120,2163,726228,FALSE,http://replay272.valve.net/570/8928216556_1273132849.dem.bz2
8928712123,1127333,1,1785834183,4020,250,2586976,8255888,FALSE,http://replay272.valve.net/570/8928712123_236517669.dem.bz2
8928813748,1127333,1,1785840074,3477,260,8255888,2586976,FALSE,http://replay273.valve.net/570/8928813748_1310982662.dem.bz2
8928851109,1127341,1,1785841955,2822,5,10207983,10207984,FALSE,http://replay181.valve.net/570/8928851109_3340707.dem.bz2
8928916055,1127333,1,1785845294,2474,280,8255888,2586976,FALSE,http://replay271.valve.net/570/8928916055_1939901095.dem.bz2
8928953683,1127341,1,1785846575,2973,169,10207984,10207983,FALSE,http://replay182.valve.net/570/8928953683_1768764440.dem.bz2
8929037896,1127383,1,1785850180,1955,197,10182357,726228,FALSE,http://replay274.valve.net/570/8929037896_247729158.dem.bz2
8929156216,1127383,1,1785853963,1822,99,726228,10182357,FALSE,http://replay274.valve.net/570/8929156216_2113037574.dem.bz2
8929260132,1127423,1,1785858024,1891,546,9247354,2163,FALSE,http://replay274.valve.net/570/8929260132_65840619.dem.bz2
8929364604,1127423,1,1785861843,2543,7,9247354,2163,FALSE,http://replay271.valve.net/570/8929364604_1473931165.dem.bz2
8930200713,1127601,1,1785917258,2055,117,10207984,10207961,FALSE,http://replay182.valve.net/570/8930200713_567215544.dem.bz2
8930248124,1127604,1,1785920619,3144,8,8255888,10182357,FALSE,http://replay273.valve.net/570/8930248124_1787504223.dem.bz2
8930258778,1127601,1,1785921088,1718,17,10207984,10207961,FALSE,http://replay181.valve.net/570/8930258778_1463637583.dem.bz2
8930324653,1127604,1,1785925420,1685,111,8255888,10182357,TRUE,http://replay274.valve.net/570/8930324653_890445887.dem.bz2
8930387649,1127604,1,1785928960,2276,7,8255888,10182357,FALSE,http://replay272.valve.net/570/8930387649_407265064.dem.bz2
8930545836,1127656,1,1785935752,1770,120,2163,10182357,FALSE,http://replay271.valve.net/570/8930545836_1359954460.dem.bz2
8930664368,1127656,1,1785939546,3473,9,2163,10182357,FALSE,http://replay271.valve.net/570/8930664368_1554743021.dem.bz2
8930940469,1127726,2,1785949465,4078,63,9247354,2163,FALSE,http://replay274.valve.net/570/8930940469_1685392556.dem.bz2
8931094863,1127726,2,1785956028,1584,66,9247354,2163,FALSE,http://replay271.valve.net/570/8931094863_1709141209.dem.bz2
8931183918,1127726,2,1785959626,3821,296,9247354,2163,FALSE,http://replay273.valve.net/570/8931183918_74683589.dem.bz2
