team_id,team_name,player_role,metric,n,ess,average,stddev,sem,prob_se
9467224,Aurora Gaming,Core,Cerulean,109,83.01504736180034,0.034567563872892997,0.12761283298607873,0.014006058631637414,0.020050117402800025
9467224,Aurora Gaming,Core,Crimson,109,83.01504736180034,0.2518159235128649,0.3139842923976445,0.03446112985528922,0.04763952416804952
9467224,Aurora Gaming,Core,Elemental,109,83.01504736180034,0.1565738204803327,0.23665523497640978,0.025973932393814302,0.03988455059441072
9467224,Aurora Gaming,Core,Emerald,109,83.01504736180034,0.2906152643408716,0.30908367486220373,0.033923265951428534,0.04983353785935305
9467224,Aurora Gaming,Core,Golden,109,83.01504736180034,0.34706700836131127,0.3647972670593762,0.04003807290801307,0.05224714488304367
9467224,Aurora Gaming,Core,Heroic,109,83.01504736180034,0.12945292964898172,0.22034808153801128,0.024184151994548087,0.03684458429227407
9467224,Aurora Gaming,Core,Otherworldly,109,83.01504736180034,0.18644877480804234,0.2699328435984031,0.029626293418752652,0.04274583535611327
9467224,Aurora Gaming,Core,Royal,109,83.01504736180034,0.1589440806577154,0.24683935331079665,0.027091683290532634,0.04012880298405711
9467224,Aurora Gaming,Core,camps_stacked,109,83.01504736180034,589.9239287525091,351.06645996221914,38.53105762779071,NA
9467224,Aurora Gaming,Core,courier_kills,109,83.01504736180034,146.3256952316357,224.7146786576857,24.663404855313043,NA
9467224,Aurora Gaming,Core,creep_score,109,83.01504736180034,1342.80572501615,465.49273080571504,51.089834209519445,NA
9467224,Aurora Gaming,Core,deaths,109,83.01504736180034,1199.285471010033,450.46724630092706,49.440722501719826,NA
9467224,Aurora Gaming,Core,first_blood,109,83.01504736180034,225.94408118528807,411.67795800672013,45.183430868773975,NA
9467224,Aurora Gaming,Core,gpm,109,83.01504736180034,1351.106925004715,178.85949789881806,19.63060105929439,NA
9467224,Aurora Gaming,Core,kills,109,83.01504736180034,821.724911466383,398.6607971302822,43.7547413382098,NA
9467224,Aurora Gaming,Core,lotuses_grabbed,109,83.01504736180034,342.30143510403866,207.21622694612213,22.74287433420337,NA
9467224,Aurora Gaming,Core,neutral_tokens_found,109,83.01504736180034,749.1344315651754,266.65538831867957,29.26657857083148,NA
9467224,Aurora Gaming,Core,roshan_kills,109,83.01504736180034,575.1343252908653,559.9555952420438,61.45754086447608,NA
9467224,Aurora Gaming,Core,runes_grabbed,109,83.01504736180034,410.20581517270085,248.599973999106,27.284919002110517,NA
9467224,Aurora Gaming,Core,smokes_used,109,83.01504736180034,47.48550230596997,127.92058058553322,14.039835257552266,NA
9467224,Aurora Gaming,Core,stuns,109,83.01504736180034,308.2416913542095,207.98829211228642,22.827611815001415,NA
9467224,Aurora Gaming,Core,teamfight_participation,109,83.01504736180034,1329.0658496685799,244.72485430858524,26.859607908233563,NA
9467224,Aurora Gaming,Core,the Clutch,109,83.01504736180034,0.36804534988995685,0.4852049964429395,0.05325334035397983,0.052931623461300446
9467224,Aurora Gaming,Core,the Cruel,0,NA,NA,NA,NA,NA
9467224,Aurora Gaming,Core,the Decisive,109,83.01504736180034,0.03386580475227554,0.1819831034357118,0.019973430234606352,0.019852765692842153
9467224,Aurora Gaming,Core,the Flayed Twins Acolyte,109,83.01504736180034,0.10105907720193187,0.3032388771431306,0.03328177420151707,0.03308071058921038
9467224,Aurora Gaming,Core,the Lucky,109,83.01504736180034,0.05221942369886598,0.2238213852612089,0.024565362053554436,0.024416956490731882
9467224,Aurora Gaming,Core,the Patient,109,83.01504736180034,0,0,0,0
9467224,Aurora Gaming,Core,the Tormented,109,83.01504736180034,0.058781391787997586,0.23664472316037696,0.025972778676682292,0.02581587055421393
9467224,Aurora Gaming,Core,the Underdog,109,83.01504736180034,0.4077268996851307,0.49439870742367986,0.054262389773426734,0.053934576958094865
9467224,Aurora Gaming,Core,tormentor_kills,109,83.01504736180034,692.2378221251153,545.5036417577448,59.87137665899316,NA
9467224,Aurora Gaming,Core,tower_kills,109,83.01504736180034,619.6997555228595,391.7309834227041,42.994164405439626,NA
9467224,Aurora Gaming,Core,wards_placed,109,83.01504736180034,20.95562002645407,34.88927087616084,3.8292479061247424,NA
9467224,Aurora Gaming,Core,watchers_taken,109,83.01504736180034,222.90668561278602,117.91284184162343,12.941442781361404,NA
9467224,Aurora Gaming,Mid,Cerulean,109,83.01504736180034,0.48805160217778687,0.5028953332530847,0.05519493109198449,0.05486148455878052
9467224,Aurora Gaming,Mid,Crimson,109,83.01504736180034,0.2600990002156696,0.44135473325717156,0.04844058490594744,0.04814794308569872
9467224,Aurora Gaming,Mid,Elemental,109,83.01504736180034,0.20929524349284684,0.4092780889305924,0.04492003489047009,0.044648661602936374
9467224,Aurora Gaming,Mid,Emerald,109,83.01504736180034,0.17305320107022212,0.38059251575265185,0.0417716695543899,0.04151931633782658
9467224,Aurora Gaming,Mid,Golden,109,83.01504736180034,0,0,0,0
9467224,Aurora Gaming,Mid,Heroic,109,83.01504736180034,0.15387816819473676,0.3630250503456365,0.03984356448264715,0.039602859436289065
9467224,Aurora Gaming,Mid,Otherworldly,109,83.01504736180034,0.4899613537588643,0.5029375885500909,0.05519956879301751,0.05486609424228908
9467224,Aurora Gaming,Mid,Royal,109,83.01504736180034,0.042813133497961404,0.20366599020645978,0.02235322054493808,0.022218179088246495
9467224,Aurora Gaming,Mid,camps_stacked,109,83.01504736180034,317.5754572990349,276.54276115010265,30.351760369161102,NA
9467224,Aurora Gaming,Mid,courier_kills,109,83.01504736180034,147.24975522408195,327.3324094194327,35.926143249745536,NA
9467224,Aurora Gaming,Mid,creep_score,109,83.01504736180034,1255.7241985796197,447.89804781193993,49.15874189027933,NA
9467224,Aurora Gaming,Mid,deaths,109,83.01504736180034,1365.2980212971427,394.5945599738138,43.30845427842912,NA
9467224,Aurora Gaming,Mid,first_blood,109,83.01504736180034,135.42131081678755,496.5235688113293,54.49560247220576,NA
9467224,Aurora Gaming,Mid,gpm,109,83.01504736180034,1264.7318551435744,178.72963576618346,19.616348130328316,NA
9467224,Aurora Gaming,Mid,kills,109,83.01504736180034,866.5668681718641,446.46964228982114,49.00196822555916,NA
9467224,Aurora Gaming,Mid,lotuses_grabbed,109,83.01504736180034,209.92867004028358,278.8215040988978,30.601862232746694,NA
9467224,Aurora Gaming,Mid,neutral_tokens_found,109,83.01504736180034,452.7377356113248,211.05243396085015,23.163914594137424,NA
9467224,Aurora Gaming,Mid,roshan_kills,109,83.01504736180034,211.94815121030163,463.2873427833412,50.84778336538335,NA
9467224,Aurora Gaming,Mid,runes_grabbed,109,83.01504736180034,1589.1917788644037,680.6620225757988,74.70559169833291,NA
9467224,Aurora Gaming,Mid,smokes_used,109,83.01504736180034,0,0,0,NA
9467224,Aurora Gaming,Mid,stuns,109,83.01504736180034,293.423418699082,316.7389096417844,34.76346097455331,NA
9467224,Aurora Gaming,Mid,teamfight_participation,109,83.01504736180034,1424.8866140511288,252.22944011090885,27.683268556571058,NA
9467224,Aurora Gaming,Mid,the Clutch,109,83.01504736180034,0.36804534988995685,0.4852049964429395,0.05325334035397983,0.052931623461300446
9467224,Aurora Gaming,Mid,the Cruel,0,NA,NA,NA,NA,NA
9467224,Aurora Gaming,Mid,the Decisive,109,83.01504736180034,0.03386580475227554,0.1819831034357118,0.019973430234606352,0.019852765692842153
9467224,Aurora Gaming,Mid,the Flayed Twins Acolyte,109,83.01504736180034,0.10105907720193187,0.3032388771431306,0.03328177420151707,0.03308071058921038
9467224,Aurora Gaming,Mid,the Lucky,109,83.01504736180034,0.05221942369886598,0.2238213852612089,0.024565362053554436,0.024416956490731882
9467224,Aurora Gaming,Mid,the Patient,109,83.01504736180034,0,0,0,0
9467224,Aurora Gaming,Mid,the Tormented,109,83.01504736180034,0.058781391787997586,0.23664472316037696,0.025972778676682292,0.02581587055421393
9467224,Aurora Gaming,Mid,the Underdog,109,83.01504736180034,0.4077268996851307,0.49439870742367986,0.054262389773426734,0.053934576958094865
9467224,Aurora Gaming,Mid,tormentor_kills,109,83.01504736180034,320.81562277485375,509.4713276373013,55.91667482849964,NA
9467224,Aurora Gaming,Mid,tower_kills,109,83.01504736180034,471.7825525754968,475.7693787125098,52.217740625757095,NA
9467224,Aurora Gaming,Mid,wards_placed,109,83.01504736180034,199.47517517424401,82.53885516310336,9.058995226042564,NA
9467224,Aurora Gaming,Mid,watchers_taken,109,83.01504736180034,191.1109969522864,185.16676233977915,20.322850525889802,NA
9467224,Aurora Gaming,Support,Cerulean,109,83.01504736180034,0.14698775363355504,0.22917492730847305,0.025152936375402595,0.03886331113199552
9467224,Aurora Gaming,Support,Crimson,109,83.01504736180034,0.3479891194964917,0.27338637557124496,0.03000533344291021,0.052279550413658754
9467224,Aurora Gaming,Support,Elemental,109,83.01504736180034,0.266574959434333,0.26580530144830217,0.02917327787160016,0.04852987052679625
9467224,Aurora Gaming,Support,Emerald,109,83.01504736180034,0.3485371604421763,0.313709966240017,0.0344310213767137,0.0522987077829588
9467224,Aurora Gaming,Support,Golden,109,83.01504736180034,0.22167174412794394,0.3174195877902913,0.03483816833614211,0.04558879967995666
9467224,Aurora Gaming,Support,Heroic,109,83.01504736180034,0.37598955630558545,0.32568843909453865,0.03574571041849847,0.05316250175702532
9467224,Aurora Gaming,Support,Otherworldly,109,83.01504736180034,0.16233017934533125,0.2475693454623008,0.027171803076571063,0.040472278860256915
9467224,Aurora Gaming,Support,Royal,109,83.01504736180034,0.2321657145484514,0.2748361132931557,0.03016444840853278,0.046339824287302954
9467224,Aurora Gaming,Support,camps_stacked,109,83.01504736180034,833.2736229328815,485.25760640004523,53.259114523603586,NA
9467224,Aurora Gaming,Support,courier_kills,109,83.01504736180034,350.115628114652,433.2567820866984,47.55179985012036,NA
9467224,Aurora Gaming,Support,creep_score,109,83.01504736180034,297.14378333764444,214.88617358666826,23.5846840475003,NA
9467224,Aurora Gaming,Support,deaths,109,83.01504736180034,384.9842354633641,691.860245388078,75.9346449338804,NA
9467224,Aurora Gaming,Support,first_blood,109,83.01504736180034,238.05593960850314,419.1005701755206,45.99809455739741,NA
9467224,Aurora Gaming,Support,gpm,109,83.01504736180034,728.105047248395,109.17797165052896,11.982753116901426,NA
9467224,Aurora Gaming,Support,kills,109,83.01504736180034,338.916146509796,177.59802781935028,19.49214927915869,NA
9467224,Aurora Gaming,Support,lotuses_grabbed,109,83.01504736180034,658.1606309854485,334.2233834618401,36.682457361803365,NA
9467224,Aurora Gaming,Support,neutral_tokens_found,109,83.01504736180034,126.98309168266584,116.02640900708865,12.734398644287648,NA
9467224,Aurora Gaming,Support,roshan_kills,109,83.01504736180034,49.642036714507505,164.16622140325887,18.01795061284507,NA
9467224,Aurora Gaming,Support,runes_grabbed,109,83.01504736180034,406.4574778413173,180.89520552873535,19.854028748769814,NA
9467224,Aurora Gaming,Support,smokes_used,109,83.01504736180034,989.0771700781326,278.43104207132177,30.55900734171662,NA
9467224,Aurora Gaming,Support,stuns,109,83.01504736180034,520.5365086420569,270.7834603536026,29.71965227512784,NA
9467224,Aurora Gaming,Support,teamfight_participation,109,83.01504736180034,1351.7449350384838,177.02140768614893,19.42886273340289,NA
9467224,Aurora Gaming,Support,the Clutch,109,83.01504736180034,0.36804534988995685,0.4852049964429395,0.05325334035397983,0.052931623461300446
9467224,Aurora Gaming,Support,the Cruel,0,NA,NA,NA,NA,NA
9467224,Aurora Gaming,Support,the Decisive,109,83.01504736180034,0.03386580475227554,0.1819831034357118,0.019973430234606352,0.019852765692842153
9467224,Aurora Gaming,Support,the Flayed Twins Acolyte,109,83.01504736180034,0.10105907720193187,0.3032388771431306,0.03328177420151707,0.03308071058921038
9467224,Aurora Gaming,Support,the Lucky,109,83.01504736180034,0.05221942369886598,0.2238213852612089,0.024565362053554436,0.024416956490731882
9467224,Aurora Gaming,Support,the Patient,109,83.01504736180034,0,0,0,0
9467224,Aurora Gaming,Support,the Tormented,109,83.01504736180034,0.058781391787997586,0.23664472316037696,0.025972778676682292,0.02581587055421393
9467224,Aurora Gaming,Support,the Underdog,109,83.01504736180034,0.4077268996851307,0.49439870742367986,0.054262389773426734,0.053934576958094865
9467224,Aurora Gaming,Support,tormentor_kills,109,83.01504736180034,444.87707575358286,486.3663192301696,53.38080053700057,NA
9467224,Aurora Gaming,Support,tower_kills,109,83.01504736180034,102.20652538696079,146.03918137400868,16.028429813667973,NA
9467224,Aurora Gaming,Support,wards_placed,109,83.01504736180034,1097.2739640023983,352.58567107256977,38.697797597333796,NA
9467224,Aurora Gaming,Support,watchers_taken,109,83.01504736180034,921.602849189977,313.9024879878302,34.45215146860682,NA
8255888,BoomBoys,Core,Cerulean,119,90.63088098620733,0.16633627688822053,0.23689574061543137,0.02488394033625366,0.03911567591333346
8255888,BoomBoys,Core,Crimson,119,90.63088098620733,0.19614240724371776,0.2622658517088337,0.027548860900600977,0.04170971370152831
8255888,BoomBoys,Core,Elemental,119,90.63088098620733,0.1458216827685347,0.23926719261020177,0.025133041775540207,0.03707210303494391
8255888,BoomBoys,Core,Emerald,119,90.63088098620733,0.28612272767283026,0.3278877393559041,0.03444189803465771,0.04747334738778315
8255888,BoomBoys,Core,Golden,119,90.63088098620733,0.28585437032912037,0.3059389597147326,0.032136360072575365,0.047459997257375416
8255888,BoomBoys,Core,Heroic,119,90.63088098620733,0.13763673426812803,0.22997185737125403,0.02415664360607314,0.03618880173311241
8255888,BoomBoys,Core,Otherworldly,119,90.63088098620733,0.18493343596733633,0.2680440150951008,0.028155809225562246,0.040781778114324235
8255888,BoomBoys,Core,Royal,119,90.63088098620733,0.13834603269532803,0.2509045039598407,0.02635544518619891,0.036267005648726064
8255888,BoomBoys,Core,camps_stacked,119,90.63088098620733,597.0655488921057,367.14467596142134,38.56551488710926,NA
8255888,BoomBoys,Core,courier_kills,119,90.63088098620733,126.27188039801332,230.31714994280432,24.19291373793236,NA
8255888,BoomBoys,Core,creep_score,119,90.63088098620733,1393.0792514995335,500.48707762699144,52.572032516842775,NA
8255888,BoomBoys,Core,deaths,119,90.63088098620733,1301.2434394216546,441.8635148231811,46.41411158791911,NA
8255888,BoomBoys,Core,first_blood,119,90.63088098620733,189.11340031431084,385.68128463272694,40.51263247991584,NA
8255888,BoomBoys,Core,gpm,119,90.63088098620733,1364.7320152491795,184.37537835656778,19.367110200377176,NA
8255888,BoomBoys,Core,kills,119,90.63088098620733,707.909079012067,339.134609098148,35.62328878025976,NA
8255888,BoomBoys,Core,lotuses_grabbed,119,90.63088098620733,338.9140926597444,211.0814911097717,22.172366701138003,NA
8255888,BoomBoys,Core,neutral_tokens_found,119,90.63088098620733,694.8846411716678,188.24814858284745,19.773912716101623,NA
8255888,BoomBoys,Core,roshan_kills,119,90.63088098620733,671.5101725828508,574.2811440421524,60.323489512540185,NA
8255888,BoomBoys,Core,runes_grabbed,119,90.63088098620733,456.1025089096241,254.95868054739648,26.781302941409233,NA
8255888,BoomBoys,Core,smokes_used,119,90.63088098620733,41.787913590261645,141.28647559149937,14.84097696229078,NA
8255888,BoomBoys,Core,stuns,119,90.63088098620733,285.44684551442384,313.7541913129658,32.957285583094105,NA
8255888,BoomBoys,Core,teamfight_participation,119,90.63088098620733,1301.114352877007,241.88778788571327,25.40831365806492,NA
8255888,BoomBoys,Core,the Clutch,119,90.63088098620733,0.32783345624155613,0.4720351619907677,0.0495833938469173,0.04930908929415061
8255888,BoomBoys,Core,the Cruel,0,NA,NA,NA,NA,NA
8255888,BoomBoys,Core,the Decisive,119,90.63088098620733,0.031076340737916302,0.17448937453240312,0.018328667176094014,0.018227269581809317
8255888,BoomBoys,Core,the Flayed Twins Acolyte,119,90.63088098620733,0.0771047247124539,0.26824150372769245,0.028176553774779265,0.02802067584101862
8255888,BoomBoys,Core,the Lucky,119,90.63088098620733,0.0837662345372426,0.2785780610135298,0.02926232371777118,0.02910043910283136
8255888,BoomBoys,Core,the Patient,119,90.63088098620733,0,0,0,0
8255888,BoomBoys,Core,the Tormented,119,90.63088098620733,0.0356574978680076,0.18646630061870556,0.01958674430896694,0.019478386798095167
8255888,BoomBoys,Core,the Underdog,119,90.63088098620733,0.35686734351621907,0.48174027193589103,0.050602835463739254,0.0503228911704248
8255888,BoomBoys,Core,tormentor_kills,119,90.63088098620733,731.9415016207829,673.0261061031528,70.695831953346,NA
8255888,BoomBoys,Core,tower_kills,119,90.63088098620733,849.6419411345233,506.6194735323542,53.21619004129171,NA
8255888,BoomBoys,Core,wards_placed,119,90.63088098620733,8.23318415145427,22.138244102144512,2.3254396383659537,NA
8255888,BoomBoys,Core,watchers_taken,119,90.63088098620733,259.9730105073323,182.71308591759865,19.19250011340283,NA
8255888,BoomBoys,Mid,Cerulean,119,90.63088098620733,0.23262100617024367,0.4248529973055735,0.044627297262354274,0.044380410757276986
8255888,BoomBoys,Mid,Crimson,119,90.63088098620733,0.35314065388457194,0.4806047462036551,0.05048355786719897,0.05020427343972337
8255888,BoomBoys,Mid,Elemental,119,90.63088098620733,0.4277594681430066,0.49750607888099874,0.0522589032273713,0.05196979725931031
8255888,BoomBoys,Mid,Emerald,119,90.63088098620733,0.13489104602689564,0.3435075073411496,0.0360826256121195,0.035883009819143774
8255888,BoomBoys,Mid,Golden,119,90.63088098620733,0.02353206454808911,0.15242923749116627,0.016011432039161545,0.015922853820449525
8255888,BoomBoys,Mid,Heroic,119,90.63088098620733,0.05498638487698295,0.22922178218459321,0.024077854404781118,0.023944651237920937
8255888,BoomBoys,Mid,Otherworldly,119,90.63088098620733,0.4214095496601382,0.49653182015805464,0.0521565653977808,0.051868025581618654
8255888,BoomBoys,Mid,Royal,119,90.63088098620733,0.19924649921761392,0.4016557984784776,0.04219062317913917,0.041957216808090184
8255888,BoomBoys,Mid,camps_stacked,119,90.63088098620733,490.0958906673556,429.1321323775868,45.0767850477662,NA
8255888,BoomBoys,Mid,courier_kills,119,90.63088098620733,207.67707302774588,394.9635227927422,41.48765490944816,NA
8255888,BoomBoys,Mid,creep_score,119,90.63088098620733,1229.2152084108907,477.7214741695146,50.18069396139657,NA
8255888,BoomBoys,Mid,deaths,119,90.63088098620733,1174.7622481657968,526.149365881177,55.26764387798389,NA
8255888,BoomBoys,Mid,first_blood,119,90.63088098620733,152.86695214179983,524.7038519969232,55.11580458717371,NA
8255888,BoomBoys,Mid,gpm,119,90.63088098620733,1224.181687181436,199.5011341200631,20.9559458754372,NA
8255888,BoomBoys,Mid,kills,119,90.63088098620733,848.1536284150301,511.86742932026806,53.76744443858263,NA
8255888,BoomBoys,Mid,lotuses_grabbed,119,90.63088098620733,340.6628710965308,404.49283599294307,42.48863053063595,NA
8255888,BoomBoys,Mid,neutral_tokens_found,119,90.63088098620733,655.104494268163,297.01306643144335,31.198768728247625,NA
8255888,BoomBoys,Mid,roshan_kills,119,90.63088098620733,430.14535725175324,737.0035139832187,77.41613007445127,NA
8255888,BoomBoys,Mid,runes_grabbed,119,90.63088098620733,1401.0001058918695,705.5541988771181,74.11263935451187,NA
8255888,BoomBoys,Mid,smokes_used,119,90.63088098620733,15.781521359213983,66.51120097781035,6.986452152008841,NA
8255888,BoomBoys,Mid,stuns,119,90.63088098620733,412.71726259052156,325.518086784013,34.19298560987794,NA
8255888,BoomBoys,Mid,teamfight_participation,119,90.63088098620733,1447.6823375066017,326.33168160108386,34.27844702354996,NA
8255888,BoomBoys,Mid,the Clutch,119,90.63088098620733,0.32783345624155613,0.4720351619907677,0.0495833938469173,0.04930908929415061
8255888,BoomBoys,Mid,the Cruel,0,NA,NA,NA,NA,NA
8255888,BoomBoys,Mid,the Decisive,119,90.63088098620733,0.031076340737916302,0.17448937453240312,0.018328667176094014,0.018227269581809317
8255888,BoomBoys,Mid,the Flayed Twins Acolyte,119,90.63088098620733,0.0771047247124539,0.26824150372769245,0.028176553774779265,0.02802067584101862
8255888,BoomBoys,Mid,the Lucky,119,90.63088098620733,0.0837662345372426,0.2785780610135298,0.02926232371777118,0.02910043910283136
8255888,BoomBoys,Mid,the Patient,119,90.63088098620733,0,0,0,0
8255888,BoomBoys,Mid,the Tormented,119,90.63088098620733,0.0356574978680076,0.18646630061870556,0.01958674430896694,0.019478386798095167
8255888,BoomBoys,Mid,the Underdog,119,90.63088098620733,0.35686734351621907,0.48174027193589103,0.050602835463739254,0.0503228911704248
8255888,BoomBoys,Mid,tormentor_kills,119,90.63088098620733,630.088851427006,703.7797454239206,73.92624767965899,NA
8255888,BoomBoys,Mid,tower_kills,119,90.63088098620733,331.9034552337032,402.3807999134386,42.266778589972645,NA
8255888,BoomBoys,Mid,wards_placed,119,90.63088098620733,186.00313366724248,84.55387991296902,8.881686506844781,NA
8255888,BoomBoys,Mid,watchers_taken,119,90.63088098620733,136.14220719042487,169.8690950787339,17.843344991899222,NA
8255888,BoomBoys,Support,Cerulean,119,90.63088098620733,0.234173692730005,0.28916777968028895,0.030374686172227997,0.044483207193737405
8255888,BoomBoys,Support,Crimson,119,90.63088098620733,0.10236602492650196,0.23748744072798825,0.02494609354449442,0.03184120243056118
8255888,BoomBoys,Support,Elemental,119,90.63088098620733,0.21757385317824599,0.260071681624386,0.027318381461303564,0.04333980253713751
8255888,BoomBoys,Support,Emerald,119,90.63088098620733,0.34223770792943975,0.33570535656908856,0.03526307413431731,0.049837966623969214
8255888,BoomBoys,Support,Golden,119,90.63088098620733,0.3128264010091721,0.30442661563483614,0.03197750082185915,0.04870200390317648
8255888,BoomBoys,Support,Heroic,119,90.63088098620733,0.25761344613440884,0.27810264402148616,0.029212385090617646,0.04593685002423228
8255888,BoomBoys,Support,Otherworldly,119,90.63088098620733,0.16627558113141414,0.24048911968646491,0.025261395119428924,0.03910996229139727
8255888,BoomBoys,Support,Royal,119,90.63088098620733,0.1661672757551796,0.249381647922936,0.026195481741248004,0.03909976226008933
8255888,BoomBoys,Support,camps_stacked,119,90.63088098620733,673.6792267374414,402.2715031705918,42.25529787013834,NA
8255888,BoomBoys,Support,courier_kills,119,90.63088098620733,209.68394531566693,294.15407918596793,30.898455738855336,NA
8255888,BoomBoys,Support,creep_score,119,90.63088098620733,241.209725659479,123.49195878936678,12.971809989231717,NA
8255888,BoomBoys,Support,deaths,119,90.63088098620733,780.3202631586005,629.1281423467873,66.08471354252697,NA
8255888,BoomBoys,Support,first_blood,119,90.63088098620733,274.14493090245696,438.2486405296605,46.03439890921355,NA
8255888,BoomBoys,Support,gpm,119,90.63088098620733,726.3964343984944,94.09492872681876,9.883894857287597,NA
8255888,BoomBoys,Support,kills,119,90.63088098620733,331.4458903344903,192.80744983251168,20.252829643763178,NA
8255888,BoomBoys,Support,lotuses_grabbed,119,90.63088098620733,454.2398325260781,311.1709307899915,32.68593540786641,NA
8255888,BoomBoys,Support,neutral_tokens_found,119,90.63088098620733,74.2212773610844,68.8589764802034,7.233066571384607,NA
8255888,BoomBoys,Support,roshan_kills,119,90.63088098620733,50.084380890264704,164.74362972915463,17.304957203148252,NA
8255888,BoomBoys,Support,runes_grabbed,119,90.63088098620733,374.8387291853736,185.92052729034424,19.529415329962166,NA
8255888,BoomBoys,Support,smokes_used,119,90.63088098620733,948.5089812445052,358.13710158224313,37.61934361850167,NA
8255888,BoomBoys,Support,stuns,119,90.63088098620733,450.6885339918951,261.64759580140816,27.48391822551131,NA
8255888,BoomBoys,Support,teamfight_participation,119,90.63088098620733,1381.3843120375398,192.52980055301646,20.22366488087038,NA
8255888,BoomBoys,Support,the Clutch,119,90.63088098620733,0.32783345624155613,0.4720351619907677,0.0495833938469173,0.04930908929415061
8255888,BoomBoys,Support,the Cruel,0,NA,NA,NA,NA,NA
8255888,BoomBoys,Support,the Decisive,119,90.63088098620733,0.031076340737916302,0.17448937453240312,0.018328667176094014,0.018227269581809317
8255888,BoomBoys,Support,the Flayed Twins Acolyte,119,90.63088098620733,0.0771047247124539,0.26824150372769245,0.028176553774779265,0.02802067584101862
8255888,BoomBoys,Support,the Lucky,119,90.63088098620733,0.0837662345372426,0.2785780610135298,0.02926232371777118,0.02910043910283136
8255888,BoomBoys,Support,the Patient,119,90.63088098620733,0,0,0,0
8255888,BoomBoys,Support,the Tormented,119,90.63088098620733,0.0356574978680076,0.18646630061870556,0.01958674430896694,0.019478386798095167
8255888,BoomBoys,Support,the Underdog,119,90.63088098620733,0.35686734351621907,0.48174027193589103,0.050602835463739254,0.0503228911704248
8255888,BoomBoys,Support,tormentor_kills,119,90.63088098620733,374.43176617541775,467.1834933082549,49.073766135953484,NA
8255888,BoomBoys,Support,tower_kills,119,90.63088098620733,47.55232921704481,99.97512286458583,10.501560669723284,NA
8255888,BoomBoys,Support,wards_placed,119,90.63088098620733,1110.7340773644796,328.4012350155301,34.49583651123759,NA
8255888,BoomBoys,Support,watchers_taken,119,90.63088098620733,660.6057347897828,244.32598422501147,25.664426039307187,NA
9964962,GamerLegion,Core,Cerulean,84,63.975575746891046,0.13581797265891915,0.23233353066217702,0.029047234494550746,0.042832570187314616
9964962,GamerLegion,Core,Crimson,84,63.975575746891046,0.3465433894394002,0.2972760057954028,0.03716659332525799,0.0594949475209062
9964962,GamerLegion,Core,Elemental,84,63.975575746891046,0.23747102407772341,0.29285746549586483,0.03661417036745892,0.053201807417078126
9964962,GamerLegion,Core,Emerald,84,63.975575746891046,0.22148666979196782,0.2985077595817238,0.03732059193651674,0.051915820448761696
9964962,GamerLegion,Core,Golden,84,63.975575746891046,0.17070826512355544,0.2984058373458916,0.037307849225311905,0.047040707108358414
9964962,GamerLegion,Core,Heroic,84,63.975575746891046,0.16513323524792656,0.23701416171794573,0.029632425050007336,0.046421452971048494
9964962,GamerLegion,Core,Otherworldly,84,63.975575746891046,0.3125497632409671,0.30816609765185443,0.03852811463008205,0.057952625824907476
9964962,GamerLegion,Core,Royal,84,63.975575746891046,0.1688247919415939,0.25798665484959116,0.032254487066600425,0.046833573915514765
9964962,GamerLegion,Core,camps_stacked,84,63.975575746891046,553.3195160379427,372.76703099215086,46.604772587950876,NA
9964962,GamerLegion,Core,courier_kills,84,63.975575746891046,169.17586864334282,341.58922511663417,42.70680299350374,NA
9964962,GamerLegion,Core,creep_score,84,63.975575746891046,1178.5735192081047,469.7709365451054,58.732575163210555,NA
9964962,GamerLegion,Core,deaths,84,63.975575746891046,1203.5699419450739,506.59256232983813,63.33615690017009,NA
9964962,GamerLegion,Core,first_blood,84,63.975575746891046,221.9839113900106,409.88743337739396,51.24570852837719,NA
9964962,GamerLegion,Core,gpm,84,63.975575746891046,1257.2448313595032,224.4797601660848,28.065325802266088,NA
9964962,GamerLegion,Core,kills,84,63.975575746891046,713.403479251398,457.53014564149333,57.202184251650806,NA
9964962,GamerLegion,Core,lotuses_grabbed,84,63.975575746891046,394.54678938155433,232.3327450664643,29.04713627634341,NA
9964962,GamerLegion,Core,neutral_tokens_found,84,63.975575746891046,728.8215645293014,272.52179000451446,34.07172574950474,NA
9964962,GamerLegion,Core,roshan_kills,84,63.975575746891046,421.9978761705611,586.3263422680976,73.3047817319046,NA
9964962,GamerLegion,Core,runes_grabbed,84,63.975575746891046,456.8048807618603,324.232298994098,40.53677311555648,NA
9964962,GamerLegion,Core,smokes_used,84,63.975575746891046,18.516629665843386,49.06578708179686,6.134394028113796,NA
9964962,GamerLegion,Core,stuns,84,63.975575746891046,270.61063203786534,250.6155819512037,31.332927090536476,NA
9964962,GamerLegion,Core,teamfight_participation,84,63.975575746891046,1198.331317651814,270.2521099158119,33.7879615869396,NA
9964962,GamerLegion,Core,the Clutch,84,63.975575746891046,0.23502175837192513,0.42736564288990786,0.05343090172372826,0.05301166873375815
9964962,GamerLegion,Core,the Cruel,0,NA,NA,NA,NA,NA
9964962,GamerLegion,Core,the Decisive,84,63.975575746891046,0.11823280070190262,0.32543704406755686,0.040687394993316334,0.04036815092842405
9964962,GamerLegion,Core,the Flayed Twins Acolyte,84,63.975575746891046,0.17292126559748325,0.3811699526030709,0.04765533827158708,0.04728142188037703
9964962,GamerLegion,Core,the Lucky,84,63.975575746891046,0.08957107559781373,0.2878246241896077,0.03598494512743414,0.03570259772821394
9964962,GamerLegion,Core,the Patient,84,63.975575746891046,0,0,0,0
9964962,GamerLegion,Core,the Tormented,84,63.975575746891046,0.07670270932300154,0.26822370737673457,0.033534362874631504,0.033271243392063776
9964962,GamerLegion,Core,the Underdog,84,63.975575746891046,0.5224740013846867,0.5034448251809468,0.06294261465583514,0.06244875024989374
9964962,GamerLegion,Core,tormentor_kills,84,63.975575746891046,425.432389213997,547.8152667407483,68.48997846914688,NA
9964962,GamerLegion,Core,tower_kills,84,63.975575746891046,566.948518605006,432.1734134716377,54.03198775330601,NA
9964962,GamerLegion,Core,wards_placed,84,63.975575746891046,33.35813880762285,54.190022594416185,6.775045724475199,NA
9964962,GamerLegion,Core,watchers_taken,84,63.975575746891046,263.4532028123321,194.8726006413747,24.36372447515368,NA
9964962,GamerLegion,Mid,Cerulean,91,69.30660662383154,0.3382325108983579,0.47655864363556366,0.057243876126779676,0.056829400004158113
9964962,GamerLegion,Mid,Crimson,91,69.30660662383154,0.232197719810226,0.4253139587953097,0.05108840202022955,0.05071849480546688
9964962,GamerLegion,Mid,Elemental,91,69.30660662383154,0.32395015882735795,0.4713943995634516,0.05662355090154148,0.05621356626362566
9964962,GamerLegion,Mid,Emerald,91,69.30660662383154,0.21132337932970183,0.4112247254708178,0.04939601360608659,0.04903836018396211
9964962,GamerLegion,Mid,Golden,91,69.30660662383154,0.08847508715425126,0.28605578388447056,0.03436081178406622,0.03411202122336332
9964962,GamerLegion,Mid,Heroic,91,69.30660662383154,0.13448387690639843,0.3436597373668669,0.04128015659418939,0.04098126629527816
9964962,GamerLegion,Mid,Otherworldly,91,69.30660662383154,0.44625118593646623,0.5007282091399776,0.060147106678255735,0.059711609621632654
9964962,GamerLegion,Mid,Royal,91,69.30660662383154,0.019199730903981964,0.13822729887785737,0.016603762160181137,0.01648354208728039
9964962,GamerLegion,Mid,camps_stacked,91,69.30660662383154,223.0443586807944,323.32084119192666,38.8370632440999,NA
9964962,GamerLegion,Mid,courier_kills,91,69.30660662383154,211.85246693453377,409.08351789732484,49.13881331660346,NA
9964962,GamerLegion,Mid,creep_score,91,69.30660662383154,1126.5147568286973,588.4965312537,70.68977341199638,NA
9964962,GamerLegion,Mid,deaths,91,69.30660662383154,1256.8986479084922,447.08322691708327,53.70331060362402,NA
9964962,GamerLegion,Mid,first_blood,91,69.30660662383154,25.705804994801547,223.0972573508445,26.798279570776806,NA
9964962,GamerLegion,Mid,gpm,91,69.30660662383154,1243.811349994561,220.81735961764699,26.524419920629132,NA
9964962,GamerLegion,Mid,kills,91,69.30660662383154,862.81915478874,524.0101210266072,62.94371292563294,NA
9964962,GamerLegion,Mid,lotuses_grabbed,91,69.30660662383154,144.91904554862444,249.80655189085618,30.00658051862683,NA
9964962,GamerLegion,Mid,neutral_tokens_found,91,69.30660662383154,335.11682556188464,242.91713399418026,29.179028673896205,NA
9964962,GamerLegion,Mid,roshan_kills,91,69.30660662383154,283.7480080201442,629.0276224186005,75.55833847300713,NA
9964962,GamerLegion,Mid,runes_grabbed,91,69.30660662383154,1204.6975696212346,659.6312840717707,79.23442795348595,NA
9964962,GamerLegion,Mid,smokes_used,91,69.30660662383154,15.422212678699367,65.90550029049115,7.916520548072118,NA
9964962,GamerLegion,Mid,stuns,91,69.30660662383154,270.0023206479399,261.29793193527274,31.386916694611447,NA
9964962,GamerLegion,Mid,teamfight_participation,91,69.30660662383154,1419.984563881771,317.70613354295637,38.16262866309265,NA
9964962,GamerLegion,Mid,the Clutch,91,69.30660662383154,0.24020504327009173,0.43032366132281596,0.05169016382802898,0.051315899537580416
9964962,GamerLegion,Mid,the Cruel,0,NA,NA,NA,NA,NA
9964962,GamerLegion,Mid,the Decisive,91,69.30660662383154,0.1138450043866605,0.3199394519562046,0.03843089323935622,0.03815263312322688
9964962,GamerLegion,Mid,the Flayed Twins Acolyte,91,69.30660662383154,0.17187937978627765,0.38002717274903114,0.0456485863643087,0.04531806630942054
9964962,GamerLegion,Mid,the Lucky,91,69.30660662383154,0.08772764874849615,0.28496168068444067,0.034229388906968396,0.03398154991782579
9964962,GamerLegion,Mid,the Patient,91,69.30660662383154,0,0,0,0
9964962,GamerLegion,Mid,the Tormented,91,69.30660662383154,0.07384726811718614,0.2634295471803726,0.03164296476061561,0.03141385285852875
9964962,GamerLegion,Mid,the Underdog,91,69.30660662383154,0.5242146530687253,0.503055697291646,0.06042668285470327,0.05998916151780023
9964962,GamerLegion,Mid,tormentor_kills,91,69.30660662383154,251.54271154319807,488.2968711478048,58.65386344026662,NA
9964962,GamerLegion,Mid,tower_kills,91,69.30660662383154,501.6277428635862,561.9268894535645,67.49824744923791,NA
9964962,GamerLegion,Mid,wards_placed,91,69.30660662383154,217.82438761748693,97.18324740775797,11.673580682049609,NA
9964962,GamerLegion,Mid,watchers_taken,91,69.30660662383154,145.24270518896572,141.14714353825917,16.95449176771565,NA
9964962,GamerLegion,Support,Cerulean,91,69.30660662383154,0.12451776412420396,0.21780423348148922,0.026162485410372974,0.03965993593330357
9964962,GamerLegion,Support,Crimson,91,69.30660662383154,0.1547507223444262,0.2651571137467306,0.03185047879450435,0.043443162107985
9964962,GamerLegion,Support,Elemental,91,69.30660662383154,0.2763677167325947,0.3319683177499937,0.039875791810898856,0.05371743962265376
9964962,GamerLegion,Support,Emerald,91,69.30660662383154,0.4167801495453224,0.33389421979217754,0.04010712975725114,0.059221900993222665
9964962,GamerLegion,Support,Golden,91,69.30660662383154,0.28668444814133937,0.30316490607624696,0.03641594704278781,0.05431947899118498
9964962,GamerLegion,Support,Heroic,91,69.30660662383154,0.21934903587182136,0.26500361179821524,0.031832040252588505,0.04970602081641694
9964962,GamerLegion,Support,Otherworldly,91,69.30660662383154,0.13351996051662812,0.22282002714398197,0.02676497888085715,0.04085686702903231
9964962,GamerLegion,Support,Royal,91,69.30660662383154,0.2306259875434523,0.2856432808346705,0.03431126221907558,0.050598257423512594
9964962,GamerLegion,Support,camps_stacked,91,69.30660662383154,659.9830861171951,517.0533825926744,62.10807458714759,NA
9964962,GamerLegion,Support,courier_kills,91,69.30660662383154,261.2499059024157,375.56403853463837,45.11247794298864,NA
9964962,GamerLegion,Support,creep_score,91,69.30660662383154,200.52202531349812,157.33132505000134,18.898523827660743,NA
9964962,GamerLegion,Support,deaths,91,69.30660662383154,762.7572746733262,588.7449285085254,70.71961070878106,NA
9964962,GamerLegion,Support,first_blood,91,69.30660662383154,227.75288120887285,413.31648045358565,49.64727368649908,NA
9964962,GamerLegion,Support,gpm,91,69.30660662383154,711.8597570192009,121.00011411834329,14.53444531207271,NA
9964962,GamerLegion,Support,kills,91,69.30660662383154,341.08634684436873,183.45389362476382,22.03634768119376,NA
9964962,GamerLegion,Support,lotuses_grabbed,91,69.30660662383154,381.39935376324144,248.14547213884885,29.807052832306393,NA
9964962,GamerLegion,Support,neutral_tokens_found,91,69.30660662383154,58.53945292065407,53.134249191624164,6.38244719602814,NA
9964962,GamerLegion,Support,roshan_kills,91,69.30660662383154,37.72184132455805,144.86146639479995,17.400653515769648,NA
9964962,GamerLegion,Support,runes_grabbed,91,69.30660662383154,413.94650086576587,233.93532897048388,28.10014081604728,NA
9964962,GamerLegion,Support,smokes_used,91,69.30660662383154,882.5370043893535,385.92407733623514,46.35691823537951,NA
9964962,GamerLegion,Support,stuns,91,69.30660662383154,455.78328457257976,379.5544144292782,45.5917989803104,NA
9964962,GamerLegion,Support,teamfight_participation,91,69.30660662383154,1331.8271535793199,200.41785936830476,24.07404685339638,NA
9964962,GamerLegion,Support,the Clutch,91,69.30660662383154,0.24020504327009173,0.43032366132281596,0.05169016382802898,0.051315899537580416
9964962,GamerLegion,Support,the Cruel,0,NA,NA,NA,NA,NA
9964962,GamerLegion,Support,the Decisive,91,69.30660662383154,0.1138450043866605,0.3199394519562046,0.03843089323935622,0.03815263312322688
9964962,GamerLegion,Support,the Flayed Twins Acolyte,91,69.30660662383154,0.17187937978627765,0.38002717274903114,0.0456485863643087,0.04531806630942054
9964962,GamerLegion,Support,the Lucky,91,69.30660662383154,0.08772764874849615,0.28496168068444067,0.034229388906968396,0.03398154991782579
9964962,GamerLegion,Support,the Patient,91,69.30660662383154,0,0,0,0
9964962,GamerLegion,Support,the Tormented,91,69.30660662383154,0.07384726811718614,0.2634295471803726,0.03164296476061561,0.03141385285852875
9964962,GamerLegion,Support,the Underdog,91,69.30660662383154,0.5242146530687253,0.503055697291646,0.06042668285470327,0.05998916151780023
9964962,GamerLegion,Support,tormentor_kills,91,69.30660662383154,240.19210811266458,420.64105503754865,50.52709623460583,NA
9964962,GamerLegion,Support,tower_kills,91,69.30660662383154,39.180483242101,77.86722058538099,9.353353651339665,NA
9964962,GamerLegion,Support,wards_placed,91,69.30660662383154,910.018171782883,329.20552912275406,39.54392765933155,NA
9964962,GamerLegion,Support,watchers_taken,91,69.30660662383154,487.8433559048886,262.2139331318193,31.496946089162083,NA
10149530,HULIGANI,Core,Cerulean,114,86.82296180681561,0.0752699320010482,0.1798385593135982,0.01930036473512616,0.02831398208600913
10149530,HULIGANI,Core,Crimson,114,86.82296180681561,0.25313968169217693,0.3062879824708243,0.03287098049626029,0.04666405862930174
10149530,HULIGANI,Core,Elemental,114,86.82296180681561,0.23884366147686847,0.2689805492606778,0.028867127979672988,0.04575899693056719
10149530,HULIGANI,Core,Emerald,114,86.82296180681561,0.22129142588029924,0.2843523956612535,0.03051684227518232,0.044550488801997044
10149530,HULIGANI,Core,Golden,114,86.82296180681561,0.2595774216645338,0.2778366639167974,0.029817570663664618,0.04704960541247469
10149530,HULIGANI,Core,Heroic,114,86.82296180681561,0.19940270221715842,0.2843978930547499,0.030521725078360516,0.042880049812377176
10149530,HULIGANI,Core,Otherworldly,114,86.82296180681561,0.28081396561983624,0.3397989792327994,0.036467397541705596,0.04822949066827605
10149530,HULIGANI,Core,Royal,114,86.82296180681561,0.2102840248703773,0.2938025974074035,0.031531042684801766,0.04373421178409352
10149530,HULIGANI,Core,camps_stacked,114,86.82296180681561,714.4387530747304,354.5312289767179,38.04847000198245,NA
10149530,HULIGANI,Core,courier_kills,114,86.82296180681561,93.32011803825078,205.5430743095975,22.058986226845338,NA
10149530,HULIGANI,Core,creep_score,114,86.82296180681561,1371.1546206959854,444.003062919855,47.650632270264225,NA
10149530,HULIGANI,Core,deaths,114,86.82296180681561,1145.7338967155843,380.50117797750175,40.83557800474242,NA
10149530,HULIGANI,Core,first_blood,114,86.82296180681561,154.56244692263425,356.42038612752714,38.25121529860713,NA
10149530,HULIGANI,Core,gpm,114,86.82296180681561,1303.8615132485156,201.37237413367362,21.611384583997328,NA
10149530,HULIGANI,Core,kills,114,86.82296180681561,522.8422443835875,326.8983222131063,35.08289253480847,NA
10149530,HULIGANI,Core,lotuses_grabbed,114,86.82296180681561,358.3376512949988,218.4984996920459,23.4493690020095,NA
10149530,HULIGANI,Core,neutral_tokens_found,114,86.82296180681561,778.4654713926832,189.10666135284083,20.29502211251221,NA
10149530,HULIGANI,Core,roshan_kills,114,86.82296180681561,394.5236984267255,436.99042005118946,46.898031906699195,NA
10149530,HULIGANI,Core,runes_grabbed,114,86.82296180681561,352.4153335583117,219.3752003632701,23.54345695946834,NA
10149530,HULIGANI,Core,smokes_used,114,86.82296180681561,40.442035183564954,96.37854723481728,10.343394216308685,NA
10149530,HULIGANI,Core,stuns,114,86.82296180681561,329.2853538565303,282.09479832948296,30.274555792825453,NA
10149530,HULIGANI,Core,teamfight_participation,114,86.82296180681561,1323.7431478946082,284.55572579161793,30.538663767150748,NA
10149530,HULIGANI,Core,the Clutch,114,86.82296180681561,0.27146801132641746,0.447300303574287,0.04800449379747461,0.047727242711959536
10149530,HULIGANI,Core,the Cruel,0,NA,NA,NA,NA,NA
10149530,HULIGANI,Core,the Decisive,114,86.82296180681561,0.014427590803833297,0.1199379788593548,0.012871804280542657,0.012797462871499287
10149530,HULIGANI,Core,the Flayed Twins Acolyte,114,86.82296180681561,0.05749936336756711,0.23414662032903444,0.02512873318767609,0.024983601596802647
10149530,HULIGANI,Core,the Lucky,114,86.82296180681561,0.07250404837479651,0.26082708578736724,0.027992094174408712,0.027830425174659713
10149530,HULIGANI,Core,the Patient,114,86.82296180681561,0.013434911273679472,0.11579660382088446,0.012427349826211511,0.01235557537434605
10149530,HULIGANI,Core,the Tormented,114,86.82296180681561,0.009796831961819024,0.0990650663064547,0.010631712795752256,0.010570309087883934
10149530,HULIGANI,Core,the Underdog,114,86.82296180681561,0.5620226271048233,0.49902038484810707,0.053555118961093884,0.05324581010910401
10149530,HULIGANI,Core,tormentor_kills,114,86.82296180681561,560.2566225294802,675.4697599737177,72.49175474269447,NA
10149530,HULIGANI,Core,tower_kills,114,86.82296180681561,663.5246721936825,559.6654330085848,60.06357606475357,NA
10149530,HULIGANI,Core,wards_placed,114,86.82296180681561,60.58816213167799,38.674249065304316,4.150539882361287,NA
10149530,HULIGANI,Core,watchers_taken,114,86.82296180681561,345.94230864069084,201.42415379735738,21.61694160357518,NA
10149530,HULIGANI,Mid,Cerulean,114,86.82296180681561,0.39192574381149237,0.49101612382442017,0.05269609763784738,0.05239175008375923
10149530,HULIGANI,Mid,Crimson,114,86.82296180681561,0.3214980953192491,0.46976460052473185,0.05041537345707931,0.05012419827925964
10149530,HULIGANI,Mid,Elemental,114,86.82296180681561,0.3755540859994061,0.4870787795198365,0.05227353986460742,0.05197163280289937
10149530,HULIGANI,Mid,Emerald,114,86.82296180681561,0.08619593792059368,0.28228349854277446,0.030294807194727373,0.03011983882164873
10149530,HULIGANI,Mid,Golden,114,86.82296180681561,0.0432901975552537,0.20469180000340872,0.021967627039684398,0.021840752491883976
10149530,HULIGANI,Mid,Heroic,114,86.82296180681561,0.055749411191796286,0.2307699861128902,0.02476635110344771,0.024623312458843995
10149530,HULIGANI,Mid,Otherworldly,114,86.82296180681561,0.5197988049065428,0.5025101125458783,0.05392963829471359,0.05361816639748402
10149530,HULIGANI,Mid,Royal,114,86.82296180681561,0.09479667085316838,0.2946355614519276,0.031620436805461546,0.03143781222731765
10149530,HULIGANI,Mid,camps_stacked,114,86.82296180681561,411.627939255678,381.8042977122522,40.97542947080298,NA
10149530,HULIGANI,Mid,courier_kills,114,86.82296180681561,268.888669998496,508.39327534082855,54.56102228806878,NA
10149530,HULIGANI,Mid,creep_score,114,86.82296180681561,1154.8829119894785,394.0933524611361,42.294297014052134,NA
10149530,HULIGANI,Mid,deaths,114,86.82296180681561,1145.3089679108034,446.2294219816181,47.889566245755276,NA
10149530,HULIGANI,Mid,first_blood,114,86.82296180681561,120.25469404849521,469.7369449726923,50.41240544930972,NA
10149530,HULIGANI,Mid,gpm,114,86.82296180681561,1183.9948920717798,185.49119631390863,19.907008584129745,NA
10149530,HULIGANI,Mid,kills,114,86.82296180681561,727.40993903844,464.16507692879514,49.81442976537597,NA
10149530,HULIGANI,Mid,lotuses_grabbed,114,86.82296180681561,156.11703642528806,252.11892797428527,27.05753029330887,NA
10149530,HULIGANI,Mid,neutral_tokens_found,114,86.82296180681561,438.974277986726,196.12130000827432,21.04783666491807,NA
10149530,HULIGANI,Mid,roshan_kills,114,86.82296180681561,142.996401235793,385.821610960259,41.40656955131586,NA
10149530,HULIGANI,Mid,runes_grabbed,114,86.82296180681561,1512.9047521512318,706.3232988126508,75.80297206579588,NA
10149530,HULIGANI,Mid,smokes_used,114,86.82296180681561,21.386210850273805,76.65815784093687,8.2269920972453,NA
10149530,HULIGANI,Mid,stuns,114,86.82296180681561,315.22071645467304,327.4788659080172,35.14519677645289,NA
10149530,HULIGANI,Mid,teamfight_participation,114,86.82296180681561,1571.2201785640234,347.351575297329,37.27794595411983,NA
10149530,HULIGANI,Mid,the Clutch,114,86.82296180681561,0.27146801132641746,0.447300303574287,0.04800449379747461,0.047727242711959536
10149530,HULIGANI,Mid,the Cruel,0,NA,NA,NA,NA,NA
10149530,HULIGANI,Mid,the Decisive,114,86.82296180681561,0.014427590803833297,0.1199379788593548,0.012871804280542657,0.012797462871499287
10149530,HULIGANI,Mid,the Flayed Twins Acolyte,114,86.82296180681561,0.05749936336756711,0.23414662032903444,0.02512873318767609,0.024983601596802647
10149530,HULIGANI,Mid,the Lucky,114,86.82296180681561,0.07250404837479651,0.26082708578736724,0.027992094174408712,0.027830425174659713
10149530,HULIGANI,Mid,the Patient,114,86.82296180681561,0.013434911273679472,0.11579660382088446,0.012427349826211511,0.01235557537434605
10149530,HULIGANI,Mid,the Tormented,114,86.82296180681561,0.009796831961819024,0.0990650663064547,0.010631712795752256,0.010570309087883934
10149530,HULIGANI,Mid,the Underdog,114,86.82296180681561,0.5620226271048233,0.49902038484810707,0.053555118961093884,0.05324581010910401
10149530,HULIGANI,Mid,tormentor_kills,114,86.82296180681561,417.2354625768325,592.5018312158713,63.58759485364604,NA
10149530,HULIGANI,Mid,tower_kills,114,86.82296180681561,207.6066379277926,281.9287472113616,30.256735103221125,NA
10149530,HULIGANI,Mid,wards_placed,114,86.82296180681561,189.3727027952071,73.16333824707081,7.851926298772903,NA
10149530,HULIGANI,Mid,watchers_taken,114,86.82296180681561,104.82708885005495,143.45526032784556,15.395690768806885,NA
10149530,HULIGANI,Support,Cerulean,104,79.20713833408612,0.09524177528721765,0.1975925409974599,0.022201810153339052,0.03298358438002697
10149530,HULIGANI,Support,Crimson,104,79.20713833408612,0.2646679783303006,0.32290769792565815,0.03628241921586189,0.04956901372906183
10149530,HULIGANI,Support,Elemental,104,79.20713833408612,0.1892827763625795,0.27889107474822367,0.031336641878097773,0.04401574804641756
10149530,HULIGANI,Support,Emerald,104,79.20713833408612,0.40782348461094264,0.3355860520923843,0.037706979125084715,0.05521785654247577
10149530,HULIGANI,Support,Golden,104,79.20713833408612,0.3942444346120127,0.3499129961333478,0.03931677719777144,0.054909732830068676
10149530,HULIGANI,Support,Heroic,104,79.20713833408612,0.26372658503414365,0.31207913879090526,0.03506570519958189,0.049512442814619015
10149530,HULIGANI,Support,Otherworldly,104,79.20713833408612,0.08455227578906552,0.18861655434542562,0.02119325410875672,0.03126059672660004
10149530,HULIGANI,Support,Royal,104,79.20713833408612,0.1181284329914872,0.21374445015853538,0.02401666419083425,0.036265839084799814
10149530,HULIGANI,Support,camps_stacked,104,79.20713833408612,725.556648510659,413.64796916711623,46.478139485440494,NA
10149530,HULIGANI,Support,courier_kills,104,79.20713833408612,272.90744258625057,360.6622468967295,40.524580000116615,NA
10149530,HULIGANI,Support,creep_score,104,79.20713833408612,227.779602951093,121.69146648791512,13.673445478292852,NA
10149530,HULIGANI,Support,deaths,104,79.20713833408612,756.0202793676822,471.9910270573354,53.03365766697229,NA
10149530,HULIGANI,Support,first_blood,104,79.20713833408612,202.57038342421424,396.01869785967506,44.49728670256876,NA
10149530,HULIGANI,Support,gpm,104,79.20713833408612,698.8361218901516,110.65370588225392,12.433225254149649,NA
10149530,HULIGANI,Support,kills,104,79.20713833408612,249.02993262877064,157.35004546911406,17.68009976231566,NA
10149530,HULIGANI,Support,lotuses_grabbed,104,79.20713833408612,639.5417985027843,382.46232521379363,42.97407124953378,NA
10149530,HULIGANI,Support,neutral_tokens_found,104,79.20713833408612,61.376803580366385,54.061692296864,6.074457177807317,NA
10149530,HULIGANI,Support,roshan_kills,104,79.20713833408612,36.56284944671625,142.63890351389412,16.027132604851893,NA
10149530,HULIGANI,Support,runes_grabbed,104,79.20713833408612,377.30877063687063,189.39109725512486,21.280282974066864,NA
10149530,HULIGANI,Support,smokes_used,104,79.20713833408612,936.0998855970638,277.56979893167426,31.188181239395803,NA
10149530,HULIGANI,Support,stuns,104,79.20713833408612,377.05763415545226,305.61791179491627,34.339711523917686,NA
10149530,HULIGANI,Support,teamfight_participation,104,79.20713833408612,1464.5848593020391,217.91617583841656,24.48540588062163,NA
10149530,HULIGANI,Support,the Clutch,104,79.20713833408612,0.22366449078841535,0.419355371061196,0.047119432181417294,0.04682104303591461
10149530,HULIGANI,Support,the Cruel,0,NA,NA,NA,NA,NA
10149530,HULIGANI,Support,the Decisive,104,79.20713833408612,0.017355810827688868,0.1314254773459676,0.01476717432053594,0.014673659515221042
10149530,HULIGANI,Support,the Flayed Twins Acolyte,104,79.20713833408612,0.049609760430526305,0.21852116774586458,0.024553383727384782,0.024397896641687195
10149530,HULIGANI,Support,the Lucky,104,79.20713833408612,0.08702202291799416,0.2836636600180937,0.03187289710092847,0.031671058367090936
10149530,HULIGANI,Support,the Patient,104,79.20713833408612,0.01715583269643567,0.1306794197799141,0.014683346113451975,0.014590362159760764
10149530,HULIGANI,Support,the Tormented,104,79.20713833408612,0.012135969149850805,0.1101906594614563,0.01238119662657679,0.012302791295470912
10149530,HULIGANI,Support,the Underdog,104,79.20713833408612,0.48967666891133677,0.5030792236858351,0.056526776567470155,0.056168814347275144
10149530,HULIGANI,Support,tormentor_kills,104,79.20713833408612,408.9541832377979,532.0106561920694,59.77755804295011,NA
10149530,HULIGANI,Support,tower_kills,104,79.20713833408612,42.347549544171336,103.51974751011184,11.631642417972861,NA
10149530,HULIGANI,Support,wards_placed,104,79.20713833408612,1030.0422590694848,315.8652676738945,35.49112062392871,NA
10149530,HULIGANI,Support,watchers_taken,104,79.20713833408612,715.522446687508,290.87990733008326,32.68372605242414,NA
10150413,Iron Wing,Core,Cerulean,93,70.82976184850955,0.19162525326467741,0.2658456779022075,0.031587969732253314,0.04676542107603878
10150413,Iron Wing,Core,Crimson,93,70.82976184850955,0.2827879957115014,0.31531267431043863,0.03746567290809161,0.053511406858943955
10150413,Iron Wing,Core,Elemental,93,70.82976184850955,0.18081727545363688,0.25648412344592936,0.030475623271911258,0.04573013276646998
10150413,Iron Wing,Core,Emerald,93,70.82976184850955,0.2657883822402621,0.32491286313961293,0.038606374071837535,0.05248929410129665
10150413,Iron Wing,Core,Golden,93,70.82976184850955,0.22487040548310094,0.2905116581067571,0.034518798784152684,0.04960728056974311
10150413,Iron Wing,Core,Heroic,93,70.82976184850955,0.2086649202017217,0.2519192368535152,0.02993322024828418,0.04828331058436853
10150413,Iron Wing,Core,Otherworldly,93,70.82976184850955,0.1797794208538147,0.2829152990068035,0.03361619407296032,0.04562757928835035
10150413,Iron Wing,Core,Royal,93,70.82976184850955,0.2103393935459654,0.2774233580638451,0.032963637801794204,0.04842533730304728
10150413,Iron Wing,Core,camps_stacked,93,70.82976184850955,893.2402943483364,469.6822822127986,55.80797788922919,NA
10150413,Iron Wing,Core,courier_kills,93,70.82976184850955,250.18119946751096,363.450745546186,43.18547226372828,NA
10150413,Iron Wing,Core,creep_score,93,70.82976184850955,1418.451014312066,547.01747699163775,64.9969999233226,NA
10150413,Iron Wing,Core,deaths,93,70.82976184850955,1064.932554932222,498.9938735621758,59.290801712638874,NA
10150413,Iron Wing,Core,first_blood,93,70.82976184850955,206.7023214940274,399.25661434043593,47.43995068382077,NA
10150413,Iron Wing,Core,gpm,93,70.82976184850955,1363.592957894717,174.49444853654802,20.73355264721023,NA
10150413,Iron Wing,Core,kills,93,70.82976184850955,721.4744416545625,367.1833876520195,43.628987414287835,NA
10150413,Iron Wing,Core,lotuses_grabbed,93,70.82976184850955,356.8824474118117,228.4982046442863,27.150316789551255,NA
10150413,Iron Wing,Core,neutral_tokens_found,93,70.82976184850955,830.773474460597,402.93350638669347,47.87684157323621,NA
10150413,Iron Wing,Core,roshan_kills,93,70.82976184850955,478.13063769695833,492.2448975906438,58.488883658545554,NA
10150413,Iron Wing,Core,runes_grabbed,93,70.82976184850955,446.1273040753429,258.84490905629957,30.75613347238984,NA
10150413,Iron Wing,Core,smokes_used,93,70.82976184850955,97.30252948336206,229.22256620412858,27.23638593766779,NA
10150413,Iron Wing,Core,stuns,93,70.82976184850955,229.67063779970877,160.3400848689819,19.05172123795612,NA
10150413,Iron Wing,Core,teamfight_participation,93,70.82976184850955,1237.9186289583101,252.66785186270238,30.022171208246803,NA
10150413,Iron Wing,Core,the Clutch,93,70.82976184850955,0.4000465190984779,0.49340284232244563,0.05862647146297559,0.05821114553871053
10150413,Iron Wing,Core,the Cruel,0,NA,NA,NA,NA,NA
10150413,Iron Wing,Core,the Decisive,93,70.82976184850955,0.020717099636553653,0.14345185656763698,0.017045050117237337,0.016924298330247108
10150413,Iron Wing,Core,the Flayed Twins Acolyte,93,70.82976184850955,0.15115760620023497,0.3607581439382905,0.04286553545391297,0.04256186430183356
10150413,Iron Wing,Core,the Lucky,93,70.82976184850955,0.08970272764929332,0.287794212171032,0.0341959099538957,0.033953656794985125
10150413,Iron Wing,Core,the Patient,93,70.82976184850955,0,0,0,0
10150413,Iron Wing,Core,the Tormented,93,70.82976184850955,0.049008667006615075,0.21742642992127348,0.025834760758726833,0.02565174026265176
10150413,Iron Wing,Core,the Underdog,93,70.82976184850955,0.4926404873397969,0.5035128571389471,0.05982775050778202,0.05940391439490873
10150413,Iron Wing,Core,tormentor_kills,93,70.82976184850955,599.1065731300447,654.768066627,77.80000048700418,NA
10150413,Iron Wing,Core,tower_kills,93,70.82976184850955,684.8513934674479,446.8631030732693,53.096587033969655,NA
10150413,Iron Wing,Core,wards_placed,93,70.82976184850955,20.959335582963835,33.22300636532258,3.947580896418834,NA
10150413,Iron Wing,Core,watchers_taken,93,70.82976184850955,132.2308536278781,112.71468368860648,13.392837697537919,NA
10150413,Iron Wing,Mid,Cerulean,102,77.68397641831977,0.2742489747329964,0.4490345382044989,0.05094646120812417,0.0506174906687022
10150413,Iron Wing,Mid,Crimson,102,77.68397641831977,0.3067654541138408,0.46414826896371114,0.052661231526044724,0.05232118840369757
10150413,Iron Wing,Mid,Elemental,102,77.68397641831977,0.30176886461868807,0.46200878246419474,0.052418490140518435,0.05208001444332002
10150413,Iron Wing,Mid,Emerald,102,77.68397641831977,0.15101085552236534,0.3603865414533873,0.04088865642162105,0.04062463095173982
10150413,Iron Wing,Mid,Golden,102,77.68397641831977,0.12385133351819327,0.33155276726847394,0.037617240454668195,0.03737433911097359
10150413,Iron Wing,Mid,Heroic,102,77.68397641831977,0.14389808866910844,0.3532674776409094,0.04008094325592378,0.03982213333643638
10150413,Iron Wing,Mid,Otherworldly,102,77.68397641831977,0.4403887564666949,0.49966017811770874,0.05669033385161377,0.05632427408485212
10150413,Iron Wing,Mid,Royal,102,77.68397641831977,0.03601024855310579,0.1875265135016337,0.021276341645806243,0.021138956449225973
10150413,Iron Wing,Mid,camps_stacked,102,77.68397641831977,626.9358947227712,533.4913937368556,60.528748422253315,NA
10150413,Iron Wing,Mid,courier_kills,102,77.68397641831977,229.07245853909578,396.03235717179723,44.93295148852493,NA
10150413,Iron Wing,Mid,creep_score,102,77.68397641831977,1232.9096477232954,610.1146320521125,69.22225082872362,NA
10150413,Iron Wing,Mid,deaths,102,77.68397641831977,1018.760522630526,599.0852154311159,67.97087771992739,NA
10150413,Iron Wing,Mid,first_blood,102,77.68397641831977,70.10295580314907,363.82499841003573,41.27877610964807,NA
10150413,Iron Wing,Mid,gpm,102,77.68397641831977,1274.1901892612532,254.47913550035676,28.872637407551657,NA
10150413,Iron Wing,Mid,kills,102,77.68397641831977,809.9780429869005,500.71385650014764,56.809881860217764,NA
10150413,Iron Wing,Mid,lotuses_grabbed,102,77.68397641831977,367.3876929552589,358.3976467114278,40.66300084237887,NA
10150413,Iron Wing,Mid,neutral_tokens_found,102,77.68397641831977,394.79199903585925,216.96127249067993,24.615944013593335,NA
10150413,Iron Wing,Mid,roshan_kills,102,77.68397641831977,306.4324913650661,518.3597721395519,58.81194824958605,NA
10150413,Iron Wing,Mid,runes_grabbed,102,77.68397641831977,1481.4312735134001,691.8061911240078,78.49079364934755,NA
10150413,Iron Wing,Mid,smokes_used,102,77.68397641831977,19.288683296273664,73.13261108850631,8.297463595489832,NA
10150413,Iron Wing,Mid,stuns,102,77.68397641831977,462.2159484949261,407.77199381324954,46.264904583141536,NA
10150413,Iron Wing,Mid,teamfight_participation,102,77.68397641831977,1450.786279585715,292.9045680495105,33.232301625361345,NA
10150413,Iron Wing,Mid,the Clutch,102,77.68397641831977,0.39920834677769507,0.4929185509862959,0.055925443813302854,0.05556432308023529
10150413,Iron Wing,Mid,the Cruel,0,NA,NA,NA,NA,NA
10150413,Iron Wing,Mid,the Decisive,102,77.68397641831977,0.019196138298977105,0.13810564484566534,0.015669159672854243,0.015567981067164435
10150413,Iron Wing,Mid,the Flayed Twins Acolyte,102,77.68397641831977,0.1465578288948692,0.3559630933549308,0.04038678182672846,0.04012599705212398
10150413,Iron Wing,Mid,the Lucky,102,77.68397641831977,0.08715073712801791,0.2838889433673525,0.03220940887645795,0.03200142688200174
10150413,Iron Wing,Mid,the Patient,102,77.68397641831977,0,0,0,0
10150413,Iron Wing,Mid,the Tormented,102,77.68397641831977,0.05082689098004398,0.22107157069770556,0.025082289317443184,0.024920328426519093
10150413,Iron Wing,Mid,the Underdog,102,77.68397641831977,0.5030161308183754,0.5032404175132335,0.05709653986019663,0.05672785714757002
10150413,Iron Wing,Mid,tormentor_kills,102,77.68397641831977,440.0816042428169,612.1921059966752,69.4579564075211,NA
10150413,Iron Wing,Mid,tower_kills,102,77.68397641831977,384.257650773294,521.2672697887416,59.141826474075096,NA
10150413,Iron Wing,Mid,wards_placed,102,77.68397641831977,191.0234236084701,112.64660393122705,12.780633446052564,NA
10150413,Iron Wing,Mid,watchers_taken,102,77.68397641831977,232.44238000161317,208.58794370905224,23.665924730751918,NA
10150413,Iron Wing,Support,Cerulean,102,77.68397641831977,0.1272714825291716,0.22387939240474164,0.025400858530958102,0.03781284994814258
10150413,Iron Wing,Support,Crimson,102,77.68397641831977,0.18670215164669024,0.2606175409940847,0.029569087258862477,0.04421134724545499
10150413,Iron Wing,Support,Elemental,102,77.68397641831977,0.29510655517037065,0.29942615867772543,0.03397222681081402,0.051747031386814066
10150413,Iron Wing,Support,Emerald,102,77.68397641831977,0.3183151489238509,0.2697894813627836,0.030609715238317233,0.05285118769007736
10150413,Iron Wing,Support,Golden,102,77.68397641831977,0.31487866840625095,0.3181114293151908,0.036092216109413135,0.05269745492694313
10150413,Iron Wing,Support,Heroic,102,77.68397641831977,0.20253500423130782,0.2569357023474116,0.02915135402493944,0.04559740606778695
10150413,Iron Wing,Support,Otherworldly,102,77.68397641831977,0.15366760559741469,0.25152213771350224,0.028537143007404012,0.040916259132496656
10150413,Iron Wing,Support,Royal,102,77.68397641831977,0.20531310980751083,0.28180271483388586,0.031972710021451085,0.04582902744346811
10150413,Iron Wing,Support,camps_stacked,102,77.68397641831977,949.6517631805416,453.08014337902716,51.405466584217585,NA
10150413,Iron Wing,Support,courier_kills,102,77.68397641831977,219.6074081863823,240.830247888975,27.324064939144726,NA
10150413,Iron Wing,Support,creep_score,102,77.68397641831977,221.82525584890266,128.78862264479747,14.612071031010009,NA
10150413,Iron Wing,Support,deaths,102,77.68397641831977,610.1169759731948,639.3052362621432,72.53415193765514,NA
10150413,Iron Wing,Support,first_blood,102,77.68397641831977,295.88769780729297,448.51241166518435,50.8872218908385,NA
10150413,Iron Wing,Support,gpm,102,77.68397641831977,713.9795365156691,98.03243906422573,11.122542764514083,NA
10150413,Iron Wing,Support,kills,102,77.68397641831977,398.6761037485161,210.70967795237797,23.90665198472612,NA
10150413,Iron Wing,Support,lotuses_grabbed,102,77.68397641831977,606.7043909497783,354.80720631534933,40.25563745093394,NA
10150413,Iron Wing,Support,neutral_tokens_found,102,77.68397641831977,45.33831044286006,38.925913635635105,4.416447690100659,NA
10150413,Iron Wing,Support,roshan_kills,102,77.68397641831977,23.856845948521368,116.55834908332844,13.224451361361432,NA
10150413,Iron Wing,Support,runes_grabbed,102,77.68397641831977,390.0935990274965,226.0499090858313,25.647120531954474,NA
10150413,Iron Wing,Support,smokes_used,102,77.68397641831977,826.131832765534,373.91851674499304,42.42396427793815,NA
10150413,Iron Wing,Support,stuns,102,77.68397641831977,513.1059793756006,360.28211185062906,40.87680807087464,NA
10150413,Iron Wing,Support,teamfight_participation,102,77.68397641831977,1377.179616630322,206.12754061370745,23.386772861155094,NA
10150413,Iron Wing,Support,the Clutch,102,77.68397641831977,0.39920834677769507,0.4929185509862959,0.055925443813302854,0.05556432308023529
10150413,Iron Wing,Support,the Cruel,0,NA,NA,NA,NA,NA
10150413,Iron Wing,Support,the Decisive,102,77.68397641831977,0.019196138298977105,0.13810564484566534,0.015669159672854243,0.015567981067164435
10150413,Iron Wing,Support,the Flayed Twins Acolyte,102,77.68397641831977,0.1465578288948692,0.3559630933549308,0.04038678182672846,0.04012599705212398
10150413,Iron Wing,Support,the Lucky,102,77.68397641831977,0.08715073712801791,0.2838889433673525,0.03220940887645795,0.03200142688200174
10150413,Iron Wing,Support,the Patient,102,77.68397641831977,0,0,0,0
10150413,Iron Wing,Support,the Tormented,102,77.68397641831977,0.05082689098004398,0.22107157069770556,0.025082289317443184,0.024920328426519093
10150413,Iron Wing,Support,the Underdog,102,77.68397641831977,0.5030161308183754,0.5032404175132335,0.05709653986019663,0.05672785714757002
10150413,Iron Wing,Support,tormentor_kills,102,77.68397641831977,403.2173223653374,636.7482765343351,72.24404496703235,NA
10150413,Iron Wing,Support,tower_kills,102,77.68397641831977,42.32074771868871,88.73849447419713,10.06807245713049,NA
10150413,Iron Wing,Support,wards_placed,102,77.68397641831977,1070.2331078408063,333.50272696396746,37.838478550029635,NA
10150413,Iron Wing,Support,watchers_taken,102,77.68397641831977,991.9458765716838,393.1185039483327,44.6023521746971,NA
10150538,LGD Gaming,Core,Cerulean,105,79.96871966909322,0.1295564856844979,0.22388622116868312,0.025036135582769112,0.037552582153635244
10150538,LGD Gaming,Core,Crimson,105,79.96871966909322,0.30945243252945775,0.28637810140053405,0.032024306530225505,0.051693231123984024
10150538,LGD Gaming,Core,Elemental,105,79.96871966909322,0.22242765913944185,0.3027335394968158,0.033853257698174266,0.04650554370350385
10150538,LGD Gaming,Core,Emerald,105,79.96871966909322,0.14686163846248318,0.26005201099846537,0.02908038454507646,0.039582557233439564
10150538,LGD Gaming,Core,Golden,105,79.96871966909322,0.2808992051428257,0.3403278052333936,0.03805724635456626,0.050258563126779836
10150538,LGD Gaming,Core,Heroic,105,79.96871966909322,0.17129813902877467,0.270018610423372,0.030194902147806065,0.04213232329982368
10150538,LGD Gaming,Core,Otherworldly,105,79.96871966909322,0.184512028229844,0.26087404110966955,0.029172308278523733,0.043377153553689575
10150538,LGD Gaming,Core,Royal,105,79.96871966909322,0.2566782500854257,0.2837998553496022,0.03173599348728824,0.04884531152631969
10150538,LGD Gaming,Core,camps_stacked,105,79.96871966909322,963.155698599493,458.36818765612026,51.25714317336468,NA
10150538,LGD Gaming,Core,courier_kills,105,79.96871966909322,261.9055052978061,323.89956381728217,36.22015393622426,NA
10150538,LGD Gaming,Core,creep_score,105,79.96871966909322,1422.3758567219684,584.951393417323,65.41234345945682,NA
10150538,LGD Gaming,Core,deaths,105,79.96871966909322,1211.177645663711,432.85191419386854,48.40377918055946,NA
10150538,LGD Gaming,Core,first_blood,105,79.96871966909322,269.79700978606047,436.44619294495425,48.80571034749201,NA
10150538,LGD Gaming,Core,gpm,105,79.96871966909322,1370.944577573517,238.65031181882424,26.687133903897283,NA
10150538,LGD Gaming,Core,kills,105,79.96871966909322,774.7878469341052,406.83231468197795,45.494130619837016,NA
10150538,LGD Gaming,Core,lotuses_grabbed,105,79.96871966909322,425.6310271399865,264.6880712467633,29.598813202009406,NA
10150538,LGD Gaming,Core,neutral_tokens_found,105,79.96871966909322,753.3660291157247,362.7257188640642,40.56189893881855,NA
10150538,LGD Gaming,Core,roshan_kills,105,79.96871966909322,550.9567485912387,574.4101400815299,64.23356503196086,NA
10150538,LGD Gaming,Core,runes_grabbed,105,79.96871966909322,476.02189226023137,298.1100575581023,33.336235614019735,NA
10150538,LGD Gaming,Core,smokes_used,105,79.96871966909322,60.426501227690444,112.50329600012675,12.5807106728798,NA
10150538,LGD Gaming,Core,stuns,105,79.96871966909322,286.50105777054415,211.5872089420027,23.6607953048638,NA
10150538,LGD Gaming,Core,teamfight_participation,105,79.96871966909322,1358.356992202635,243.7668626025543,27.259293541363657,NA
10150538,LGD Gaming,Core,the Clutch,105,79.96871966909322,0.2833285654974092,0.45345871358609746,0.05070813994388692,0.050390092687041414
10150538,LGD Gaming,Core,the Cruel,0,NA,NA,NA,NA,NA
10150538,LGD Gaming,Core,the Decisive,105,79.96871966909322,0.05574635242780124,0.23087934764196455,0.025818143790414076,0.025656209437892555
10150538,LGD Gaming,Core,the Flayed Twins Acolyte,105,79.96871966909322,0.07975145032711244,0.27261791295907795,0.030485569837692794,0.030294360854855335
10150538,LGD Gaming,Core,the Lucky,105,79.96871966909322,0.10845956687462797,0.312922634523356,0.03499265593009128,0.034773177987484444
10150538,LGD Gaming,Core,the Patient,105,79.96871966909322,0,0,0,0
10150538,LGD Gaming,Core,the Tormented,105,79.96871966909322,0.048576498352388475,0.2163378768483381,0.024192039993308077,0.024040304749895824
10150538,LGD Gaming,Core,the Underdog,105,79.96871966909322,0.4466619473864305,0.5002847552708563,0.05594447437440436,0.0555935842287565
10150538,LGD Gaming,Core,tormentor_kills,105,79.96871966909322,690.5540644287453,676.2079304760481,75.61712972406066,NA
10150538,LGD Gaming,Core,tower_kills,105,79.96871966909322,628.6948025996755,463.17518100187186,51.79468646888992,NA
10150538,LGD Gaming,Core,wards_placed,105,79.96871966909322,27.21827677368652,34.87519105438812,3.8999274147147514,NA
10150538,LGD Gaming,Core,watchers_taken,105,79.96871966909322,313.55882765084993,163.30384474686073,18.261495401226487,NA
10150538,LGD Gaming,Mid,Cerulean,123,93.67721935044655,0.3579818678461923,0.48198626200682443,0.049798660863196814,0.04953214849803048
10150538,LGD Gaming,Mid,Crimson,123,93.67721935044655,0.22831583642407655,0.42200569314853764,0.04360148836595838,0.04336814201511761
10150538,LGD Gaming,Mid,Elemental,123,93.67721935044655,0.16236434964840646,0.3707689978796323,0.03830772999030773,0.038102714764056626
10150538,LGD Gaming,Mid,Emerald,123,93.67721935044655,0.2409958085035381,0.42998898432348726,0.0444263193645395,0.04418855868495004
10150538,LGD Gaming,Mid,Golden,123,93.67721935044655,0.15964139830362759,0.36824391952185725,0.03804683973117819,0.03784322073684988
10150538,LGD Gaming,Mid,Heroic,123,93.67721935044655,0.04876356077539282,0.21653217720961562,0.02237203279183631,0.02225230219527849
10150538,LGD Gaming,Mid,Otherworldly,123,93.67721935044655,0.3191775804519689,0.4686661761897518,0.048422434010773195,0.04816328693348985
10150538,LGD Gaming,Mid,Royal,123,93.67721935044655,0.044912399041505215,0.20822613044933153,0.021513854793137693,0.021398716991731435
10150538,LGD Gaming,Mid,camps_stacked,123,93.67721935044655,496.0900194452221,428.30818681423216,44.25265992288945,NA
10150538,LGD Gaming,Mid,courier_kills,123,93.67721935044655,195.02234403627259,355.1516179911146,36.694147475731846,NA
10150538,LGD Gaming,Mid,creep_score,123,93.67721935044655,1274.5913127594506,633.743125567613,65.47812971498566,NA
10150538,LGD Gaming,Mid,deaths,123,93.67721935044655,1179.4295705787595,552.9823077272149,57.133948779365014,NA
10150538,LGD Gaming,Mid,first_blood,123,93.67721935044655,113.99524556228462,457.94163301654845,47.31437776416693,NA
10150538,LGD Gaming,Mid,gpm,123,93.67721935044655,1259.0261574307908,267.74024409543716,27.66283329243402,NA
10150538,LGD Gaming,Mid,kills,123,93.67721935044655,650.6466830575803,449.2818600328208,46.41965288928487,NA
10150538,LGD Gaming,Mid,lotuses_grabbed,123,93.67721935044655,102.25468655174743,179.69837415810346,18.566376467054862,NA
10150538,LGD Gaming,Mid,neutral_tokens_found,123,93.67721935044655,553.3454788790799,694.4315835895983,71.7484410860272,NA
10150538,LGD Gaming,Mid,roshan_kills,123,93.67721935044655,309.854786275155,693.6126083150126,71.66382483206048,NA
10150538,LGD Gaming,Mid,runes_grabbed,123,93.67721935044655,1227.1737993177924,681.6291292548195,70.42569574681423,NA
10150538,LGD Gaming,Mid,smokes_used,123,93.67721935044655,1.1473268760512438,18.3973774752598,1.9008109439635994,NA
10150538,LGD Gaming,Mid,stuns,123,93.67721935044655,243.95072250474684,332.8536051894026,34.39032418248629,NA
10150538,LGD Gaming,Mid,teamfight_participation,123,93.67721935044655,1397.7087793777173,317.10421826219346,32.76310274441914,NA
10150538,LGD Gaming,Mid,the Clutch,123,93.67721935044655,0.2561679363316192,0.43886437720398114,0.04534332201570031,0.04510065372331186
10150538,LGD Gaming,Mid,the Cruel,0,NA,NA,NA,NA,NA
10150538,LGD Gaming,Mid,the Decisive,123,93.67721935044655,0.0818131669419268,0.27555457786344684,0.028470207667721566,0.028317840872093356
10150538,LGD Gaming,Mid,the Flayed Twins Acolyte,123,93.67721935044655,0.09258547774095292,0.2914102320112407,0.03010840859980321,0.029947274483980865
10150538,LGD Gaming,Mid,the Lucky,123,93.67721935044655,0.117685378611175,0.32396902627978047,0.033472372433840145,0.03329323506366914
10150538,LGD Gaming,Mid,the Patient,123,93.67721935044655,0,0,0,0
10150538,LGD Gaming,Mid,the Tormented,123,93.67721935044655,0.04369282818361657,0.20551062635565198,0.021233289810080446,0.02111965353574181
10150538,LGD Gaming,Mid,the Underdog,123,93.67721935044655,0.45267575232648544,0.5004335966878819,0.05170463336910791,0.05142792062441957
10150538,LGD Gaming,Mid,tormentor_kills,123,93.67721935044655,546.4166630667357,601.1773121561439,62.11344066542736,NA
10150538,LGD Gaming,Mid,tower_kills,123,93.67721935044655,541.1250363747197,665.794341337018,68.78965070670044,NA
10150538,LGD Gaming,Mid,wards_placed,123,93.67721935044655,150.4794865196094,87.55301801927848,9.045948807208275,NA
10150538,LGD Gaming,Mid,watchers_taken,123,93.67721935044655,190.59059537305066,186.51597999359132,19.2707692426639,NA
10150538,LGD Gaming,Support,Cerulean,119,90.63088098620733,0.14358877604624556,0.2744504769479048,0.02882875511347694,0.036835224508951984
10150538,LGD Gaming,Support,Crimson,119,90.63088098620733,0.22177512254496504,0.27019265806298975,0.02838150641740689,0.043638605905716076
10150538,LGD Gaming,Support,Elemental,119,90.63088098620733,0.14805471553046531,0.25472020843000365,0.026756253415716424,0.037306016072886965
10150538,LGD Gaming,Support,Emerald,119,90.63088098620733,0.34054609341119946,0.28926849948297756,0.030385265955360743,0.04977853066261249
10150538,LGD Gaming,Support,Golden,119,90.63088098620733,0.20055780037625995,0.2761785461339088,0.029010274504284596,0.042060575702840435
10150538,LGD Gaming,Support,Heroic,119,90.63088098620733,0.36724524533222147,0.34936649323041413,0.03669806367327101,0.05063580266480938
10150538,LGD Gaming,Support,Otherworldly,119,90.63088098620733,0.12614084190978495,0.23820583578151144,0.025021555009539294,0.03487470019744101
10150538,LGD Gaming,Support,Royal,119,90.63088098620733,0.10730992159857969,0.2064211395944876,0.021682835277943034,0.032511139527445984
10150538,LGD Gaming,Support,camps_stacked,119,90.63088098620733,1050.9760273779882,545.4409716418763,57.294067677300184,NA
10150538,LGD Gaming,Support,courier_kills,119,90.63088098620733,642.0257833229196,526.7441039904298,55.33011620267786,NA
10150538,LGD Gaming,Support,creep_score,119,90.63088098620733,216.61619636731456,132.39818324199183,13.907335285400631,NA
10150538,LGD Gaming,Support,deaths,119,90.63088098620733,513.195964499611,652.3105898818599,68.51983812438912,NA
10150538,LGD Gaming,Support,first_blood,119,90.63088098620733,161.9175234455431,363.0583097951292,38.13627588260064,NA
10150538,LGD Gaming,Support,gpm,119,90.63088098620733,686.1774152967196,113.14767604078494,11.885228550205706,NA
10150538,LGD Gaming,Support,kills,119,90.63088098620733,262.7511076680276,190.42481709218515,20.002553759530468,NA
10150538,LGD Gaming,Support,lotuses_grabbed,119,90.63088098620733,868.9224729137254,533.9209519179858,56.08398478287146,NA
10150538,LGD Gaming,Support,neutral_tokens_found,119,90.63088098620733,78.38162186408262,94.3140948250989,9.906916445177545,NA
10150538,LGD Gaming,Support,roshan_kills,119,90.63088098620733,47.60976011805798,168.31273619449695,17.679862349634156,NA
10150538,LGD Gaming,Support,runes_grabbed,119,90.63088098620733,725.9925670055719,329.12100679118487,34.57144258956801,NA
10150538,LGD Gaming,Support,smokes_used,119,90.63088098620733,943.0330530173121,354.27706321796074,37.213878479690315,NA
10150538,LGD Gaming,Support,stuns,119,90.63088098620733,436.51434150748236,233.21106757675528,24.496895876041673,NA
10150538,LGD Gaming,Support,teamfight_participation,119,90.63088098620733,1367.5326105714073,271.61882895298123,28.53131388648022,NA
10150538,LGD Gaming,Support,the Clutch,119,90.63088098620733,0.2676081064811708,0.44517489518420617,0.046761944736460836,0.04650324896470634
10150538,LGD Gaming,Support,the Cruel,0,NA,NA,NA,NA,NA
10150538,LGD Gaming,Support,the Decisive,119,90.63088098620733,0.062411649601615715,0.24324739629342126,0.025551129288308765,0.025409775690897658
10150538,LGD Gaming,Support,the Flayed Twins Acolyte,119,90.63088098620733,0.07279244080549294,0.26124073142107546,0.02744118048384131,0.02728937077183875
10150538,LGD Gaming,Support,the Lucky,119,90.63088098620733,0.11115929344170357,0.31607789545146814,0.03320137150456901,0.033017695344967686
10150538,LGD Gaming,Support,the Patient,119,90.63088098620733,0,0,0,0
10150538,LGD Gaming,Support,the Tormented,119,90.63088098620733,0.04544008396203143,0.20942591788035728,0.021998462411613757,0.02187676282783773
10150538,LGD Gaming,Support,the Underdog,119,90.63088098620733,0.47186056496921286,0.5019846164315912,0.05272933659570918,0.05243762810279669
10150538,LGD Gaming,Support,tormentor_kills,119,90.63088098620733,466.65972473162543,545.3086201246282,57.28016524389189,NA
10150538,LGD Gaming,Support,tower_kills,119,90.63088098620733,48.19983607918747,101.52795952633141,10.66467333161598,NA
10150538,LGD Gaming,Support,wards_placed,119,90.63088098620733,1077.5418673546912,394.02330797460826,41.38889311078971,NA
10150538,LGD Gaming,Support,watchers_taken,119,90.63088098620733,1125.6820388061205,507.3575714319762,53.29372112753578,NA
10136357,Nigma Galaxy,Core,Cerulean,29,22.09105980183013,0.009698680265461005,0.07057435640880659,0.015015460321894877,0.020851232188217023
10136357,Nigma Galaxy,Core,Crimson,29,22.09105980183013,0.23460222860117888,0.25537229334638073,0.05433322715466362,0.09015740184134308
10136357,Nigma Galaxy,Core,Elemental,29,22.09105980183013,0.11607036206325194,0.21604566839604578,0.0459660608554027,0.06814927529657543
10136357,Nigma Galaxy,Core,Emerald,29,22.09105980183013,0.26334989625174193,0.3032567630215381,0.06452116780377712,0.09371064504888434
10136357,Nigma Galaxy,Core,Golden,29,22.09105980183013,0.23733181330903555,0.28220290052620556,0.0600417300446841,0.09051853542723243
10136357,Nigma Galaxy,Core,Heroic,29,22.09105980183013,0.133310280175396,0.22627692175904357,0.04814287105577424,0.07231949212012445
10136357,Nigma Galaxy,Core,Otherworldly,29,22.09105980183013,0.3207810528720243,0.3327961845947593,0.0708060003567677,0.09931182773417879
10136357,Nigma Galaxy,Core,Royal,29,22.09105980183013,0.17844146538880626,0.2614559049234459,0.055627581547640324,0.08146271321112457
10136357,Nigma Galaxy,Core,camps_stacked,29,22.09105980183013,679.291378425785,354.2482830025632,75.37016712858923,NA
10136357,Nigma Galaxy,Core,courier_kills,29,22.09105980183013,146.9202196823432,295.8939371573072,62.954646686942894,NA
10136357,Nigma Galaxy,Core,creep_score,29,22.09105980183013,1314.7463731911832,440.037851911846,93.6228290519654,NA
10136357,Nigma Galaxy,Core,deaths,29,22.09105980183013,1002.0509956205735,547.0937334242005,116.40012980073493,NA
10136357,Nigma Galaxy,Core,first_blood,29,22.09105980183013,116.85257304579238,322.57101175046904,68.63048385274759,NA
10136357,Nigma Galaxy,Core,gpm,29,22.09105980183013,1262.8112595761695,231.01764346753845,49.151511053831214,NA
10136357,Nigma Galaxy,Core,kills,29,22.09105980183013,589.4704393870283,326.4899904219425,69.46428910069058,NA
10136357,Nigma Galaxy,Core,lotuses_grabbed,29,22.09105980183013,401.9622691295216,231.72767448366972,49.30257785900725,NA
10136357,Nigma Galaxy,Core,neutral_tokens_found,29,22.09105980183013,689.9522221413819,170.7132517464796,36.3210971868112,NA
10136357,Nigma Galaxy,Core,roshan_kills,29,22.09105980183013,251.44383504246895,454.8477492430201,96.77379545199099,NA
10136357,Nigma Galaxy,Core,runes_grabbed,29,22.09105980183013,430.84957542443044,237.5084999851309,50.53251122803698,NA
10136357,Nigma Galaxy,Core,smokes_used,29,22.09105980183013,26.595882883639046,57.794076416467576,12.296317039651257,NA
10136357,Nigma Galaxy,Core,stuns,29,22.09105980183013,333.62679308425777,276.15576767172826,58.75513689586864,NA
10136357,Nigma Galaxy,Core,teamfight_participation,29,22.09105980183013,1300.5940261557387,186.21576599302492,39.619425353067975,NA
10136357,Nigma Galaxy,Core,the Clutch,29,22.09105980183013,0.3740726897084582,0.4952209692214643,0.10536363620295554,0.10295126232298717
10136357,Nigma Galaxy,Core,the Cruel,0,NA,NA,NA,NA,NA
10136357,Nigma Galaxy,Core,the Decisive,29,22.09105980183013,0,0,0,0
10136357,Nigma Galaxy,Core,the Flayed Twins Acolyte,29,22.09105980183013,0.27930291739394203,0.459169668635379,0.09769333071171736,0.09545657382149295
10136357,Nigma Galaxy,Core,the Lucky,29,22.09105980183013,0.05095980590694081,0.22506878155706053,0.04788582611495919,0.046789446753887035
10136357,Nigma Galaxy,Core,the Patient,29,22.09105980183013,0,0,0,0
10136357,Nigma Galaxy,Core,the Tormented,29,22.09105980183013,0.09459183533176616,0.29950777674730533,0.06372353028340086,0.06226453564791828
10136357,Nigma Galaxy,Core,the Underdog,29,22.09105980183013,0.5819984513630998,0.5047878975604706,0.10739910404405986,0.10494012670932898
10136357,Nigma Galaxy,Core,tormentor_kills,29,22.09105980183013,308.51716567658065,386.8780482582045,82.31250384181057,NA
10136357,Nigma Galaxy,Core,tower_kills,29,22.09105980183013,468.08550501388396,444.8008124598842,94.63620060450984,NA
10136357,Nigma Galaxy,Core,wards_placed,29,22.09105980183013,21.128283326753785,37.29821773754348,7.9356006489291095,NA
10136357,Nigma Galaxy,Core,watchers_taken,29,22.09105980183013,185.45449373208902,100.9239471214065,21.472665152655857,NA
10136357,Nigma Galaxy,Mid,Cerulean,55,41.89022416789482,0.30190791275389456,0.4646652575297094,0.07179329066611898,0.07093119282967585
10136357,Nigma Galaxy,Mid,Crimson,55,41.89022416789482,0.4326555198814721,0.5014655902917161,0.0774791407351307,0.07654876689410059
10136357,Nigma Galaxy,Mid,Elemental,55,41.89022416789482,0.33191731601706315,0.4766248254141198,0.07364110846496046,0.07275682192938204
10136357,Nigma Galaxy,Mid,Emerald,55,41.89022416789482,0.25188857410419285,0.4393736159790592,0.06788559551601832,0.06707042150077246
10136357,Nigma Galaxy,Mid,Golden,55,41.89022416789482,0,0,0,0
10136357,Nigma Galaxy,Mid,Heroic,55,41.89022416789482,0.11529548434497823,0.32325992476128634,0.04994540341250052,0.049345656224111564
10136357,Nigma Galaxy,Mid,Otherworldly,55,41.89022416789482,0.4818852721873676,0.5057447601602797,0.07814029557983919,0.07720198255457766
10136357,Nigma Galaxy,Mid,Royal,55,41.89022416789482,0.013547993260440514,0.11700975305009474,0.018078638493774515,0.01786154919494571
10136357,Nigma Galaxy,Mid,camps_stacked,55,41.89022416789482,478.85989856790155,445.3138950137319,68.80340069396803,NA
10136357,Nigma Galaxy,Mid,courier_kills,55,41.89022416789482,411.04520933956684,591.340157668489,91.36524655994548,NA
10136357,Nigma Galaxy,Mid,creep_score,55,41.89022416789482,1377.106421816034,517.7017325663126,79.9877123632603,NA
10136357,Nigma Galaxy,Mid,deaths,55,41.89022416789482,1265.1435222767157,442.53140492845245,68.37349095522393,NA
10136357,Nigma Galaxy,Mid,first_blood,55,41.89022416789482,129.49229336976083,489.26925743695756,75.59474147025466,NA
10136357,Nigma Galaxy,Mid,gpm,55,41.89022416789482,1329.3793932565275,263.2533305482108,40.67406067617008,NA
10136357,Nigma Galaxy,Mid,kills,55,41.89022416789482,890.242524869498,490.0581451072365,75.71662887392317,NA
10136357,Nigma Galaxy,Mid,lotuses_grabbed,55,41.89022416789482,445.7125976630298,561.4971845689051,86.75434611632319,NA
10136357,Nigma Galaxy,Mid,neutral_tokens_found,55,41.89022416789482,587.218018394643,291.26207971122216,45.001563619998244,NA
10136357,Nigma Galaxy,Mid,roshan_kills,55,41.89022416789482,322.5985735488508,667.4094907418613,103.11836916082177,NA
10136357,Nigma Galaxy,Mid,runes_grabbed,55,41.89022416789482,1403.5608186976506,714.5524375444065,110.40220893108071,NA
10136357,Nigma Galaxy,Mid,smokes_used,55,41.89022416789482,8.951494891693223,51.03764591582846,7.885591807808564,NA
10136357,Nigma Galaxy,Mid,stuns,55,41.89022416789482,314.5136913292668,358.840781577788,55.44283786489949,NA
10136357,Nigma Galaxy,Mid,teamfight_participation,55,41.89022416789482,1455.7113172416225,266.42779380646954,41.164532386107446,NA
10136357,Nigma Galaxy,Mid,the Clutch,55,41.89022416789482,0.32181108426404464,0.47284896144164296,0.07305771709816686,0.07218043595864211
10136357,Nigma Galaxy,Mid,the Cruel,0,NA,NA,NA,NA,NA
10136357,Nigma Galaxy,Mid,the Decisive,55,41.89022416789482,0,0,0,0
10136357,Nigma Galaxy,Mid,the Flayed Twins Acolyte,55,41.89022416789482,0.24385723726209585,0.43462661852011636,0.0671521587831474,0.06634579191707536
10136357,Nigma Galaxy,Mid,the Lucky,55,41.89022416789482,0.063585353155145935,0.2469785515902274,0.03815951947188684,0.03770129783486208
10136357,Nigma Galaxy,Mid,the Patient,55,41.89022416789482,0,0,0,0
10136357,Nigma Galaxy,Mid,the Tormented,55,41.89022416789482,0.07454871659790908,0.26585416165408826,0.04107590312195656,0.04058266138748765
10136357,Nigma Galaxy,Mid,the Underdog,55,41.89022416789482,0.5325536710863209,0.5050032401189455,0.0780257267305448,0.07708878945441225
10136357,Nigma Galaxy,Mid,tormentor_kills,55,41.89022416789482,213.6989326947224,446.11315849263104,68.92689121607954,NA
10136357,Nigma Galaxy,Mid,tower_kills,55,41.89022416789482,656.5816816332834,650.6622779214331,100.53083437447617,NA
10136357,Nigma Galaxy,Mid,wards_placed,55,41.89022416789482,199.34470030229878,88.15522711547355,13.620458473020808,NA
10136357,Nigma Galaxy,Mid,watchers_taken,55,41.89022416789482,9.516949918651925,36.611714552192765,5.656707537387806,NA
10136357,Nigma Galaxy,Support,Cerulean,131,99.76990308876164,0.14211818766878043,0.24782497721916483,0.024811058901064567,0.03495737274867396
10136357,Nigma Galaxy,Support,Crimson,131,99.76990308876164,0.25521485866067506,0.31900200283026625,0.03193696442784232,0.04364843777514625
10136357,Nigma Galaxy,Support,Elemental,131,99.76990308876164,0.23871672641727,0.25712385415196737,0.025742018265541705,0.04267905491777854
10136357,Nigma Galaxy,Support,Emerald,131,99.76990308876164,0.28090103932258104,0.2677515320472134,0.026806010867091716,0.04499572236281395
10136357,Nigma Galaxy,Support,Golden,131,99.76990308876164,0.35786341299014757,0.35429231632494856,0.03547006289345528,0.047992412559555254
10136357,Nigma Galaxy,Support,Heroic,131,99.76990308876164,0.20193347991544663,0.2638665091359667,0.026417060837258026,0.0401905487137024
10136357,Nigma Galaxy,Support,Otherworldly,131,99.76990308876164,0.05597665160465963,0.15845057638303053,0.01586331865197881,0.02301415590991273
10136357,Nigma Galaxy,Support,Royal,131,99.76990308876164,0.15592979341522964,0.23279601791144566,0.023306430922118922,0.036320687634712696
10136357,Nigma Galaxy,Support,camps_stacked,131,99.76990308876164,746.8223504261309,481.17355225267863,48.17280921615053,NA
10136357,Nigma Galaxy,Support,courier_kills,131,99.76990308876164,254.00433280445344,291.6267296517737,29.196282181501793,NA
10136357,Nigma Galaxy,Support,creep_score,131,99.76990308876164,262.7578057131571,129.35152517372583,12.950059941656527,NA
10136357,Nigma Galaxy,Support,deaths,131,99.76990308876164,737.8258649949981,637.2219587315072,63.79563403392307,NA
10136357,Nigma Galaxy,Support,first_blood,131,99.76990308876164,250.29368949307752,425.6797840781335,42.61703688734676,NA
10136357,Nigma Galaxy,Support,gpm,131,99.76990308876164,727.3696187490694,113.38032175255177,11.351098960200659,NA
10136357,Nigma Galaxy,Support,kills,131,99.76990308876164,363.12010567509094,171.44760325009227,17.164519211970024,NA
10136357,Nigma Galaxy,Support,lotuses_grabbed,131,99.76990308876164,624.3971263005106,358.5681361724884,35.89813765524102,NA
10136357,Nigma Galaxy,Support,neutral_tokens_found,131,99.76990308876164,84.28257724268086,66.24949737129748,6.632584818081329,NA
10136357,Nigma Galaxy,Support,roshan_kills,131,99.76990308876164,39.322781662170755,147.3584569727579,14.752828373258696,NA
10136357,Nigma Galaxy,Support,runes_grabbed,131,99.76990308876164,391.26326339515504,228.30514434089326,22.856826003653936,NA
10136357,Nigma Galaxy,Support,smokes_used,131,99.76990308876164,895.8081943452951,348.66064235729726,34.90624646102434,NA
10136357,Nigma Galaxy,Support,stuns,131,99.76990308876164,406.2925255739008,269.1907592900803,26.95009945854635,NA
10136357,Nigma Galaxy,Support,teamfight_participation,131,99.76990308876164,1383.2560990794618,219.27276759514646,21.95254737133051,NA
10136357,Nigma Galaxy,Support,the Clutch,131,99.76990308876164,0.1678488569069251,0.37561918183013704,0.03760520730933215,0.0374162730155452
10136357,Nigma Galaxy,Support,the Cruel,0,NA,NA,NA,NA,NA
10136357,Nigma Galaxy,Support,the Decisive,131,99.76990308876164,0.08705131675152475,0.28333375478721845,0.028366028951426578,0.02822351369806303
10136357,Nigma Galaxy,Support,the Flayed Twins Acolyte,131,99.76990308876164,0.24983282380460461,0.4351021592042914,0.04356036030400256,0.04334150641381008
10136357,Nigma Galaxy,Support,the Lucky,131,99.76990308876164,0.07012145330874855,0.256640994611324,0.02569367666318074,0.025564587715067328
10136357,Nigma Galaxy,Support,the Patient,131,99.76990308876164,0,0,0,0
10136357,Nigma Galaxy,Support,the Tormented,131,99.76990308876164,0.03129868507323952,0.17500298325585562,0.017520466960774417,0.01743244146407066
10136357,Nigma Galaxy,Support,the Underdog,131,99.76990308876164,0.38387097967507444,0.4887828219164885,0.04893461313091861,0.048688758175311604
10136357,Nigma Galaxy,Support,tormentor_kills,131,99.76990308876164,383.87069574612786,532.1661017838034,53.27794092695998,NA
10136357,Nigma Galaxy,Support,tower_kills,131,99.76990308876164,63.54122600265576,104.27561761375603,10.439579253029843,NA
10136357,Nigma Galaxy,Support,wards_placed,131,99.76990308876164,972.8130786322694,317.671687432882,31.803779572740716,NA
10136357,Nigma Galaxy,Support,watchers_taken,131,99.76990308876164,965.1248232030888,370.1093486404582,37.053588996528816,NA
2586976,OG,Core,Cerulean,34,25.898319931319616,0.16329189074755332,0.33773658365715575,0.06636549075293889,0.07263291967594215
2586976,OG,Core,Crimson,34,25.898319931319616,0.22702834385381485,0.26987715998837214,0.05303106335622532,0.08231633564452424
2586976,OG,Core,Elemental,34,25.898319931319616,0.1197559062368725,0.2481597436645718,0.04876357484015157,0.06379905337349918
2586976,OG,Core,Emerald,34,25.898319931319616,0.21282895376076139,0.2941879445913361,0.05780815067467376,0.08042926779156075
2586976,OG,Core,Golden,34,25.898319931319616,0.15880035677739932,0.2374000441159325,0.046649285848513945,0.07181902104757759
2586976,OG,Core,Heroic,34,25.898319931319616,0.14638566831604416,0.23204113616046612,0.0455962564357294,0.06946152808625532
2586976,OG,Core,Otherworldly,34,25.898319931319616,0.259279162240044,0.2923251617605505,0.057442112458166154,0.08611430338470429
2586976,OG,Core,Royal,34,25.898319931319616,0.26424454187858437,0.30594973211752463,0.060119350701792154,0.08664309615546957
2586976,OG,Core,camps_stacked,34,25.898319931319616,431.20008122588484,292.24373622040514,57.42611227875693,NA
2586976,OG,Core,courier_kills,34,25.898319931319616,184.6836851925253,226.84438088726887,44.5750901460308,NA
2586976,OG,Core,creep_score,34,25.898319931319616,1502.2262014815492,550.764845741805,108.22570324281521,NA
2586976,OG,Core,deaths,34,25.898319931319616,1265.9203883102582,359.242026690582,70.59132635925125,NA
2586976,OG,Core,first_blood,34,25.898319931319616,85.22963478055621,279.59141843093056,54.93992239026977,NA
2586976,OG,Core,gpm,34,25.898319931319616,1336.9711254277872,169.68592582578316,33.34341106714837,NA
2586976,OG,Core,kills,34,25.898319931319616,737.9788907104967,435.35368666100356,85.54732434816151,NA
2586976,OG,Core,lotuses_grabbed,34,25.898319931319616,319.1330691862605,180.76852631640418,35.521150334877355,NA
2586976,OG,Core,neutral_tokens_found,34,25.898319931319616,813.2352899115708,391.76474266160665,76.9820643203675,NA
2586976,OG,Core,roshan_kills,34,25.898319931319616,463.7982692894606,487.3345009844793,95.76159315777548,NA
2586976,OG,Core,runes_grabbed,34,25.898319931319616,349.91665484262353,211.90546351772525,41.639581733492975,NA
2586976,OG,Core,smokes_used,34,25.898319931319616,18.127666700369364,75.05963592987212,14.74927447978094,NA
2586976,OG,Core,stuns,34,25.898319931319616,305.1309149192232,302.0850194056546,59.35993176954305,NA
2586976,OG,Core,teamfight_participation,34,25.898319931319616,1406.760524335868,225.3832786569253,44.287982467297965,NA
2586976,OG,Core,the Clutch,34,25.898319931319616,0.3692922531405004,0.49220945910612396,0.09671952606702583,0.09483385075305902
2586976,OG,Core,the Cruel,0,NA,NA,NA,NA,NA
2586976,OG,Core,the Decisive,34,25.898319931319616,0,0,0,0
2586976,OG,Core,the Flayed Twins Acolyte,34,25.898319931319616,0.1530825556872091,0.36722662849554694,0.07216030657310696,0.07075344578411914
2586976,OG,Core,the Lucky,34,25.898319931319616,0.01517827417315817,0.12469262892721475,0.02450219464655078,0.024024491896529113
2586976,OG,Core,the Patient,34,25.898319931319616,0,0,0,0
2586976,OG,Core,the Tormented,34,25.898319931319616,0.023790534297204305,0.15542625374580435,0.030541374860953905,0.029945930290743782
2586976,OG,Core,the Underdog,34,25.898319931319616,0.468990105054045,0.5089603156577942,0.10001108188116341,0.09806123332529136
2586976,OG,Core,tormentor_kills,34,25.898319931319616,830.0020935430682,633.1226224290582,124.4090678282724,NA
2586976,OG,Core,tower_kills,34,25.898319931319616,902.752110055446,501.3030271441889,98.50641897334492,NA
2586976,OG,Core,wards_placed,34,25.898319931319616,31.726010111836196,37.902680151020455,7.447904937735794,NA
2586976,OG,Core,watchers_taken,34,25.898319931319616,208.23062391769338,181.70133650286283,35.70444823270447,NA
2586976,OG,Mid,Cerulean,59,44.93642817374751,0.3373747975860605,0.4781643502939802,0.07133093545046927,0.07053278281614561
2586976,OG,Mid,Crimson,59,44.93642817374751,0.25683908905441616,0.44183375337087744,0.06591126026471864,0.0651737507160263
2586976,OG,Mid,Elemental,59,44.93642817374751,0.08698832315681149,0.2850070127023122,0.04251637917695189,0.042040645053633814
2586976,OG,Mid,Emerald,59,44.93642817374751,0.17804153841148046,0.3868766378886569,0.05771294423677528,0.05706716918579278
2586976,OG,Mid,Golden,59,44.93642817374751,0.1804458670896924,0.3889100737968925,0.058016285306480384,0.057367116041299585
2586976,OG,Mid,Heroic,59,44.93642817374751,0.07997922850737281,0.2743306434473282,0.04092371463451073,0.04046580152240069
2586976,OG,Mid,Otherworldly,59,44.93642817374751,0.2658410950622574,0.4467792498832922,0.06664901265525276,0.06590324807653362
2586976,OG,Mid,Royal,59,44.93642817374751,0.05117376477964519,0.222845529993799,0.0332433400893237,0.032871366004048524
2586976,OG,Mid,camps_stacked,59,44.93642817374751,451.3920466476268,566.9317792659097,84.57295933244191,NA
2586976,OG,Mid,courier_kills,59,44.93642817374751,38.668337098434215,162.09033675413193,24.180086493368535,NA
2586976,OG,Mid,creep_score,59,44.93642817374751,1141.3160562994465,405.36309841124523,60.47069169627048,NA
2586976,OG,Mid,deaths,59,44.93642817374751,1167.9588635882324,428.21261661412035,63.87930529743406,NA
2586976,OG,Mid,first_blood,59,44.93642817374751,258.2095109997935,665.2469296264453,99.23927989745046,NA
2586976,OG,Mid,gpm,59,44.93642817374751,1159.3384125613468,171.4384941688821,25.574612899869578,NA
2586976,OG,Mid,kills,59,44.93642817374751,778.1451363914432,464.2983882091514,69.26245827139165,NA
2586976,OG,Mid,lotuses_grabbed,59,44.93642817374751,138.0042148051534,217.4323293004417,32.43581717591346,NA
2586976,OG,Mid,neutral_tokens_found,59,44.93642817374751,399.3094222980825,223.00812447723825,33.267595382709075,NA
2586976,OG,Mid,roshan_kills,59,44.93642817374751,218.10783470955354,461.2880187040866,68.81338156227308,NA
2586976,OG,Mid,runes_grabbed,59,44.93642817374751,1418.2099922649534,637.1188321663393,95.04322575197145,NA
2586976,OG,Mid,smokes_used,59,44.93642817374751,61.04169667405111,148.59162786263408,22.16639489964742,NA
2586976,OG,Mid,stuns,59,44.93642817374751,374.93085479070623,524.1724596144442,78.19426910158414,NA
2586976,OG,Mid,teamfight_participation,59,44.93642817374751,1553.2557466490218,277.19959573775486,41.35169520335297,NA
2586976,OG,Mid,the Clutch,59,44.93642817374751,0.4048843436736427,0.49642435504789756,0.07405490100671819,0.07322626874569685
2586976,OG,Mid,the Cruel,0,NA,NA,NA,NA,NA
2586976,OG,Mid,the Decisive,59,44.93642817374751,0.014554624881185823,0.12111660446150836,0.01806776412652325,0.017865596112843735
2586976,OG,Mid,the Flayed Twins Acolyte,59,44.93642817374751,0.15090286063230773,0.3620047972265215,0.054002647432518786,0.05339838849442249
2586976,OG,Mid,the Lucky,59,44.93642817374751,0.02789297378205053,0.16652956627756313,0.02484231569215972,0.02456434429605816
2586976,OG,Mid,the Patient,59,44.93642817374751,0,0,0,0
2586976,OG,Mid,the Tormented,59,44.93642817374751,0.03395621438195894,0.18316603297636996,0.027324087349722394,0.027018346339024252
2586976,OG,Mid,the Underdog,59,44.93642817374751,0.5145052381613514,0.5054451983314616,0.07540059980164737,0.07455690993579588
2586976,OG,Mid,tormentor_kills,59,44.93642817374751,551.4285440818055,654.4041375502704,97.621788963187,NA
2586976,OG,Mid,tower_kills,59,44.93642817374751,252.59048307033862,374.24228568537023,55.82819444119337,NA
2586976,OG,Mid,wards_placed,59,44.93642817374751,225.505537354843,95.02671978445352,14.175763648727246,NA
2586976,OG,Mid,watchers_taken,59,44.93642817374751,123.94758899573762,130.82636727243712,19.516233599163577,NA
2586976,OG,Support,Cerulean,59,44.93642817374751,0.12868321065151248,0.24128944744605563,0.035994741117927866,0.049951635319501066
2586976,OG,Support,Crimson,59,44.93642817374751,0.18700625241129812,0.24467116797737384,0.03649921471321509,0.05816642763031876
2586976,OG,Support,Elemental,59,44.93642817374751,0.05763380823068955,0.1858410909270752,0.027723143418813923,0.03476556025638845
2586976,OG,Support,Emerald,59,44.93642817374751,0.44478096512553567,0.35625232225640346,0.05314451273359852,0.07413204750124132
2586976,OG,Support,Golden,59,44.93642817374751,0.2104265112225193,0.28872521140030183,0.04307104744353273,0.06080611153487361
2586976,OG,Support,Heroic,59,44.93642817374751,0.32109513968037867,0.30216327528769527,0.04507569222129924,0.06965014907711227
2586976,OG,Support,Otherworldly,59,44.93642817374751,0.03121827399131515,0.12234231142193616,0.01825061093227469,0.025942877116717118
2586976,OG,Support,Royal,59,44.93642817374751,0.1418793002454364,0.2657499701289018,0.039643678901562555,0.05205164192608655
2586976,OG,Support,camps_stacked,59,44.93642817374751,999.2865521785045,579.8916308148905,86.50626601605323,NA
2586976,OG,Support,courier_kills,59,44.93642817374751,434.4055156212163,372.0921040186734,55.50743763533857,NA
2586976,OG,Support,creep_score,59,44.93642817374751,359.4146431650747,250.28868754552119,37.33721722314899,NA
2586976,OG,Support,deaths,59,44.93642817374751,683.1477804824458,594.0653804977262,88.62065790473308,NA
2586976,OG,Support,first_blood,59,44.93642817374751,154.48502075250116,358.299148816761,53.449851375355074,NA
2586976,OG,Support,gpm,59,44.93642817374751,748.7188202834072,134.44962683250426,20.056739167260712,NA
2586976,OG,Support,kills,59,44.93642817374751,304.2101448925762,168.75699256819215,25.174595588935485,NA
2586976,OG,Support,lotuses_grabbed,59,44.93642817374751,922.6231443401612,642.7244356597654,95.87945066230755,NA
2586976,OG,Support,neutral_tokens_found,59,44.93642817374751,153.88990920027035,133.64032601955486,19.936010417798283,NA
2586976,OG,Support,roshan_kills,59,44.93642817374751,77.05098878260672,223.38452252502975,33.32374516642714,NA
2586976,OG,Support,runes_grabbed,59,44.93642817374751,467.7872554540807,289.457347570354,43.18026503337362,NA
2586976,OG,Support,smokes_used,59,44.93642817374751,1072.7225183314927,369.8596637015989,55.17440976310936,NA
2586976,OG,Support,stuns,59,44.93642817374751,447.67114376001035,278.76773995991084,41.58562563798044,NA
2586976,OG,Support,teamfight_participation,59,44.93642817374751,1487.4299845889957,202.1579928400343,30.157243485850177,NA
2586976,OG,Support,the Clutch,59,44.93642817374751,0.4048843436736427,0.49642435504789756,0.07405490100671819,0.07322626874569685
2586976,OG,Support,the Cruel,0,NA,NA,NA,NA,NA
2586976,OG,Support,the Decisive,59,44.93642817374751,0.014554624881185823,0.12111660446150836,0.01806776412652325,0.017865596112843735
2586976,OG,Support,the Flayed Twins Acolyte,59,44.93642817374751,0.15090286063230773,0.3620047972265215,0.054002647432518786,0.05339838849442249
2586976,OG,Support,the Lucky,59,44.93642817374751,0.02789297378205053,0.16652956627756313,0.02484231569215972,0.02456434429605816
2586976,OG,Support,the Patient,59,44.93642817374751,0,0,0,0
2586976,OG,Support,the Tormented,59,44.93642817374751,0.03395621438195894,0.18316603297636996,0.027324087349722394,0.027018346339024252
2586976,OG,Support,the Underdog,59,44.93642817374751,0.5145052381613514,0.5054451983314616,0.07540059980164737,0.07455690993579588
2586976,OG,Support,tormentor_kills,59,44.93642817374751,472.8760718302156,492.88990177293454,73.52764325892899,NA
2586976,OG,Support,tower_kills,59,44.93642817374751,104.96686053865561,199.9095597922504,29.821829872314225,NA
2586976,OG,Support,wards_placed,59,44.93642817374751,1111.429506859187,380.2474214815637,56.72402022491444,NA
2586976,OG,Support,watchers_taken,59,44.93642817374751,1137.373942676583,427.89728360977,63.832264989713735,NA
9572001,TEAM VISION,Core,Cerulean,80,60.9292824641983,0.17768861953583284,0.2636885249798378,0.033781443169865207,0.048970543629596956
9572001,TEAM VISION,Core,Crimson,80,60.9292824641983,0.26021955239861155,0.3032163447525409,0.038845398066584144,0.05620932309256871
9572001,TEAM VISION,Core,Elemental,80,60.9292824641983,0.2098909106873807,0.2794905721448647,0.03580586178388606,0.05217077798124787
9572001,TEAM VISION,Core,Emerald,80,60.9292824641983,0.15571919752081684,0.23346456580993913,0.029909416660011102,0.046451688364825036
9572001,TEAM VISION,Core,Golden,80,60.9292824641983,0.23977766247632676,0.3144861452931234,0.0402891853020223,0.05469676516041383
9572001,TEAM VISION,Core,Heroic,80,60.9292824641983,0.165241600688609,0.23714770756919626,0.03038126822820663,0.04758028768931861
9572001,TEAM VISION,Core,Otherworldly,80,60.9292824641983,0.1895120104722705,0.24458750390813888,0.031334389177396886,0.050208659835065755
9572001,TEAM VISION,Core,Royal,80,60.9292824641983,0.19735161548230504,0.2660701380442229,0.034086554385430186,0.05098823503102107
9572001,TEAM VISION,Core,camps_stacked,80,60.9292824641983,470.8589635171281,242.44709791452874,31.06017927979475,NA
9572001,TEAM VISION,Core,courier_kills,80,60.9292824641983,145.0223924608682,218.71175099071866,28.019416420337617,NA
9572001,TEAM VISION,Core,creep_score,80,60.9292824641983,1368.9619511547749,520.4325039906721,66.67321249059214,NA
9572001,TEAM VISION,Core,deaths,80,60.9292824641983,1420.6734802277183,419.62413175176926,53.75853484925184,NA
9572001,TEAM VISION,Core,first_blood,80,60.9292824641983,242.10204696037906,422.40705222945536,54.115058023593214,NA
9572001,TEAM VISION,Core,gpm,80,60.9292824641983,1425.4668075618263,183.6009342234167,23.521328908327554,NA
9572001,TEAM VISION,Core,kills,80,60.9292824641983,838.69415980491965,342.8679183767656,43.925207212943064,NA
9572001,TEAM VISION,Core,lotuses_grabbed,80,60.9292824641983,259.0404978554641,213.30571863897407,27.326843337459337,NA
9572001,TEAM VISION,Core,neutral_tokens_found,80,60.9292824641983,747.2067040623739,388.1617787555705,49.72785626810161,NA
9572001,TEAM VISION,Core,roshan_kills,80,60.9292824641983,558.1092582896497,486.7834301967309,62.36239056849468,NA
9572001,TEAM VISION,Core,runes_grabbed,80,60.9292824641983,498.3032176610061,256.80667455328637,32.89980131948194,NA
9572001,TEAM VISION,Core,smokes_used,80,60.9292824641983,52.176259650886884,145.53999897655103,18.645298291780158,NA
9572001,TEAM VISION,Core,stuns,80,60.9292824641983,251.20063841634914,188.78708893281697,24.185733211090177,NA
9572001,TEAM VISION,Core,teamfight_participation,80,60.9292824641983,1306.3725461222207,197.2012198400988,25.26367729337393,NA
9572001,TEAM VISION,Core,the Clutch,80,60.9292824641983,0.36844325636331887,0.48639039184542326,0.06231203796885353,0.06179857523848343
9572001,TEAM VISION,Core,the Cruel,0,NA,NA,NA,NA,NA
9572001,TEAM VISION,Core,the Decisive,80,60.9292824641983,0.053631356915863175,0.22716062578850751,0.029101811582784045,0.0288620072669393
9572001,TEAM VISION,Core,the Flayed Twins Acolyte,80,60.9292824641983,0.127653287198444,0.3364759738227007,0.04310632777283629,0.04275112365055204
9572001,TEAM VISION,Core,the Lucky,80,60.9292824641983,0.07380818293009463,0.263630843711868,0.03377405355563745,0.033495749100838336
9572001,TEAM VISION,Core,the Patient,80,60.9292824641983,0,0,0,0
9572001,TEAM VISION,Core,the Tormented,80,60.9292824641983,0.02649209937252468,0.16192780199748077,0.02074475876876835,0.02057381811547749
9572001,TEAM VISION,Core,the Underdog,80,60.9292824641983,0.22219815370179327,0.4191777292800644,0.05370134571017217,0.05325883667834309
9572001,TEAM VISION,Core,tormentor_kills,80,60.9292824641983,432.7578217010588,496.55566161522125,63.614322484499546,NA
9572001,TEAM VISION,Core,tower_kills,80,60.9292824641983,938.9086341926273,460.12000220677965,58.94650784312693,NA
9572001,TEAM VISION,Core,wards_placed,80,60.9292824641983,13.915422414531642,27.40959657844585,3.5114752498027717,NA
9572001,TEAM VISION,Core,watchers_taken,80,60.9292824641983,136.9180703148047,103.2485853867154,13.227296181648379,NA
9572001,TEAM VISION,Mid,Cerulean,126,95.96197471788231,0.2318816891780805,0.42425015182292547,0.043308427814626224,0.0430821827486637
9572001,TEAM VISION,Mid,Crimson,126,95.96197471788231,0.4230751830625956,0.49664161282362684,0.050698314063748334,0.05043346391821459
9572001,TEAM VISION,Mid,Elemental,126,95.96197471788231,0.284848773756208,0.45371260038462446,0.04631602208723605,0.04607406522107825
9572001,TEAM VISION,Mid,Emerald,126,95.96197471788231,0.14713279117304773,0.3560985169588733,0.03635135273456712,0.03616145172424964
9572001,TEAM VISION,Mid,Golden,126,95.96197471788231,0.04989955189844766,0.21888086881015456,0.022343860729656922,0.02222713545239042
9572001,TEAM VISION,Mid,Heroic,126,95.96197471788231,0.129116418905057,0.3370897190647159,0.03441089108027043,0.0342311271240352
9572001,TEAM VISION,Mid,Otherworldly,126,95.96197471788231,0.3918183540233592,0.49072000422351225,0.05009382268642627,0.049832130429516924
9572001,TEAM VISION,Mid,Royal,126,95.96197471788231,0.04377508804773047,0.20566872735026823,0.020995135049221708,0.020885455572182392
9572001,TEAM VISION,Mid,camps_stacked,126,95.96197471788231,392.50034841208344,400.3344870314426,40.86706194166117,NA
9572001,TEAM VISION,Mid,courier_kills,126,95.96197471788231,154.27441821527998,321.08641108728546,32.77723672479702,NA
9572001,TEAM VISION,Mid,creep_score,126,95.96197471788231,1096.2637381134987,414.4273460763521,42.30569329164572,NA
9572001,TEAM VISION,Mid,deaths,126,95.96197471788231,1407.214897990331,464.12147303175544,47.37858366260129,NA
9572001,TEAM VISION,Mid,first_blood,126,95.96197471788231,205.1929937808249,598.727547504159,61.11948024130529,NA
9572001,TEAM VISION,Mid,gpm,126,95.96197471788231,1259.8473502804063,149.60320124429748,15.271837650702624,NA
9572001,TEAM VISION,Mid,kills,126,95.96197471788231,832.0618638728835,368.8407302461552,37.65210707013928,NA
9572001,TEAM VISION,Mid,lotuses_grabbed,126,95.96197471788231,116.24779300609417,203.4521860424359,20.768865432544093,NA
9572001,TEAM VISION,Mid,neutral_tokens_found,126,95.96197471788231,428.69070399114713,245.07840471476806,25.018165235550377,NA
9572001,TEAM VISION,Mid,roshan_kills,126,95.96197471788231,290.03975941329213,572.3756168034133,58.429414760773376,NA
9572001,TEAM VISION,Mid,runes_grabbed,126,95.96197471788231,1470.4312925308077,608.5204447353606,62.119161634490894,NA
9572001,TEAM VISION,Mid,smokes_used,126,95.96197471788231,24.569053180925838,96.75097591945597,9.876561360315756,NA
9572001,TEAM VISION,Mid,stuns,126,95.96197471788231,365.66909095172946,369.0986424573507,37.67843533975351,NA
9572001,TEAM VISION,Mid,teamfight_participation,126,95.96197471788231,1474.009394109076,229.00866090948685,23.37772895850919,NA
9572001,TEAM VISION,Mid,the Clutch,126,95.96197471788231,0.3404612004015291,0.4763527835905455,0.04862718387673799,0.04837315340325013
9572001,TEAM VISION,Mid,the Cruel,0,NA,NA,NA,NA,NA
9572001,TEAM VISION,Mid,the Decisive,126,95.96197471788231,0.051161627545689044,0.22148433514649019,0.022609628540017215,0.022491514880423766
9572001,TEAM VISION,Mid,the Flayed Twins Acolyte,126,95.96197471788231,0.10701258551636114,0.3107526330941675,0.0317223409838189,0.03155662212745475
9572001,TEAM VISION,Mid,the Lucky,126,95.96197471788231,0.07568155148623265,0.26587686147526046,0.027141319368547287,0.026999531963630845
9572001,TEAM VISION,Mid,the Patient,126,95.96197471788231,0,0,0,0
9572001,TEAM VISION,Mid,the Tormented,126,95.96197471788231,0.017365790554293478,0.13131608875434195,0.013405047296459568,0.01333501876014789
9572001,TEAM VISION,Mid,the Underdog,126,95.96197471788231,0.2388877697088701,0.4286432882351623,0.043756889247984945,0.04352830140045098
9572001,TEAM VISION,Mid,tormentor_kills,126,95.96197471788231,384.10837126897826,552.8708883276632,56.43832737611057,NA
9572001,TEAM VISION,Mid,tower_kills,126,95.96197471788231,472.7408768068829,480.9449163442174,49.09595931269963,NA
9572001,TEAM VISION,Mid,wards_placed,126,95.96197471788231,139.4452401374154,97.67369623580191,9.970754764942365,NA
9572001,TEAM VISION,Mid,watchers_taken,126,95.96197471788231,243.41664475842495,216.03906007708304,22.05376238119346,NA
9572001,TEAM VISION,Support,Cerulean,126,95.96197471788231,0.2115185880439148,0.2688793681159132,0.02744782212771169,0.04168889759453587
9572001,TEAM VISION,Support,Crimson,126,95.96197471788231,0.13261740128152263,0.23613151206178243,0.024104845928622318,0.034622308443195485
9572001,TEAM VISION,Support,Elemental,126,95.96197471788231,0.20512373743800102,0.25682473356742697,0.02621725740562123,0.04122001411853313
9572001,TEAM VISION,Support,Emerald,126,95.96197471788231,0.30018362047256897,0.31946540349627095,0.03261176055480448,0.046788159206821174
9572001,TEAM VISION,Support,Golden,126,95.96197471788231,0.2952512705432027,0.2919446174664096,0.029802375643438562,0.04656541203810419
9572001,TEAM VISION,Support,Heroic,126,95.96197471788231,0.23823430647152719,0.28666647548593754,0.029263570813376813,0.043487382424896436
9572001,TEAM VISION,Support,Otherworldly,126,95.96197471788231,0.14135600103865442,0.25183578369383497,0.02570797396861393,0.03556428702155321
9572001,TEAM VISION,Support,Royal,126,95.96197471788231,0.1766804997005798,0.2718321124072664,0.0277492450322119,0.03893399082161146
9572001,TEAM VISION,Support,camps_stacked,126,95.96197471788231,812.6907768687291,482.198759459309,49.22395449150506,NA
9572001,TEAM VISION,Support,courier_kills,126,95.96197471788231,248.39376075428402,323.90585187749747,33.06505170238947,NA
9572001,TEAM VISION,Support,creep_score,126,95.96197471788231,249.89362518332177,146.38024985725664,14.942831386601235,NA
9572001,TEAM VISION,Support,deaths,126,95.96197471788231,880.0712217538986,670.4382668300494,68.43987482010677,NA
9572001,TEAM VISION,Support,first_blood,126,95.96197471788231,152.7646809636748,354.53667447180004,36.19191627398228,NA
9572001,TEAM VISION,Support,gpm,126,95.96197471788231,786.6395735041891,99.73446054805862,10.181122308894544,NA
9572001,TEAM VISION,Support,kills,126,95.96197471788231,317.7267844472248,168.08619135229227,17.158623641116705,NA
9572001,TEAM VISION,Support,lotuses_grabbed,126,95.96197471788231,546.4354265862233,357.8102892902316,36.52609437727288,NA
9572001,TEAM VISION,Support,neutral_tokens_found,126,95.96197471788231,89.9688378574207,95.42054116314385,9.740747531238183,NA
9572001,TEAM VISION,Support,roshan_kills,126,95.96197471788231,55.61884483595712,172.65523239163744,17.625041821957183,NA
9572001,TEAM VISION,Support,runes_grabbed,126,95.96197471788231,381.44451324750577,206.25677385144397,21.055164183774483,NA
9572001,TEAM VISION,Support,smokes_used,126,95.96197471788231,867.2592514599702,325.48999822014395,33.226764991668254,NA
9572001,TEAM VISION,Support,stuns,126,95.96197471788231,338.0292740114765,298.38974292408284,30.460308821400876,NA
9572001,TEAM VISION,Support,teamfight_participation,126,95.96197471788231,1353.6417997573033,182.30162897752808,18.609768093512347,NA
9572001,TEAM VISION,Support,the Clutch,126,95.96197471788231,0.3404612004015291,0.4763527835905455,0.04862718387673799,0.04837315340325013
9572001,TEAM VISION,Support,the Cruel,0,NA,NA,NA,NA,NA
9572001,TEAM VISION,Support,the Decisive,126,95.96197471788231,0.051161627545689044,0.22148433514649019,0.022609628540017215,0.022491514880423766
9572001,TEAM VISION,Support,the Flayed Twins Acolyte,126,95.96197471788231,0.10701258551636114,0.3107526330941675,0.0317223409838189,0.03155662212745475
9572001,TEAM VISION,Support,the Lucky,126,95.96197471788231,0.07568155148623265,0.26587686147526046,0.027141319368547287,0.026999531963630845
9572001,TEAM VISION,Support,the Patient,126,95.96197471788231,0,0,0,0
9572001,TEAM VISION,Support,the Tormented,126,95.96197471788231,0.017365790554293478,0.13131608875434195,0.013405047296459568,0.01333501876014789
9572001,TEAM VISION,Support,the Underdog,126,95.96197471788231,0.2388877697088701,0.4286432882351623,0.043756889247984945,0.04352830140045098
9572001,TEAM VISION,Support,tormentor_kills,126,95.96197471788231,297.5199890943271,410.78275622832894,41.93364520711631,NA
9572001,TEAM VISION,Support,tower_kills,126,95.96197471788231,57.42007569490301,121.89301320368514,12.443118147998774,NA
9572001,TEAM VISION,Support,wards_placed,126,95.96197471788231,991.0749819345152,313.0152154120961,31.95331057232611,NA
9572001,TEAM VISION,Support,watchers_taken,126,95.96197471788231,614.726248113047,264.59951273014764,27.010924681157967,NA
9247354,Team Falcons,Core,Cerulean,100,76.1608155585066,0.14224207426549806,0.25819750329788066,0.029585999490952548,0.040024933151833475
9247354,Team Falcons,Core,Crimson,100,76.1608155585066,0.1972475202049501,0.2601754536875802,0.029812646296112653,0.045596426877110026
9247354,Team Falcons,Core,Elemental,100,76.1608155585066,0.14337806607472653,0.24120476610773126,0.027638857836071264,0.040157823009337595
9247354,Team Falcons,Core,Emerald,100,76.1608155585066,0.18980292561250275,0.28262788751401097,0.03238539656393013,0.044934611738432155
9247354,Team Falcons,Core,Golden,100,76.1608155585066,0.2806046326013226,0.3144215353849485,0.036028525710070106,0.05148318940048566
9247354,Team Falcons,Core,Heroic,100,76.1608155585066,0.10381994943813126,0.20415346673881696,0.0233932717623626,0.034952017532740715
9247354,Team Falcons,Core,Otherworldly,100,76.1608155585066,0.26660809093929627,0.3080304133962923,0.035296188141008294,0.05066860257825842
9247354,Team Falcons,Core,Royal,100,76.1608155585066,0.14702913200781234,0.2443529113054498,0.027999593401006957,0.040579155353424295
9247354,Team Falcons,Core,camps_stacked,100,76.1608155585066,742.3198547931793,381.4522212481376,43.709350708360446,NA
9247354,Team Falcons,Core,courier_kills,100,76.1608155585066,247.56860393297967,343.742435185444,39.388310818336294,NA
9247354,Team Falcons,Core,creep_score,100,76.1608155585066,1419.1873895800259,530.5433911719747,60.793215661087004,NA
9247354,Team Falcons,Core,deaths,100,76.1608155585066,1135.9140553573936,476.9737749216604,54.654850189427805,NA
9247354,Team Falcons,Core,first_blood,100,76.1608155585066,239.51430453092416,420.1922210393828,48.14843938839684,NA
9247354,Team Falcons,Core,gpm,100,76.1608155585066,1355.2729106472352,244.2221596872022,27.984611004734703,NA
9247354,Team Falcons,Core,kills,100,76.1608155585066,809.6330782986946,385.18090474513883,44.136608240424685,NA
9247354,Team Falcons,Core,lotuses_grabbed,100,76.1608155585066,385.99941151557454,260.4576192753363,29.844978719273556,NA
9247354,Team Falcons,Core,neutral_tokens_found,100,76.1608155585066,792.5993760888089,276.60636594055603,31.695410286249263,NA
9247354,Team Falcons,Core,roshan_kills,100,76.1608155585066,569.0426781820258,541.962874655474,62.101736573235286,NA
9247354,Team Falcons,Core,runes_grabbed,100,76.1608155585066,525.708944306161,298.0660590499222,34.15440567272757,NA
9247354,Team Falcons,Core,smokes_used,100,76.1608155585066,4.758954986996649,26.14409811604059,2.995765891121765,NA
9247354,Team Falcons,Core,stuns,100,76.1608155585066,273.76561848221394,283.1020664158584,32.439731158840964,NA
9247354,Team Falcons,Core,teamfight_participation,100,76.1608155585066,1244.5124719552955,217.11472024975188,24.87845901196284,NA
9247354,Team Falcons,Core,the Clutch,100,76.1608155585066,0.33273587512687297,0.4743170684700565,0.054350426967975964,0.053992434381427326
9247354,Team Falcons,Core,the Cruel,0,NA,NA,NA,NA,NA
9247354,Team Falcons,Core,the Decisive,100,76.1608155585066,0.03520858473366551,0.18552867817082888,0.021259118728141076,0.021119090262390183
9247354,Team Falcons,Core,the Flayed Twins Acolyte,100,76.1608155585066,0.09962780369941626,0.3014889275634497,0.03454662087545162,0.03431907097651513
9247354,Team Falcons,Core,the Lucky,100,76.1608155585066,0.06738746000742792,0.25235401564620286,0.02891641353260782,0.02872594839274153
9247354,Team Falcons,Core,the Patient,100,76.1608155585066,0,0,0,0
9247354,Team Falcons,Core,the Tormented,100,76.1608155585066,0.014698466274844276,0.12114085668022583,0.013881130833166099,0.01378969931719819
9247354,Team Falcons,Core,the Underdog,100,76.1608155585066,0.35434786040228927,0.4814866562037604,0.055171966356739856,0.05480856249695673
9247354,Team Falcons,Core,tormentor_kills,100,76.1608155585066,754.4972397349422,689.6602118706684,79.02588683747084,NA
9247354,Team Falcons,Core,tower_kills,100,76.1608155585066,750.9220395635285,479.9360061347292,54.994282484637985,NA
9247354,Team Falcons,Core,wards_placed,100,76.1608155585066,8.720441886542744,24.344244890531225,2.7895266520371225,NA
9247354,Team Falcons,Core,watchers_taken,100,76.1608155585066,325.75085788865397,205.88614022161812,23.59181309651718,NA
9247354,Team Falcons,Mid,Cerulean,95,72.35291846649812,0.07118029929495927,0.25892129491179583,0.030439656232649336,0.03022856891395476
9247354,Team Falcons,Mid,Crimson,95,72.35291846649812,0.4989980916432992,0.5034905093810568,0.05919203373048887,0.05878155972274216
9247354,Team Falcons,Mid,Elemental,95,72.35291846649812,0.1831504460891408,0.3894907828708534,0.04578984335920728,0.0454723083915235
9247354,Team Falcons,Mid,Emerald,95,72.35291846649812,0.20936192956104932,0.40969425459781306,0.04816503128758606,0.04783102530435055
9247354,Team Falcons,Mid,Golden,95,72.35291846649812,0.2367895808752374,0.4280806485649673,0.05032659745737095,0.0499776018433895
9247354,Team Falcons,Mid,Heroic,95,72.35291846649812,0.08082248513689969,0.27446562030503024,0.03226709928440638,0.03204333935039335
9247354,Team Falcons,Mid,Otherworldly,95,72.35291846649812,0.3095381659249956,0.46553152661998654,0.054729448346843006,0.054349920653860156
9247354,Team Falcons,Mid,Royal,95,72.35291846649812,0.05170512910536806,0.2229773093026717,0.026213960675450163,0.0260321769316045
9247354,Team Falcons,Mid,camps_stacked,95,72.35291846649812,426.5667365947512,381.456011605797,44.84524868884769,NA
9247354,Team Falcons,Mid,courier_kills,95,72.35291846649812,230.48984158541504,428.62175141504366,50.39021132408069,NA
9247354,Team Falcons,Mid,creep_score,95,72.35291846649812,1210.620041034124,569.9115121602662,67.0007096909414,NA
9247354,Team Falcons,Mid,deaths,95,72.35291846649812,1262.9178358131833,500.38886503656994,58.827394013874276,NA
9247354,Team Falcons,Mid,first_blood,95,72.35291846649812,190.94836066833213,580.9453102535863,68.29788001837832,NA
9247354,Team Falcons,Mid,gpm,95,72.35291846649812,1269.1732350477957,218.6187132744467,25.701549501230765,NA
9247354,Team Falcons,Mid,kills,95,72.35291846649812,872.3770595422787,486.54086572695445,57.19937674847995,NA
9247354,Team Falcons,Mid,lotuses_grabbed,95,72.35291846649812,259.96347467963005,323.3730779203818,38.01682410920814,NA
9247354,Team Falcons,Mid,neutral_tokens_found,95,72.35291846649812,486.6343855883104,404.3004015640307,47.5309118260188,NA
9247354,Team Falcons,Mid,roshan_kills,95,72.35291846649812,320.5460591758063,659.4821219106258,77.53093112475025,NA
9247354,Team Falcons,Mid,runes_grabbed,95,72.35291846649812,1531.6882539022938,665.7736963548655,78.27058972760878,NA
9247354,Team Falcons,Mid,smokes_used,95,72.35291846649812,50.264982026429145,128.9173454731859,15.15595571220316,NA
9247354,Team Falcons,Mid,stuns,95,72.35291846649812,498.4434232089558,415.41111084118023,48.83712409029993,NA
9247354,Team Falcons,Mid,teamfight_participation,95,72.35291846649812,1505.5822942206719,282.4794164119817,33.20922804479762,NA
9247354,Team Falcons,Mid,the Clutch,95,72.35291846649812,0.3510147368396711,0.48062045346176396,0.05650335321681427,0.05611152417523012
9247354,Team Falcons,Mid,the Cruel,0,NA,NA,NA,NA,NA
9247354,Team Falcons,Mid,the Decisive,95,72.35291846649812,0.04269376262986717,0.20357751843726138,0.023933256165882693,0.023767288231387167
9247354,Team Falcons,Mid,the Flayed Twins Acolyte,95,72.35291846649812,0.08482158083869502,0.2805615954771555,0.032983762580507496,0.032755032861933674
9247354,Team Falcons,Mid,the Lucky,95,72.35291846649812,0.07399223963255329,0.26358613125865893,0.030988070046308245,0.030773179688559107
9247354,Team Falcons,Mid,the Patient,95,72.35291846649812,0,0,0,0
9247354,Team Falcons,Mid,the Tormented,95,72.35291846649812,0.016935684408265955,0.12993151377067413,0.015275184740267884,0.015169257204005863
9247354,Team Falcons,Mid,the Underdog,95,72.35291846649812,0.3310220501083983,0.4738670592792023,0.055709401535896014,0.05532307824412117
9247354,Team Falcons,Mid,tormentor_kills,95,72.35291846649812,730.7652591103245,707.8679794847972,83.21933489849721,NA
9247354,Team Falcons,Mid,tower_kills,95,72.35291846649812,342.7678373077954,383.85522821807166,45.12730864428774,NA
9247354,Team Falcons,Mid,wards_placed,95,72.35291846649812,181.74796872076874,73.11183503199663,8.59527265098178,NA
9247354,Team Falcons,Mid,watchers_taken,95,72.35291846649812,74.96910787224392,111.08158726344027,13.059124129701383,NA
9247354,Team Falcons,Support,Cerulean,100,76.1608155585066,0.15223507698845584,0.23161693176977027,0.026540219552512852,0.041165111326898346
9247354,Team Falcons,Support,Crimson,100,76.1608155585066,0.32594498899674207,0.3160079613638375,0.03621030902557217,0.053709861461958316
9247354,Team Falcons,Support,Elemental,100,76.1608155585066,0.1579772703415954,0.23789352518944312,0.027259433670958906,0.041792025212703525
9247354,Team Falcons,Support,Emerald,100,76.1608155585066,0.35343865827468934,0.34791077396221937,0.03986594699743411,0.05477672955068177
9247354,Team Falcons,Support,Golden,100,76.1608155585066,0.22076391328781395,0.2754618368325026,0.031564262474300116,0.04752616563519256
9247354,Team Falcons,Support,Heroic,100,76.1608155585066,0.35111037071412504,0.25706162848109027,0.029455843345668,0.05469422240581007
9247354,Team Falcons,Support,Otherworldly,100,76.1608155585066,0.23243109741359297,0.2827527281012654,0.032399701634675517,0.04839940348151927
9247354,Team Falcons,Support,Royal,100,76.1608155585066,0.1408196961767137,0.22639040127763466,0.025941328678260774,0.039857317367020396
9247354,Team Falcons,Support,camps_stacked,100,76.1608155585066,893.3309727692626,413.83178248968267,47.41961773330685,NA
9247354,Team Falcons,Support,courier_kills,100,76.1608155585066,389.54542096288634,442.05640179420095,50.653783678793985,NA
9247354,Team Falcons,Support,creep_score,100,76.1608155585066,308.7171487216771,191.44990320745418,21.93761235678512,NA
9247354,Team Falcons,Support,deaths,100,76.1608155585066,598.9206813177752,712.1713867574384,81.60536804946514,NA
9247354,Team Falcons,Support,first_blood,100,76.1608155585066,104.26247725359443,301.90716102089357,34.594544866586254,NA
9247354,Team Falcons,Support,gpm,100,76.1608155585066,739.43317477123,131.84426346474575,15.10759888043038,NA
9247354,Team Falcons,Support,kills,100,76.1608155585066,306.0516097346525,202.25773015210171,23.17604556546623,NA
9247354,Team Falcons,Support,lotuses_grabbed,100,76.1608155585066,572.21946700349,414.7480512727179,47.524609948189664,NA
9247354,Team Falcons,Support,neutral_tokens_found,100,76.1608155585066,100.93459445390755,142.2071765372888,16.295050877343478,NA
9247354,Team Falcons,Support,roshan_kills,100,76.1608155585066,54.02791074651519,170.65678565891233,19.554997663192438,NA
9247354,Team Falcons,Support,runes_grabbed,100,76.1608155585066,476.3120107147149,238.08391522884475,27.28124983702121,NA
9247354,Team Falcons,Support,smokes_used,100,76.1608155585066,923.5239950660725,383.75239484031806,43.972920006506754,NA
9247354,Team Falcons,Support,stuns,100,76.1608155585066,389.5978086929994,236.07214180383156,27.050727361907715,NA
9247354,Team Falcons,Support,teamfight_participation,100,76.1608155585066,1314.6635955341485,222.4742381597604,25.492588475384977,NA
9247354,Team Falcons,Support,the Clutch,100,76.1608155585066,0.33273587512687297,0.4743170684700565,0.054350426967975964,0.053992434381427326
9247354,Team Falcons,Support,the Cruel,0,NA,NA,NA,NA,NA
9247354,Team Falcons,Support,the Decisive,100,76.1608155585066,0.03520858473366551,0.18552867817082888,0.021259118728141076,0.021119090262390183
9247354,Team Falcons,Support,the Flayed Twins Acolyte,100,76.1608155585066,0.09962780369941626,0.3014889275634497,0.03454662087545162,0.03431907097651513
9247354,Team Falcons,Support,the Lucky,100,76.1608155585066,0.06738746000742792,0.25235401564620286,0.02891641353260782,0.02872594839274153
9247354,Team Falcons,Support,the Patient,100,76.1608155585066,0,0,0,0
9247354,Team Falcons,Support,the Tormented,100,76.1608155585066,0.014698466274844276,0.12114085668022583,0.013881130833166099,0.01378969931719819
9247354,Team Falcons,Support,the Underdog,100,76.1608155585066,0.35434786040228927,0.4814866562037604,0.055171966356739856,0.05480856249695673
9247354,Team Falcons,Support,tormentor_kills,100,76.1608155585066,545.9367042886064,564.7723377899323,64.71539765076486,NA
9247354,Team Falcons,Support,tower_kills,100,76.1608155585066,143.67298522769946,199.82392969362388,22.89716440586597,NA
9247354,Team Falcons,Support,wards_placed,100,76.1608155585066,1079.2515131428136,382.1053146285347,43.784186522700914,NA
9247354,Team Falcons,Support,watchers_taken,100,76.1608155585066,859.4864992424071,364.52783910817436,41.77004163301297,NA
2163,Team Liquid,Core,Cerulean,110,83.77662984106112,0.11075474457030014,0.2182987761370761,0.023850080986703208,0.03428708037103687
2163,Team Liquid,Core,Crimson,110,83.77662984106112,0.27117096121551,0.3080702746494789,0.03365800363155616,0.04857054553754778
2163,Team Liquid,Core,Elemental,110,83.77662984106112,0.17375540054156396,0.29036726594402634,0.03172387372572365,0.041396348082317576
2163,Team Liquid,Core,Emerald,110,83.77662984106112,0.19359491790905486,0.2804453837759234,0.03063986538890553,0.04316802320400146
2163,Team Liquid,Core,Golden,110,83.77662984106112,0.3130661277904608,0.322820955563863,0.035269579017559095,0.05066570193332052
2163,Team Liquid,Core,Heroic,110,83.77662984106112,0.163991497506728,0.2421072362308417,0.02645125773836966,0.04045335728836312
2163,Team Liquid,Core,Otherworldly,110,83.77662984106112,0.23276334556351294,0.2913006005534059,0.031825844549451116,0.04617006904740815
2163,Team Liquid,Core,Royal,110,83.77662984106112,0.1675303229141069,0.2717144237932353,0.029685970427313902,0.04080087543945661
2163,Team Liquid,Core,camps_stacked,110,83.77662984106112,780.4952848647243,469.68996643752024,51.31565067109043,NA
2163,Team Liquid,Core,courier_kills,110,83.77662984106112,118.11541649263529,216.08427682745992,23.608137404545058,NA
2163,Team Liquid,Core,creep_score,110,83.77662984106112,1316.6140144527621,474.8690980522731,51.88149309420639,NA
2163,Team Liquid,Core,deaths,110,83.77662984106112,1137.9609356177918,452.7009450789511,49.45952695635062,NA
2163,Team Liquid,Core,first_blood,110,83.77662984106112,143.99496700642777,346.3239086927032,37.83737781821543,NA
2163,Team Liquid,Core,gpm,110,83.77662984106112,1266.9669273674156,183.33547056986444,20.030189349668866,NA
2163,Team Liquid,Core,kills,110,83.77662984106112,734.6188539243907,401.93936790414773,43.9136061405984,NA
2163,Team Liquid,Core,lotuses_grabbed,110,83.77662984106112,288.1892611340231,219.52685330146306,23.98425370332054,NA
2163,Team Liquid,Core,neutral_tokens_found,110,83.77662984106112,752.7241238924933,282.32449999241675,30.84516692444255,NA
2163,Team Liquid,Core,roshan_kills,110,83.77662984106112,380.42239831064234,472.1872393831629,51.588488490218104,NA
2163,Team Liquid,Core,runes_grabbed,110,83.77662984106112,401.28374718603936,263.0174740935196,28.73579123553842,NA
2163,Team Liquid,Core,smokes_used,110,83.77662984106112,31.235800293554234,74.72149237866455,8.163644690153625,NA
2163,Team Liquid,Core,stuns,110,83.77662984106112,338.6786990240855,359.1837932566449,39.24237556376885,NA
2163,Team Liquid,Core,teamfight_participation,110,83.77662984106112,1265.0068029648833,269.2768782567873,29.41965808474467,NA
2163,Team Liquid,Core,the Clutch,110,83.77662984106112,0.3387138921366113,0.4761225783731751,0.052018441215023976,0.05170705005316933
2163,Team Liquid,Core,the Cruel,0,NA,NA,NA,NA,NA
2163,Team Liquid,Core,the Decisive,110,83.77662984106112,0.019783030872754,0.14009256763418432,0.015305716059591854,0.015214093461999733
2163,Team Liquid,Core,the Flayed Twins Acolyte,110,83.77662984106112,0.09001974284287295,0.2879336625105842,0.03145799207487707,0.031269679229028444
2163,Team Liquid,Core,the Lucky,110,83.77662984106112,0.06628950892527415,0.25028573205322624,0.02734479361229871,0.027181103066124677
2163,Team Liquid,Core,the Patient,110,83.77662984106112,0,0,0,0
2163,Team Liquid,Core,the Tormented,110,83.77662984106112,0,0,0,0
2163,Team Liquid,Core,the Underdog,110,83.77662984106112,0.41600192837676736,0.4958621406578522,0.054175073365980236,0.053850772240360945
2163,Team Liquid,Core,tormentor_kills,110,83.77662984106112,695.5064660350429,601.7083573782267,65.73922817064071,NA
2163,Team Liquid,Core,tower_kills,110,83.77662984106112,660.2174666277314,460.7309709915377,50.336841853527396,NA
2163,Team Liquid,Core,wards_placed,110,83.77662984106112,11.285071486770855,26.515096550132373,2.8968884355715203,NA
2163,Team Liquid,Core,watchers_taken,110,83.77662984106112,358.8503369866554,173.18091541849407,18.92076048785953,NA
2163,Team Liquid,Mid,Cerulean,110,83.77662984106112,0.342739405341301,0.47748352311881537,0.05216713028683795,0.051854849047123494
2163,Team Liquid,Mid,Crimson,110,83.77662984106112,0.3130645702387004,0.4665331314570528,0.050970752860492866,0.05066563333781768
2163,Team Liquid,Mid,Elemental,110,83.77662984106112,0.3741689526984094,0.4868217788744489,0.053187374925802645,0.0528689863296184
2163,Team Liquid,Mid,Emerald,110,83.77662984106112,0.09178014976192357,0.29045405792038015,0.031733356122746956,0.031543394901268534
2163,Team Liquid,Mid,Golden,110,83.77662984106112,0.042194374164383965,0.2022430187938043,0.022095920382983497,0.021963650477165603
2163,Team Liquid,Mid,Heroic,110,83.77662984106112,0.1435522786918744,0.35274677099529356,0.03853910317276819,0.03830840160168116
2163,Team Liquid,Mid,Otherworldly,110,83.77662984106112,0.4746675812717578,0.5023650984140857,0.05488554949362416,0.05455699533808531
2163,Team Liquid,Mid,Royal,110,83.77662984106112,0.09701478131591137,0.2977603372325676,0.032531598588374545,0.03233685895287588
2163,Team Liquid,Mid,camps_stacked,110,83.77662984106112,472.47152754024324,504.4716718023516,55.11570170429449,NA
2163,Team Liquid,Mid,courier_kills,110,83.77662984106112,268.06162443577426,554.7059789274138,60.6040159974142,NA
2163,Team Liquid,Mid,creep_score,110,83.77662984106112,1281.5798482923562,587.4151925877653,64.17763839061033,NA
2163,Team Liquid,Mid,deaths,110,83.77662984106112,1220.6982433380963,569.9704649094377,62.27172679879343,NA
2163,Team Liquid,Mid,first_blood,110,83.77662984106112,130.3721006765294,487.835472506958,53.29812531872224,NA
2163,Team Liquid,Mid,gpm,110,83.77662984106112,1282.1106703147425,239.7863327211963,26.19768903932845,NA
2163,Team Liquid,Mid,kills,110,83.77662984106112,896.3587341404723,518.7825685583774,56.6792287778922,NA
2163,Team Liquid,Mid,lotuses_grabbed,110,83.77662984106112,247.66585143712985,360.6438642653751,39.401894606526504,NA
2163,Team Liquid,Mid,neutral_tokens_found,110,83.77662984106112,494.941124045479,355.4909118117719,38.838912369457546,NA
2163,Team Liquid,Mid,roshan_kills,110,83.77662984106112,281.74019022626806,601.7776442935763,65.74679806439664,NA
2163,Team Liquid,Mid,runes_grabbed,110,83.77662984106112,1519.8484739091857,671.5743063115073,73.3723838381067,NA
2163,Team Liquid,Mid,smokes_used,110,83.77662984106112,3.813979688507875,47.405381594400666,5.179242001439693,NA
2163,Team Liquid,Mid,stuns,110,83.77662984106112,371.97526730636787,315.994328827964,34.52374066061409,NA
2163,Team Liquid,Mid,teamfight_participation,110,83.77662984106112,1482.9132383717413,311.94100480022377,34.080897562555435,NA
2163,Team Liquid,Mid,the Clutch,110,83.77662984106112,0.3387138921366113,0.4761225783731751,0.052018441215023976,0.05170705005316933
2163,Team Liquid,Mid,the Cruel,0,NA,NA,NA,NA,NA
2163,Team Liquid,Mid,the Decisive,110,83.77662984106112,0.019783030872754,0.14009256763418432,0.015305716059591854,0.015214093461999733
2163,Team Liquid,Mid,the Flayed Twins Acolyte,110,83.77662984106112,0.09001974284287295,0.2879336625105842,0.03145799207487707,0.031269679229028444
2163,Team Liquid,Mid,the Lucky,110,83.77662984106112,0.06628950892527415,0.25028573205322624,0.02734479361229871,0.027181103066124677
2163,Team Liquid,Mid,the Patient,110,83.77662984106112,0,0,0,0
2163,Team Liquid,Mid,the Tormented,110,83.77662984106112,0,0,0,0
2163,Team Liquid,Mid,the Underdog,110,83.77662984106112,0.41600192837676736,0.4958621406578522,0.054175073365980236,0.053850772240360945
2163,Team Liquid,Mid,tormentor_kills,110,83.77662984106112,542.5456148992214,630.3930187468077,68.87315090178433,NA
2163,Team Liquid,Mid,tower_kills,110,83.77662984106112,404.6284498294299,423.542788249282,46.27387280786412,NA
2163,Team Liquid,Mid,wards_placed,110,83.77662984106112,160.23730470087457,87.21342723631103,9.528442346409875,NA
2163,Team Liquid,Mid,watchers_taken,110,83.77662984106112,189.08208545344817,210.81640984575992,23.03260026061791,NA
2163,Team Liquid,Support,Cerulean,72,54.836723684304125,0.22183704026660855,0.27949526045987616,0.037743198239480816,0.056106936821744155
2163,Team Liquid,Support,Crimson,72,54.836723684304125,0.14348012230914156,0.2282622963215492,0.030824669751064165,0.04734006421071296
2163,Team Liquid,Support,Elemental,72,54.836723684304125,0.19592412387194746,0.26576111056405416,0.035888530860449644,0.053599004477901765
2163,Team Liquid,Support,Emerald,72,54.836723684304125,0.2540902787365765,0.31101048995426694,0.04199903267621641,0.05878972231226392
2163,Team Liquid,Support,Golden,72,54.836723684304125,0.19460854533969452,0.2950809526162076,0.03984789893382546,0.05346243217170631
2163,Team Liquid,Support,Heroic,72,54.836723684304125,0.21432632353525274,0.28060265545080354,0.03789274148612911,0.05541446042820043
2163,Team Liquid,Support,Otherworldly,72,54.836723684304125,0.08005798686626979,0.1850518511677757,0.024989506769153007,0.03664770725485895
2163,Team Liquid,Support,Royal,72,54.836723684304125,0.182556735087107,0.25456073544422714,0.03437602586194407,0.05216653492476173
2163,Team Liquid,Support,camps_stacked,72,54.836723684304125,861.1337529919928,524.8821038360279,70.8803765217441,NA
2163,Team Liquid,Support,courier_kills,72,54.836723684304125,323.14982738991074,395.5846547446749,53.41997578047752,NA
2163,Team Liquid,Support,creep_score,72,54.836723684304125,280.00115018837215,222.60060802363282,30.060112157326063,NA
2163,Team Liquid,Support,deaths,72,54.836723684304125,642.938052332063,628.6055896889117,84.88725478577601,NA
2163,Team Liquid,Support,first_blood,72,54.836723684304125,234.66847723372524,418.3865168374855,56.49915214927252,NA
2163,Team Liquid,Support,gpm,72,54.836723684304125,710.3019303725941,122.97231911950355,16.606251608200083,NA
2163,Team Liquid,Support,kills,72,54.836723684304125,368.43330397422886,196.24500742005904,26.501036927697726,NA
2163,Team Liquid,Support,lotuses_grabbed,72,54.836723684304125,689.1818363632588,451.5610013997343,60.979053329941394,NA
2163,Team Liquid,Support,neutral_tokens_found,72,54.836723684304125,88.6370592803098,124.92873779886152,16.870447494502177,NA
2163,Team Liquid,Support,roshan_kills,72,54.836723684304125,52.5743143999326,169.01303846209666,22.82361641924043,NA
2163,Team Liquid,Support,runes_grabbed,72,54.836723684304125,316.7774164986729,228.50052099780078,30.856839746242276,NA
2163,Team Liquid,Support,smokes_used,72,54.836723684304125,882.5027183181445,370.9805357586731,50.097421620280045,NA
2163,Team Liquid,Support,stuns,72,54.836723684304125,411.2892334977245,274.80434411287763,37.10973423970397,NA
2163,Team Liquid,Support,teamfight_participation,72,54.836723684304125,1389.0247988532296,216.05756993975834,29.176536589419072,NA
2163,Team Liquid,Support,the Clutch,72,54.836723684304125,0.3486021610436137,0.480933060624587,0.06494547283988701,0.06435057689243355
2163,Team Liquid,Support,the Cruel,0,NA,NA,NA,NA,NA
2163,Team Liquid,Support,the Decisive,72,54.836723684304125,0.020881782618406185,0.14431045273189538,0.019487765254148477,0.019309258699839474
2163,Team Liquid,Support,the Flayed Twins Acolyte,72,54.836723684304125,0.0849561638357686,0.2813940014732341,0.037999605301105716,0.03765153159850615
2163,Team Liquid,Support,the Lucky,72,54.836723684304125,0.08259404698994671,0.27781237587128277,0.037515940551686985,0.03717229718405572
2163,Team Liquid,Support,the Patient,72,54.836723684304125,0,0,0,0
2163,Team Liquid,Support,the Tormented,72,54.836723684304125,0,0,0,0
2163,Team Liquid,Support,the Underdog,72,54.836723684304125,0.40336295678284845,0.49510755251652455,0.06685960425142168,0.06624717499533526
2163,Team Liquid,Support,tormentor_kills,72,54.836723684304125,652.4013141575272,635.6866617791584,85.84348677057062,NA
2163,Team Liquid,Support,tower_kills,72,54.836723684304125,57.861684750164684,109.01104759971332,14.720913596458352,NA
2163,Team Liquid,Support,wards_placed,72,54.836723684304125,1079.5239232291826,356.473170448267,48.13833879382249,NA
2163,Team Liquid,Support,watchers_taken,72,54.836723684304125,784.2409507297901,320.1676424968554,43.235619740896524,NA
5017210,Team Resilience,Core,Cerulean,45,34.27484847092612,0.17759782569276336,0.252509343915544,0.043131015324392806,0.06527895228219391
5017210,Team Resilience,Core,Crimson,45,34.27484847092612,0.23793323204795858,0.2745118104262246,0.04688924741802974,0.07273380234161361
5017210,Team Resilience,Core,Elemental,45,34.27484847092612,0.2630983944306965,0.3089097189558667,0.05276473977373154,0.07521008483588756
5017210,Team Resilience,Core,Emerald,45,34.27484847092612,0.19531414389489926,0.28334524463176963,0.04839808261667415,0.06771615016106247
5017210,Team Resilience,Core,Golden,45,34.27484847092612,0.23459764062165694,0.2532467835769014,0.043256977084229535,0.07238006130379143
5017210,Team Resilience,Core,Heroic,45,34.27484847092612,0.13507750725611437,0.22533132147388257,0.038488748688865614,0.0583837978988459
5017210,Team Resilience,Core,Otherworldly,45,34.27484847092612,0.26301461086750105,0.28639138674749975,0.0489183928762334,0.07520238335512096
5017210,Team Resilience,Core,Royal,45,34.27484847092612,0.2293010154418708,0.2978371891508678,0.050873445593113284,0.0718054834660402
5017210,Team Resilience,Core,camps_stacked,45,34.27484847092612,465.6186199758175,284.10984888812493,48.52868434961036,NA
5017210,Team Resilience,Core,courier_kills,45,34.27484847092612,130.86892948144992,218.48980863839907,37.3201527455489,NA
5017210,Team Resilience,Core,creep_score,45,34.27484847092612,1249.1539082864858,325.8721660784572,55.662088265628746,NA
5017210,Team Resilience,Core,deaths,45,34.27484847092612,1329.0370020860078,305.60231462000996,52.19980342372656,NA
5017210,Team Resilience,Core,first_blood,45,34.27484847092612,221.1761025052802,412.2085316463511,70.40916672466071,NA
5017210,Team Resilience,Core,gpm,45,34.27484847092612,1344.100050622684,173.81063860331935,29.688522416222508,NA
5017210,Team Resilience,Core,kills,45,34.27484847092612,822.9059732439965,348.2431544860809,59.48326743020554,NA
5017210,Team Resilience,Core,lotuses_grabbed,45,34.27484847092612,372.26943076278104,198.54163638602836,33.91281379416974,NA
5017210,Team Resilience,Core,neutral_tokens_found,45,34.27484847092612,730.2440877145424,169.08895429929834,28.882013496925683,NA
5017210,Team Resilience,Core,roshan_kills,45,34.27484847092612,584.6520253975932,438.64145863079466,74.92416391706523,NA
5017210,Team Resilience,Core,runes_grabbed,45,34.27484847092612,416.58765624785894,252.62428744015386,43.15064877971177,NA
5017210,Team Resilience,Core,smokes_used,45,34.27484847092612,12.516887574814959,52.21341780084184,8.91855203607934,NA
5017210,Team Resilience,Core,stuns,45,34.27484847092612,228.92878029036362,227.5817619447803,38.87314548358141,NA
5017210,Team Resilience,Core,teamfight_participation,45,34.27484847092612,1381.9054181017736,253.66402778415997,43.3282463925974,NA
5017210,Team Resilience,Core,the Clutch,45,34.27484847092612,0.158053185408447,0.370231770691382,0.06323913375897885,0.062309775123654654
5017210,Team Resilience,Core,the Cruel,0,NA,NA,NA,NA,NA
5017210,Team Resilience,Core,the Decisive,45,34.27484847092612,0.0290720802079426,0.1705144849095915,0.029125507783689625,0.028697481013586518
5017210,Team Resilience,Core,the Flayed Twins Acolyte,45,34.27484847092612,0.053110880590877145,0.22759936323364804,0.03887615195236435,0.03830483028210229
5017210,Team Resilience,Core,the Lucky,45,34.27484847092612,0.1512508533700319,0.36363721306688135,0.062112720131865466,0.06119991520575706
5017210,Team Resilience,Core,the Patient,45,34.27484847092612,0,0,0,0
5017210,Team Resilience,Core,the Tormented,45,34.27484847092612,0.016549053713393307,0.12947701024874977,0.022115913916687425,0.021790899730773756
5017210,Team Resilience,Core,the Underdog,45,34.27484847092612,0.35736054900112263,0.4863699374236116,0.08307664539874644,0.08185575584498767
5017210,Team Resilience,Core,tormentor_kills,45,34.27484847092612,707.9782825164061,573.9858629672098,98.04228496155696,NA
5017210,Team Resilience,Core,tower_kills,45,34.27484847092612,772.4355131579638,431.04498894501046,73.62661411020173,NA
5017210,Team Resilience,Core,wards_placed,45,34.27484847092612,11.744005418771403,28.158119488566438,4.809676601803887,NA
5017210,Team Resilience,Core,watchers_taken,45,34.27484847092612,209.8230666345961,147.9067416575179,25.263888623246746,NA
5017210,Team Resilience,Mid,Cerulean,45,34.27484847092612,0.29361226360675624,0.4622090019924501,0.07894972613241769,0.07778948554440954
5017210,Team Resilience,Mid,Crimson,45,34.27484847092612,0.30347351637196773,0.46661526674837844,0.07970235837075118,0.07853105714309885
5017210,Team Resilience,Mid,Elemental,45,34.27484847092612,0.24114391172928124,0.4341577828138963,0.0741583091278146,0.07306848292570932
5017210,Team Resilience,Mid,Emerald,45,34.27484847092612,0.13668321200322148,0.3486361440868527,0.05955039381939327,0.05867524469189352
5017210,Team Resilience,Mid,Golden,45,34.27484847092612,0.13794748994756142,0.3499882709133619,0.059781350036578626,0.05890280678993043
5017210,Team Resilience,Mid,Heroic,45,34.27484847092612,0.09164460641651576,0.2928269765062473,0.050017653268747374,0.04928259674249693
5017210,Team Resilience,Mid,Otherworldly,45,34.27484847092612,0.32436568375129465,0.4751196904333564,0.08115499542011359,0.07996234632278672
5017210,Team Resilience,Mid,Royal,45,34.27484847092612,0.04376341821448803,0.20761944391628528,0.035463390298104414,0.034942222374820885
5017210,Team Resilience,Mid,camps_stacked,45,34.27484847092612,359.5806703735575,314.72095721228953,53.75735494751023,NA
5017210,Team Resilience,Mid,courier_kills,45,34.27484847092612,274.67305444879304,414.25635884763574,70.75895523161535,NA
5017210,Team Resilience,Mid,creep_score,45,34.27484847092612,983.0110777278821,305.8689614127967,52.245349250774176,NA
5017210,Team Resilience,Mid,deaths,45,34.27484847092612,1418.1966312251361,411.2842306006538,70.251287249992,NA
5017210,Team Resilience,Mid,first_blood,45,34.27484847092612,116.09733382329705,466.25785880703125,79.64130966991395,NA
5017210,Team Resilience,Mid,gpm,45,34.27484847092612,1165.1946916501622,190.56718653177114,32.55070135296595,NA
5017210,Team Resilience,Mid,kills,45,34.27484847092612,793.1130877237895,429.32026866313856,73.33201536088737,NA
5017210,Team Resilience,Mid,lotuses_grabbed,45,34.27484847092612,243.414132019084,332.9319579238967,56.86796835525631,NA
5017210,Team Resilience,Mid,neutral_tokens_found,45,34.27484847092612,354.7084921249329,176.6196126766283,30.168322101743183,NA
5017210,Team Resilience,Mid,roshan_kills,45,34.27484847092612,140.6958989056331,386.60175407093027,66.03528376695441,NA
5017210,Team Resilience,Mid,runes_grabbed,45,34.27484847092612,1600.038132791618,672.1314644338612,114.80649406066946,NA
5017210,Team Resilience,Mid,smokes_used,45,34.27484847092612,2.6023674197594406,27.900409070200425,4.765657193129973,NA
5017210,Team Resilience,Mid,stuns,45,34.27484847092612,364.7988327239306,286.2970930556594,48.902286610205,NA
5017210,Team Resilience,Mid,teamfight_participation,45,34.27484847092612,1603.0322098147767,192.10318782471737,32.813065090786715,NA
5017210,Team Resilience,Mid,the Clutch,45,34.27484847092612,0.158053185408447,0.370231770691382,0.06323913375897885,0.062309775123654654
5017210,Team Resilience,Mid,the Cruel,0,NA,NA,NA,NA,NA
5017210,Team Resilience,Mid,the Decisive,45,34.27484847092612,0.0290720802079426,0.1705144849095915,0.029125507783689625,0.028697481013586518
5017210,Team Resilience,Mid,the Flayed Twins Acolyte,45,34.27484847092612,0.053110880590877145,0.22759936323364804,0.03887615195236435,0.03830483028210229
5017210,Team Resilience,Mid,the Lucky,45,34.27484847092612,0.1512508533700319,0.36363721306688135,0.062112720131865466,0.06119991520575706
5017210,Team Resilience,Mid,the Patient,45,34.27484847092612,0,0,0,0
5017210,Team Resilience,Mid,the Tormented,45,34.27484847092612,0.016549053713393307,0.12947701024874977,0.022115913916687425,0.021790899730773756
5017210,Team Resilience,Mid,the Underdog,45,34.27484847092612,0.35736054900112263,0.4863699374236116,0.08307664539874644,0.08185575584498767
5017210,Team Resilience,Mid,tormentor_kills,45,34.27484847092612,342.2423622057836,567.0246037645653,96.85323519139577,NA
5017210,Team Resilience,Mid,tower_kills,45,34.27484847092612,398.3866271684291,365.0284039513136,62.35034886443099,NA
5017210,Team Resilience,Mid,wards_placed,45,34.27484847092612,211.78787027481553,97.51182848530914,16.655954601490418,NA
5017210,Team Resilience,Mid,watchers_taken,45,34.27484847092612,197.74873137912348,176.19894654061727,30.09646829515766,NA
5017210,Team Resilience,Support,Cerulean,45,34.27484847092612,0.18513902469358642,0.2574664476180186,0.043977736132584155,0.06634420185763985
5017210,Team Resilience,Support,Crimson,45,34.27484847092612,0.2110492318652379,0.2874875542355592,0.04910562878597228,0.06969940454641575
5017210,Team Resilience,Support,Elemental,45,34.27484847092612,0.2625380239475041,0.2619004488154784,0.044735106020884124,0.07515850809313394
5017210,Team Resilience,Support,Emerald,45,34.27484847092612,0.26059180278125,0.27551241020907974,0.04706015944805087,0.07497815231681224
5017210,Team Resilience,Support,Golden,45,34.27484847092612,0.43265694288160783,0.37093952671138863,0.06336002526846314,0.08462660903759625
5017210,Team Resilience,Support,Heroic,45,34.27484847092612,0.1756570485799942,0.2422505386395252,0.04137871308991422,0.06499784881860778
5017210,Team Resilience,Support,Otherworldly,45,34.27484847092612,0.08041206523714872,0.1864240044189276,0.03184300615076158,0.046448262054588595
5017210,Team Resilience,Support,Royal,45,34.27484847092612,0.14431996875792766,0.25723208161403716,0.043937704173558426,0.06002485780537751
5017210,Team Resilience,Support,camps_stacked,45,34.27484847092612,892.9824423605032,324.7403861733587,55.46876941384411,NA
5017210,Team Resilience,Support,courier_kills,45,34.27484847092612,391.38401552283943,377.5018403393434,64.48093131202506,NA
5017210,Team Resilience,Support,creep_score,45,34.27484847092612,246.46580140412553,113.83315178796512,19.44379300210293,NA
5017210,Team Resilience,Support,deaths,45,34.27484847092612,915.5501783828535,547.5332925607993,93.52393248446973,NA
5017210,Team Resilience,Support,first_blood,45,34.27484847092612,186.36554820410456,387.11179232790533,66.1224031881073,NA
5017210,Team Resilience,Support,gpm,45,34.27484847092612,735.6423842408628,112.73230449394428,19.25575773666693,NA
5017210,Team Resilience,Support,kills,45,34.27484847092612,294.6327026864102,180.7279670562234,30.870068393411582,NA
5017210,Team Resilience,Support,lotuses_grabbed,45,34.27484847092612,475.9987661718454,275.8031435372028,47.10981948611577,NA
5017210,Team Resilience,Support,neutral_tokens_found,45,34.27484847092612,110.92067382358292,72.27666544087091,12.345546966249577,NA
5017210,Team Resilience,Support,roshan_kills,45,34.27484847092612,31.749732783077718,134.63337142576705,22.996669810688804,NA
5017210,Team Resilience,Support,runes_grabbed,45,34.27484847092612,346.93136689288787,170.19179279042783,29.070388877906222,NA
5017210,Team Resilience,Support,smokes_used,45,34.27484847092612,917.4514669445736,269.5182978823107,46.03630763087425,NA
5017210,Team Resilience,Support,stuns,45,34.27484847092612,377.18457946697373,297.78784343324975,50.8650168717449,NA
5017210,Team Resilience,Support,teamfight_participation,45,34.27484847092612,1469.0719640765515,153.53765952153503,26.225703346287457,NA
5017210,Team Resilience,Support,the Clutch,45,34.27484847092612,0.158053185408447,0.370231770691382,0.06323913375897885,0.062309775123654654
5017210,Team Resilience,Support,the Cruel,0,NA,NA,NA,NA,NA
5017210,Team Resilience,Support,the Decisive,45,34.27484847092612,0.0290720802079426,0.1705144849095915,0.029125507783689625,0.028697481013586518
5017210,Team Resilience,Support,the Flayed Twins Acolyte,45,34.27484847092612,0.053110880590877145,0.22759936323364804,0.03887615195236435,0.03830483028210229
5017210,Team Resilience,Support,the Lucky,45,34.27484847092612,0.1512508533700319,0.36363721306688135,0.062112720131865466,0.06119991520575706
5017210,Team Resilience,Support,the Patient,45,34.27484847092612,0,0,0,0
5017210,Team Resilience,Support,the Tormented,45,34.27484847092612,0.016549053713393307,0.12947701024874977,0.022115913916687425,0.021790899730773756
5017210,Team Resilience,Support,the Underdog,45,34.27484847092612,0.35736054900112263,0.4863699374236116,0.08307664539874644,0.08185575584498767
5017210,Team Resilience,Support,tormentor_kills,45,34.27484847092612,551.9183041915788,560.462873688083,95.73242882401658,NA
5017210,Team Resilience,Support,tower_kills,45,34.27484847092612,39.54061857895004,79.3591145237839,13.555297129124826,NA
5017210,Team Resilience,Support,wards_placed,45,34.27484847092612,978.3121901202535,234.4844026114424,40.05218264615135,NA
5017210,Team Resilience,Support,watchers_taken,45,34.27484847092612,748.7025157291113,209.10310946946333,35.71681459012506,NA
7119388,Team Spirit,Core,Cerulean,75,57.12142836417934,0.09317486546275766,0.19642123936038247,0.025988961012183873,0.03846020832142051
7119388,Team Spirit,Core,Crimson,75,57.12142836417934,0.3411091542305948,0.3029844151494579,0.04008858806847955,0.06272691008271998
7119388,Team Spirit,Core,Elemental,75,57.12142836417934,0.3046923168441103,0.3767883561982773,0.04985376291774361,0.06090034268054939
7119388,Team Spirit,Core,Emerald,75,57.12142836417934,0.18194467714196572,0.25979786070306665,0.034374472408621855,0.051045972874799436
7119388,Team Spirit,Core,Golden,75,57.12142836417934,0.26860462041560207,0.34303958131288154,0.04538838230227832,0.0586453140512411
7119388,Team Spirit,Core,Heroic,75,57.12142836417934,0.15117472930595063,0.26182437748805104,0.03464260566084548,0.047396821774849884
7119388,Team Spirit,Core,Otherworldly,75,57.12142836417934,0.22542645556482221,0.310388036973489,0.04106817886813167,0.055288427967542256
7119388,Team Spirit,Core,Royal,75,57.12142836417934,0.17278661454946656,0.24495927280618804,0.032411143577261145,0.050022373543804274
7119388,Team Spirit,Core,camps_stacked,75,57.12142836417934,572.7186701005497,356.65707518865213,47.190145281544176,NA
7119388,Team Spirit,Core,courier_kills,75,57.12142836417934,234.7857905912279,302.1405216389002,39.976930512424325,NA
7119388,Team Spirit,Core,creep_score,75,57.12142836417934,1352.234724144041,365.677897888435,48.3837117726523,NA
7119388,Team Spirit,Core,deaths,75,57.12142836417934,1122.5800731037752,526.2263090180367,69.62625362302646,NA
7119388,Team Spirit,Core,first_blood,75,57.12142836417934,307.4695684267373,454.31142671266394,60.111024625815006,NA
7119388,Team Spirit,Core,gpm,75,57.12142836417934,1380.7914140259595,181.45320559464344,24.00850489026153,NA
7119388,Team Spirit,Core,kills,75,57.12142836417934,838.9697785885746,351.9912155961711,46.57279430956079,NA
7119388,Team Spirit,Core,lotuses_grabbed,75,57.12142836417934,399.42409183133213,252.75607831940968,33.442757445305844,NA
7119388,Team Spirit,Core,neutral_tokens_found,75,57.12142836417934,777.955136027028,184.61511065412566,24.42686406355002,NA
7119388,Team Spirit,Core,roshan_kills,75,57.12142836417934,557.8647315399963,491.33766646974726,65.01005440797154,NA
7119388,Team Spirit,Core,runes_grabbed,75,57.12142836417934,497.64915735321415,257.65477643239666,34.09091583532237,NA
7119388,Team Spirit,Core,smokes_used,75,57.12142836417934,47.86562811344065,86.12852430371917,11.395869751434656,NA
7119388,Team Spirit,Core,stuns,75,57.12142836417934,288.55489525926373,208.48305828636134,27.584888941485563,NA
7119388,Team Spirit,Core,teamfight_participation,75,57.12142836417934,1291.9970635983925,202.3443489967337,26.772661725565435,NA
7119388,Team Spirit,Core,the Clutch,75,57.12142836417934,0.37634497372812425,0.48876538943606945,0.06466971032014031,0.06410113865411189
7119388,Team Spirit,Core,the Cruel,0,NA,NA,NA,NA,NA
7119388,Team Spirit,Core,the Decisive,75,57.12142836417934,0.014817293122521315,0.12189278436233933,0.016127924000352893,0.015986128396614053
7119388,Team Spirit,Core,the Flayed Twins Acolyte,75,57.12142836417934,0.02231577939084794,0.1490186086286593,0.019717006278707212,0.019543655709275548
7119388,Team Spirit,Core,the Lucky,75,57.12142836417934,0.05779406749625582,0.2354234496196525,0.031149436147754228,0.030875572437545854
7119388,Team Spirit,Core,the Patient,75,57.12142836417934,0,0,0,0
7119388,Team Spirit,Core,the Tormented,75,57.12142836417934,0.009929376124354178,0.10002976301851785,0.013235175684725863,0.013118812926148611
7119388,Team Spirit,Core,the Underdog,75,57.12142836417934,0.3642550532493628,0.48548903159809603,0.06423620762771087,0.06367144728767792
7119388,Team Spirit,Core,tormentor_kills,75,57.12142836417934,748.7302311641896,604.9655272711677,80.0444267288174,NA
7119388,Team Spirit,Core,tower_kills,75,57.12142836417934,808.1250451293563,471.3320124800545,62.36305878135585,NA
7119388,Team Spirit,Core,wards_placed,75,57.12142836417934,27.969477923695344,36.84267867409289,4.874742378998264,NA
7119388,Team Spirit,Core,watchers_taken,75,57.12142836417934,158.26150825228768,122.61376071576241,16.22331809521165,NA
7119388,Team Spirit,Mid,Cerulean,98,74.63765581930606,0.32585520784682165,0.47186519327868087,0.05461839673590304,0.05425127254619625
7119388,Team Spirit,Mid,Crimson,98,74.63765581930606,0.3551292936550824,0.48179089849439394,0.055767297127535156,0.05539245046425649
7119388,Team Spirit,Mid,Elemental,98,74.63765581930606,0.24095663161584382,0.43055809107828474,0.049837099602466725,0.049502113482362164
7119388,Team Spirit,Mid,Emerald,98,74.63765581930606,0.14552576018957797,0.3550164227217418,0.04109315139191731,0.04081693878208545
7119388,Team Spirit,Mid,Golden,98,74.63765581930606,0.08019756603225822,0.2734367535921642,0.03165030458403371,0.03143756321631157
7119388,Team Spirit,Mid,Heroic,98,74.63765581930606,0.11906834104556784,0.3260605662392353,0.03774151096639567,0.037487826814902814
7119388,Team Spirit,Mid,Otherworldly,98,74.63765581930606,0.39391245876305614,0.49192235021185826,0.056940012677012646,0.05655728346368513
7119388,Team Spirit,Mid,Royal,98,74.63765581930606,0.049716843583898294,0.21883022558178303,0.025329598895789097,0.025159342919305962
7119388,Team Spirit,Mid,camps_stacked,98,74.63765581930606,360.8919330942684,307.1942575448935,35.55773571048058,NA
7119388,Team Spirit,Mid,courier_kills,98,74.63765581930606,105.16718900041587,295.2120560681577,34.17079587395959,NA
7119388,Team Spirit,Mid,creep_score,98,74.63765581930606,1200.8220553640917,378.11565794049193,43.7668878985397,NA
7119388,Team Spirit,Mid,deaths,98,74.63765581930606,1202.940850877977,538.2202594435242,62.29899573081148,NA
7119388,Team Spirit,Mid,first_blood,98,74.63765581930606,51.65705975901182,313.93752812606584,36.338269289024254,NA
7119388,Team Spirit,Mid,gpm,98,74.63765581930606,1236.1241007353935,187.82747911572704,21.741030952008604,NA
7119388,Team Spirit,Mid,kills,98,74.63765581930606,893.1323250741759,517.5237057548507,59.90336961442134,NA
7119388,Team Spirit,Mid,lotuses_grabbed,98,74.63765581930606,121.36492291158238,241.7474166878056,27.982263796126436,NA
7119388,Team Spirit,Mid,neutral_tokens_found,98,74.63765581930606,492.94188224299296,226.18128224778235,26.180483714442232,NA
7119388,Team Spirit,Mid,roshan_kills,98,74.63765581930606,247.39120477034612,573.5925916175116,66.39334322596986,NA
7119388,Team Spirit,Mid,runes_grabbed,98,74.63765581930606,1459.207338473292,603.1613144198969,69.81592292881481,NA
7119388,Team Spirit,Mid,smokes_used,98,74.63765581930606,13.07138757771701,60.89946954385303,7.049113678931084,NA
7119388,Team Spirit,Mid,stuns,98,74.63765581930606,375.3346582804053,424.70493288430174,49.159596533898245,NA
7119388,Team Spirit,Mid,teamfight_participation,98,74.63765581930606,1464.706561658947,293.8049518179498,34.00792355516738,NA
7119388,Team Spirit,Mid,the Clutch,98,74.63765581930606,0.3527318357555134,0.48105360191771457,0.0556819550478253,0.055307682021704316
7119388,Team Spirit,Mid,the Cruel,0,NA,NA,NA,NA,NA
7119388,Team Spirit,Mid,the Decisive,98,74.63765581930606,0.013621150562894575,0.11669648917241913,0.013507618773529429,0.013416825672789427
7119388,Team Spirit,Mid,the Flayed Twins Acolyte,98,74.63765581930606,0.021445708158593157,0.14584504436485712,0.016881564074976343,0.016768092590963794
7119388,Team Spirit,Mid,the Lucky,98,74.63765581930606,0.05643456797827636,0.23232055225891443,0.02689110422621795,0.026710352401935974
7119388,Team Spirit,Mid,the Patient,98,74.63765581930606,0,0,0,0
7119388,Team Spirit,Mid,the Tormented,98,74.63765581930606,0.0217482647752462,0.1468475270802508,0.016997601450587388,0.016883350007256322
7119388,Team Spirit,Mid,the Underdog,98,74.63765581930606,0.39162911872237255,0.4914176098347917,0.05688158897771053,0.05649925246637626
7119388,Team Spirit,Mid,tormentor_kills,98,74.63765581930606,478.27013038692496,548.1872340167471,63.45267305062904,NA
7119388,Team Spirit,Mid,tower_kills,98,74.63765581930606,257.3728430711958,329.32507617083763,38.11937799522576,NA
7119388,Team Spirit,Mid,wards_placed,98,74.63765581930606,130.79094428943077,85.75928386954442,9.926637219472434,NA
7119388,Team Spirit,Mid,watchers_taken,98,74.63765581930606,260.1132465933088,228.16443068785387,26.410033148960583,NA
7119388,Team Spirit,Support,Cerulean,63,47.982654105485594,0.07552472738383888,0.18094398096726316,0.026121734298568983,0.03814609617864574
7119388,Team Spirit,Support,Crimson,63,47.982654105485594,0.2346217329964637,0.2925173978819275,0.04222888047634442,0.061175855149421594
7119388,Team Spirit,Support,Elemental,63,47.982654105485594,0.21181185862034374,0.27058040035189396,0.03906197535065486,0.058985864708221036
7119388,Team Spirit,Support,Emerald,63,47.982654105485594,0.3933188919131157,0.30292489207388235,0.04373134436899709,0.07051970806355524
7119388,Team Spirit,Support,Golden,63,47.982654105485594,0.3126773624597594,0.3258229744464407,0.04703699521455316,0.06692469652717084
7119388,Team Spirit,Support,Heroic,63,47.982654105485594,0.30591899689272095,0.34525236505572676,0.04984189304185754,0.06652213340705422
7119388,Team Spirit,Support,Otherworldly,63,47.982654105485594,0.14377446290165893,0.23608581962171452,0.034082211626227314,0.05065156072980582
7119388,Team Spirit,Support,Royal,63,47.982654105485594,0.2147041215689941,0.2789475886591419,0.040269893230098254,0.059278160237331366
7119388,Team Spirit,Support,camps_stacked,63,47.982654105485594,935.1908428422267,443.9504001191337,64.09030204631958,NA
7119388,Team Spirit,Support,courier_kills,63,47.982654105485594,138.73539001100423,226.08009655337756,32.63774888113358,NA
7119388,Team Spirit,Support,creep_score,63,47.982654105485594,230.07955786874268,132.93610262658112,19.191141550749386,NA
7119388,Team Spirit,Support,deaths,63,47.982654105485594,543.3878595408316,644.1980094304381,92.99877867202129,NA
7119388,Team Spirit,Support,first_blood,63,47.982654105485594,184.22502101129857,383.76568134788494,55.40181611729003,NA
7119388,Team Spirit,Support,gpm,63,47.982654105485594,742.3155875097332,88.52050063232393,12.779142943208607,NA
7119388,Team Spirit,Support,kills,63,47.982654105485594,383.9053761738976,151.83275357378764,21.91913113369681,NA
7119388,Team Spirit,Support,lotuses_grabbed,63,47.982654105485594,649.5644455243051,394.3872409408957,56.935183273477676,NA
7119388,Team Spirit,Support,neutral_tokens_found,63,47.982654105485594,56.86443109841164,45.22678866438001,6.5291044794809086,NA
7119388,Team Spirit,Support,roshan_kills,63,47.982654105485594,42.50614466975397,153.60188207728248,22.174528989216956,NA
7119388,Team Spirit,Support,runes_grabbed,63,47.982654105485594,351.2087879507313,188.28726427530017,27.18183751076903,NA
7119388,Team Spirit,Support,smokes_used,63,47.982654105485594,981.5277463711684,281.02846276978624,40.57029582064841,NA
7119388,Team Spirit,Support,stuns,63,47.982654105485594,527.1748913706195,360.23396421365754,52.00469144210903,NA
7119388,Team Spirit,Support,teamfight_participation,63,47.982654105485594,1395.7428303216125,216.28375422213128,31.223513104366095,NA
7119388,Team Spirit,Support,the Clutch,63,47.982654105485594,0.37538848269403025,0.48934913600620855,0.07064422945519887,0.06990421008099959
7119388,Team Spirit,Support,the Cruel,0,NA,NA,NA,NA,NA
7119388,Team Spirit,Support,the Decisive,63,47.982654105485594,0.010149846782216108,0.10129495840383708,0.01462331034757299,0.01447012681006982
7119388,Team Spirit,Support,the Flayed Twins Acolyte,63,47.982654105485594,0.016136940082779,0.1273360226703041,0.018382693544429264,0.018190129346648997
7119388,Team Spirit,Support,the Lucky,63,47.982654105485594,0.06070333977992649,0.24131317950896372,0.034836852401387584,0.03447192598189148
7119388,Team Spirit,Support,the Patient,63,47.982654105485594,0,0,0,0
7119388,Team Spirit,Support,the Tormented,63,47.982654105485594,0.009525393318075859,0.09816043889018593,0.014170799656410021,0.014022356303364599
7119388,Team Spirit,Support,the Underdog,63,47.982654105485594,0.36634845025358853,0.48690674410965895,0.07029163683601587,0.06955531097466834
7119388,Team Spirit,Support,tormentor_kills,63,47.982654105485594,537.6796317588949,518.1728602951099,74.80532762129985,NA
7119388,Team Spirit,Support,tower_kills,63,47.982654105485594,34.81547459277579,84.03563148552485,12.131690844552,NA
7119388,Team Spirit,Support,wards_placed,63,47.982654105485594,1093.1668436199438,249.0434549799156,35.95282321637415,NA
7119388,Team Spirit,Support,watchers_taken,63,47.982654105485594,700.9559676752269,209.06870355676864,30.1819220250507,NA
9823272,Team Yandex,Core,Cerulean,49,37.32097102208681,0.16001053451418998,0.23643118580175682,0.03870154413000405,0.060011535675380534
9823272,Team Yandex,Core,Crimson,49,37.32097102208681,0.22451910962224073,0.27368088988720646,0.044798967621765384,0.0683023644980862
9823272,Team Yandex,Core,Elemental,49,37.32097102208681,0.18548443060063602,0.26108724032406844,0.04273750655573553,0.06362487737573139
9823272,Team Yandex,Core,Emerald,49,37.32097102208681,0.12162852159289199,0.23633252894694,0.038685394937978165,0.05350327410318505
9823272,Team Yandex,Core,Golden,49,37.32097102208681,0.2325087693083843,0.32392052337837396,0.053022719433694084,0.06914804601055148
9823272,Team Yandex,Core,Heroic,49,37.32097102208681,0.09667760194370158,0.20016440369041158,0.03276501564889096,0.048373538467633474
9823272,Team Yandex,Core,Otherworldly,49,37.32097102208681,0.23552486923774688,0.3376363065410862,0.055267863133960246,0.06945821196374745
9823272,Team Yandex,Core,Royal,49,37.32097102208681,0.2495807497069612,0.3194820426504664,0.052296182208163615,0.0708404087269243
9823272,Team Yandex,Core,camps_stacked,49,37.32097102208681,608.061158409008,382.76202416450997,62.65451539000142,NA
9823272,Team Yandex,Core,courier_kills,49,37.32097102208681,258.77847848987324,313.46607462426795,51.31142526393446,NA
9823272,Team Yandex,Core,creep_score,49,37.32097102208681,1398.219624649564,579.678888273845,94.88793959089976,NA
9823272,Team Yandex,Core,deaths,49,37.32097102208681,1374.0069851108688,407.5823225168588,66.71736297394378,NA
9823272,Team Yandex,Core,first_blood,49,37.32097102208681,152.35964215938716,357.1212350058451,58.457361237992664,NA
9823272,Team Yandex,Core,gpm,49,37.32097102208681,1397.261222333692,189.7409895029929,31.058801543540497,NA
9823272,Team Yandex,Core,kills,49,37.32097102208681,659.3899632798592,343.0716650791874,56.15757980822799,NA
9823272,Team Yandex,Core,lotuses_grabbed,49,37.32097102208681,340.16338571327435,215.6112343380759,35.29351541490972,NA
9823272,Team Yandex,Core,neutral_tokens_found,49,37.32097102208681,725.3774648137672,402.6139601207087,65.90408914174434,NA
9823272,Team Yandex,Core,roshan_kills,49,37.32097102208681,397.81244996997475,448.99930959616006,73.49693119268709,NA
9823272,Team Yandex,Core,runes_grabbed,49,37.32097102208681,529.6001900186409,373.598423667392,61.15452084475432,NA
9823272,Team Yandex,Core,smokes_used,49,37.32097102208681,14.443897773011786,44.27098474137995,7.2467405847377035,NA
9823272,Team Yandex,Core,stuns,49,37.32097102208681,258.71590547037283,252.68407564135813,41.361988145603746,NA
9823272,Team Yandex,Core,teamfight_participation,49,37.32097102208681,1256.282809062189,190.55250912882346,31.19163961439372,NA
9823272,Team Yandex,Core,the Clutch,49,37.32097102208681,0.3545840412203593,0.48492791444667666,0.07937810326157671,0.0783074307654919
9823272,Team Yandex,Core,the Cruel,0,NA,NA,NA,NA,NA
9823272,Team Yandex,Core,the Decisive,49,37.32097102208681,0.08558900215603285,0.2835812052847292,0.046419555413341466,0.045793436380265416
9823272,Team Yandex,Core,the Flayed Twins Acolyte,49,37.32097102208681,0.2034658209938004,0.40808034963404494,0.06679888529253453,0.06589788455916905
9823272,Team Yandex,Core,the Lucky,49,37.32097102208681,0.0730126507794624,0.2637143143031828,0.043167533665698636,0.04258527874752083
9823272,Team Yandex,Core,the Patient,49,37.32097102208681,0,0,0,0
9823272,Team Yandex,Core,the Tormented,49,37.32097102208681,0,0,0,0
9823272,Team Yandex,Core,the Underdog,49,37.32097102208681,0.25528529770470926,0.44198304324036053,0.07234843489311467,0.07137258039178476
9823272,Team Yandex,Core,tormentor_kills,49,37.32097102208681,595.2436806059046,576.6179766558768,94.38689737153632,NA
9823272,Team Yandex,Core,tower_kills,49,37.32097102208681,745.5429408792123,521.5635568818949,85.37501068150775,NA
9823272,Team Yandex,Core,wards_placed,49,37.32097102208681,11.083448534347372,25.457129599182007,4.1670908229173795,NA
9823272,Team Yandex,Core,watchers_taken,49,37.32097102208681,267.7819969473009,148.07812035430078,24.238984760602754,NA
9823272,Team Yandex,Mid,Cerulean,66,50.2673355441757,0.10152826275205605,0.3050767300334607,0.04302948516196238,0.04259932864582795
9823272,Team Yandex,Mid,Crimson,66,50.2673355441757,0.22979774663525634,0.4249508188257369,0.05993710156530219,0.05933792324142771
9823272,Team Yandex,Mid,Elemental,66,50.2673355441757,0.5019217374943339,0.505045134587716,0.07123398799534754,0.07052187712553105
9823272,Team Yandex,Mid,Emerald,66,50.2673355441757,0.13566949400728281,0.3458951068868985,0.04878670479965074,0.04829899459602395
9823272,Team Yandex,Mid,Golden,66,50.2673355441757,0.07694521371483075,0.26919558910517316,0.03796863695830329,0.037589072654085336
9823272,Team Yandex,Mid,Heroic,66,50.2673355441757,0.2913489719420237,0.4589721680408972,0.06473563582611952,0.06408848758644393
9823272,Team Yandex,Mid,Otherworldly,66,50.2673355441757,0.3271871368107043,0.4739239414212969,0.06684450565288858,0.06617627549475057
9823272,Team Yandex,Mid,Royal,66,50.2673355441757,0.20841620716296344,0.4102773918649192,0.05786749105250957,0.057289002180172514
9823272,Team Yandex,Mid,camps_stacked,66,50.2673355441757,388.48743872025335,391.53705917887055,55.224264651216615,NA
9823272,Team Yandex,Mid,courier_kills,66,50.2673355441757,330.3367110460551,520.7130777814675,73.44386984736573,NA
9823272,Team Yandex,Mid,creep_score,66,50.2673355441757,1064.0287422776307,475.7914301955924,67.10790522615287,NA
9823272,Team Yandex,Mid,deaths,66,50.2673355441757,1235.2230938893847,593.9310730632666,83.77088705782704,NA
9823272,Team Yandex,Mid,first_blood,66,50.2673355441757,233.86162951477425,636.9201890773902,89.83427815767502,NA
9823272,Team Yandex,Mid,gpm,66,50.2673355441757,1219.1126676697788,205.74919680128474,29.019853496776157,NA
9823272,Team Yandex,Mid,kills,66,50.2673355441757,869.87969711449,402.31789069169525,56.744844833008344,NA
9823272,Team Yandex,Mid,lotuses_grabbed,66,50.2673355441757,290.7954805562579,333.9240763019784,47.09825323249674,NA
9823272,Team Yandex,Mid,neutral_tokens_found,66,50.2673355441757,347.74008498011625,176.86105719343018,24.945331738015536,NA
9823272,Team Yandex,Mid,roshan_kills,66,50.2673355441757,307.21912391634737,714.0334071050266,100.71069626582577,NA
9823272,Team Yandex,Mid,runes_grabbed,66,50.2673355441757,1220.0737067074406,555.5252386822436,78.3539439810812,NA
9823272,Team Yandex,Mid,smokes_used,66,50.2673355441757,2.0920375571297862,24.91873191316859,3.5146574600921,NA
9823272,Team Yandex,Mid,stuns,66,50.2673355441757,540.8920785520526,468.51584935443736,66.08172241039107,NA
9823272,Team Yandex,Mid,teamfight_participation,66,50.2673355441757,1481.00104516355,276.0152791433404,38.93051874874439,NA
9823272,Team Yandex,Mid,the Clutch,66,50.2673355441757,0.3582797052116872,0.4843367088675453,0.06831317231348301,0.06763026021035527
9823272,Team Yandex,Mid,the Cruel,0,NA,NA,NA,NA,NA
9823272,Team Yandex,Mid,the Decisive,66,50.2673355441757,0.07544442407536746,0.2667739872967075,0.037627082625155274,0.03725093276620583
9823272,Team Yandex,Mid,the Flayed Twins Acolyte,66,50.2673355441757,0.19002391019745468,0.39628133717315595,0.05589342037324411,0.055334665861260186
9823272,Team Yandex,Mid,the Lucky,66,50.2673355441757,0.08473731340266852,0.2813025176351453,0.03967625622339846,0.03927962121635446
9823272,Team Yandex,Mid,the Patient,66,50.2673355441757,0,0,0,0
9823272,Team Yandex,Mid,the Tormented,66,50.2673355441757,0.005115945978293966,0.07206304432456118,0.010164117388269646,0.01006250889100637
9823272,Team Yandex,Mid,the Underdog,66,50.2673355441757,0.28304589930989077,0.4550273542190668,0.06417924036523158,0.06353765429140919
9823272,Team Yandex,Mid,tormentor_kills,66,50.2673355441757,510.93038433110223,624.9716887326031,88.14900436364513,NA
9823272,Team Yandex,Mid,tower_kills,66,50.2673355441757,465.4426252986548,615.7518844622923,86.84859895087563,NA
9823272,Team Yandex,Mid,wards_placed,66,50.2673355441757,194.67566942806255,63.7938813656705,8.997794985369861,NA
9823272,Team Yandex,Mid,watchers_taken,66,50.2673355441757,116.0036331997225,146.58710963941851,20.67534898014837,NA
9823272,Team Yandex,Support,Cerulean,66,50.2673355441757,0.21726180215549334,0.27734470698910135,0.03911802762809023,0.058164368862087736
9823272,Team Yandex,Support,Crimson,66,50.2673355441757,0.20668014065628335,0.3097774078136613,0.0436924913006873,0.057112425486074675
9823272,Team Yandex,Support,Elemental,66,50.2673355441757,0.2282935553425475,0.2659430632458363,0.03750988511188129,0.0592011245660704
9823272,Team Yandex,Support,Emerald,66,50.2673355441757,0.385596009973955,0.3750751869986911,0.05290240324724305,0.06865154990360549
9823272,Team Yandex,Support,Golden,66,50.2673355441757,0.29779156330808776,0.3213138101325366,0.045319640812706875,0.06449800527497704
9823272,Team Yandex,Support,Heroic,66,50.2673355441757,0.24183583405899067,0.30924493254030827,0.04361738843436464,0.060394726735571176
9823272,Team Yandex,Support,Otherworldly,66,50.2673355441757,0.12015409303587414,0.21579252929138662,0.030436413279333465,0.04585953649097394
9823272,Team Yandex,Support,Royal,66,50.2673355441757,0.05853174657108898,0.16237115352431836,0.022901606230468868,0.0331097307396765
9823272,Team Yandex,Support,camps_stacked,66,50.2673355441757,885.1275825986663,568.4298910458341,80.17407804157968,NA
9823272,Team Yandex,Support,courier_kills,66,50.2673355441757,414.7660107740229,477.218650969295,67.30920728907371,NA
9823272,Team Yandex,Support,creep_score,66,50.2673355441757,324.3918201276452,213.8516590374019,30.162663630233812,NA
9823272,Team Yandex,Support,deaths,66,50.2673355441757,853.9394129014864,622.2838992199813,87.76990564005796,NA
9823272,Team Yandex,Support,first_blood,66,50.2673355441757,249.75631281953395,427.51858540687823,60.29927167899944,NA
9823272,Team Yandex,Support,gpm,66,50.2673355441757,760.671533806195,119.09630976308294,16.797914718808553,NA
9823272,Team Yandex,Support,kills,66,50.2673355441757,358.6531224543673,195.5452808401264,27.58064425129743,NA
9823272,Team Yandex,Support,lotuses_grabbed,66,50.2673355441757,583.9230207491861,307.8445880114795,43.41987712592016,NA
9823272,Team Yandex,Support,neutral_tokens_found,66,50.2673355441757,101.46793859774091,74.71404753000783,10.538027594664511,NA
9823272,Team Yandex,Support,roshan_kills,66,50.2673355441757,30.33533094010401,131.14271051156695,18.4969968553094,NA
9823272,Team Yandex,Support,runes_grabbed,66,50.2673355441757,490.4452373896915,245.63807263260193,34.64597185238712,NA
9823272,Team Yandex,Support,smokes_used,66,50.2673355441757,872.8773186733836,417.78222186253856,58.92600826878561,NA
9823272,Team Yandex,Support,stuns,66,50.2673355441757,353.61801168628557,241.14761155453706,34.012615685537654,NA
9823272,Team Yandex,Support,teamfight_participation,66,50.2673355441757,1382.444101246571,172.01192504272066,24.261386882881993,NA
9823272,Team Yandex,Support,the Clutch,66,50.2673355441757,0.3582797052116872,0.4843367088675453,0.06831317231348301,0.06763026021035527
9823272,Team Yandex,Support,the Cruel,0,NA,NA,NA,NA,NA
9823272,Team Yandex,Support,the Decisive,66,50.2673355441757,0.07544442407536746,0.2667739872967075,0.037627082625155274,0.03725093276620583
9823272,Team Yandex,Support,the Flayed Twins Acolyte,66,50.2673355441757,0.19002391019745468,0.39628133717315595,0.05589342037324411,0.055334665861260186
9823272,Team Yandex,Support,the Lucky,66,50.2673355441757,0.08473731340266852,0.2813025176351453,0.03967625622339846,0.03927962121635446
9823272,Team Yandex,Support,the Patient,66,50.2673355441757,0,0,0,0
9823272,Team Yandex,Support,the Tormented,66,50.2673355441757,0.005115945978293966,0.07206304432456118,0.010164117388269646,0.01006250889100637
9823272,Team Yandex,Support,the Underdog,66,50.2673355441757,0.28304589930989077,0.4550273542190668,0.06417924036523158,0.06353765429140919
9823272,Team Yandex,Support,tormentor_kills,66,50.2673355441757,381.7334895111652,467.3204938385372,65.91312373546408,NA
9823272,Team Yandex,Support,tower_kills,66,50.2673355441757,115.50147654766818,183.12993610054346,25.829524484824457,NA
9823272,Team Yandex,Support,wards_placed,66,50.2673355441757,1004.9113659795636,378.0036867615136,53.31545289897284,NA
9823272,Team Yandex,Support,watchers_taken,66,50.2673355441757,929.0163709788613,365.33312444843614,51.52833602190231,NA
726228,Vici Gaming,Core,Cerulean,108,82.25346509879371,0.11919670925947028,0.21435747620369075,0.02363532256956508,0.035726831017454636
726228,Vici Gaming,Core,Crimson,108,82.25346509879371,0.2813758794946113,0.33330276657482877,0.036750378577133556,0.04958122201770879
726228,Vici Gaming,Core,Elemental,108,82.25346509879371,0.13813318123991333,0.23778008146037974,0.026217928226553607,0.038044509231545336
726228,Vici Gaming,Core,Emerald,108,82.25346509879371,0.22510737895749228,0.29846254850426196,0.03290885269674227,0.046050942915909
726228,Vici Gaming,Core,Golden,108,82.25346509879371,0.3469098056919293,0.33067723995621695,0.03646088473887385,0.052482893198014496
726228,Vici Gaming,Core,Heroic,108,82.25346509879371,0.11492449172508631,0.2315679409192189,0.025532969865697138,0.03516570723382154
726228,Vici Gaming,Core,Otherworldly,108,82.25346509879371,0.24456637368651454,0.3156906924108644,0.034808449322523145,0.04739357034033105
726228,Vici Gaming,Core,Royal,108,82.25346509879371,0.15259712536061487,0.27155114983597445,0.029941568328648985,0.03964980368624966
726228,Vici Gaming,Core,camps_stacked,108,82.25346509879371,691.1655503929804,388.7239559093072,42.86118800775319,NA
726228,Vici Gaming,Core,courier_kills,108,82.25346509879371,110.81644626892506,192.73640850339746,21.25135668955423,NA
726228,Vici Gaming,Core,creep_score,108,82.25346509879371,1316.0888263525067,474.44671039192303,52.31308578911628,NA
726228,Vici Gaming,Core,deaths,108,82.25346509879371,1210.5723952979752,396.8812927246547,43.76062613491289,NA
726228,Vici Gaming,Core,first_blood,108,82.25346509879371,192.4915508151093,388.48573070325403,42.83492099953409,NA
726228,Vici Gaming,Core,gpm,108,82.25346509879371,1282.608612480007,219.63590750351102,24.21732898539912,NA
726228,Vici Gaming,Core,kills,108,82.25346509879371,522.080445200774,340.5880992775057,37.55366844368688,NA
726228,Vici Gaming,Core,lotuses_grabbed,108,82.25346509879371,330.0337820430156,209.88561441276667,23.14224951334674,NA
726228,Vici Gaming,Core,neutral_tokens_found,108,82.25346509879371,653.4092779392864,227.1123221665504,25.04168778712735,NA
726228,Vici Gaming,Core,roshan_kills,108,82.25346509879371,382.0601261112526,515.5129336937985,56.84109876838509,NA
726228,Vici Gaming,Core,runes_grabbed,108,82.25346509879371,381.22112204065695,242.95001882855317,26.78797196622292,NA
726228,Vici Gaming,Core,smokes_used,108,82.25346509879371,49.94393787812432,152.9952438993387,16.869446334281356,NA
726228,Vici Gaming,Core,stuns,108,82.25346509879371,256.3729910449713,211.45785909481063,23.315607172134815,NA
726228,Vici Gaming,Core,teamfight_participation,108,82.25346509879371,1232.7883851652562,309.13465842183734,34.08557284136676,NA
726228,Vici Gaming,Core,the Clutch,108,82.25346509879371,0.25450126736581374,0.4382526848005967,0.04832228740366971,0.04802764901340177
726228,Vici Gaming,Core,the Cruel,0,NA,NA,NA,NA,NA
726228,Vici Gaming,Core,the Decisive,108,82.25346509879371,0.06286541786959952,0.2442097738748293,0.026926874128184747,0.026762691278523675
726228,Vici Gaming,Core,the Flayed Twins Acolyte,108,82.25346509879371,0.06521403342685764,0.2484178385598227,0.027390860586622538,0.027223848644412966
726228,Vici Gaming,Core,the Lucky,108,82.25346509879371,0.088236482229673,0.28537856781213766,0.03146619667359305,0.03127433593947023
726228,Vici Gaming,Core,the Patient,108,82.25346509879371,0,0,0,0
726228,Vici Gaming,Core,the Tormented,108,82.25346509879371,0.026658233432664328,0.16207070412768948,0.017870117893599876,0.017761157348622266
726228,Vici Gaming,Core,the Underdog,108,82.25346509879371,0.47740875799764254,0.5025536255035697,0.05541218929072634,0.05507432121512274
726228,Vici Gaming,Core,tormentor_kills,108,82.25346509879371,638.0649431615165,735.380252826095,81.08394348847916,NA
726228,Vici Gaming,Core,tower_kills,108,82.25346509879371,696.4005556504903,518.471208951756,57.1672818864628,NA
726228,Vici Gaming,Core,wards_placed,108,82.25346509879371,7.637286303199586,20.5977282838811,2.271131200141466,NA
726228,Vici Gaming,Core,watchers_taken,108,82.25346509879371,107.02344941776686,97.99061941093815,10.804567862929204,NA
726228,Vici Gaming,Mid,Cerulean,108,82.25346509879371,0.30900265479664396,0.46491702559786596,0.051262330862892995,0.050949765968755174
726228,Vici Gaming,Mid,Crimson,108,82.25346509879371,0.30755483168833114,0.46431223476199246,0.0511956458713259,0.05088348757959923
726228,Vici Gaming,Mid,Elemental,108,82.25346509879371,0.229260556043127,0.42293596662076066,0.04663344696153115,0.046349106039699134
726228,Vici Gaming,Mid,Emerald,108,82.25346509879371,0.18868428958465544,0.393657898127611,0.04340521062797845,0.04314055342576791
726228,Vici Gaming,Mid,Golden,108,82.25346509879371,0.0631909946772735,0.24479879748186406,0.026991820605442793,0.02682724175371847
726228,Vici Gaming,Mid,Heroic,108,82.25346509879371,0.06786117307624895,0.2530504630902973,0.027901659542929533,0.027731533075511752
726228,Vici Gaming,Mid,Otherworldly,108,82.25346509879371,0.4777513207587059,0.5025690957849454,0.0554138950632379,0.05507601658692493
726228,Vici Gaming,Mid,Royal,108,82.25346509879371,0.09894606789955157,0.3004213677666432,0.03312483455070786,0.032922860504065954
726228,Vici Gaming,Mid,camps_stacked,108,82.25346509879371,335.02287650662015,327.51372708786505,36.112071866000605,NA
726228,Vici Gaming,Mid,courier_kills,108,82.25346509879371,254.7909963753658,444.5387819465984,49.015400311978965,NA
726228,Vici Gaming,Mid,creep_score,108,82.25346509879371,1241.1665690393838,551.6976255724725,60.830868007038106,NA
726228,Vici Gaming,Mid,deaths,108,82.25346509879371,1196.517689102147,510.65136959309933,56.305056649642026,NA
726228,Vici Gaming,Mid,first_blood,108,82.25346509879371,153.8110872105843,526.481388081275,58.05049422371889,NA
726228,Vici Gaming,Mid,gpm,108,82.25346509879371,1236.2603742788317,252.36989225132754,27.826618953744745,NA
726228,Vici Gaming,Mid,kills,108,82.25346509879371,725.0371900839896,505.1703005683714,55.70070714562754,NA
726228,Vici Gaming,Mid,lotuses_grabbed,108,82.25346509879371,257.0379241352544,315.1941041708666,34.753694884075436,NA
726228,Vici Gaming,Mid,neutral_tokens_found,108,82.25346509879371,539.6566935667304,304.5871060444706,33.58415404672243,NA
726228,Vici Gaming,Mid,roshan_kills,108,82.25346509879371,218.77978048573584,490.2122934670077,54.05141863421294,NA
726228,Vici Gaming,Mid,runes_grabbed,108,82.25346509879371,1354.5654326668953,682.6511646327324,75.26996848597018,NA
726228,Vici Gaming,Mid,smokes_used,108,82.25346509879371,4.455028950506541,36.07349124184872,3.9775081178008165,NA
726228,Vici Gaming,Mid,stuns,108,82.25346509879371,254.73362953062897,272.41075301954857,30.03634924735272,NA
726228,Vici Gaming,Mid,teamfight_participation,108,82.25346509879371,1531.9525750970563,376.12805216572974,41.472347957445116,NA
726228,Vici Gaming,Mid,the Clutch,108,82.25346509879371,0.25450126736581374,0.4382526848005967,0.04832228740366971,0.04802764901340177
726228,Vici Gaming,Mid,the Cruel,0,NA,NA,NA,NA,NA
726228,Vici Gaming,Mid,the Decisive,108,82.25346509879371,0.06286541786959952,0.2442097738748293,0.026926874128184747,0.026762691278523675
726228,Vici Gaming,Mid,the Flayed Twins Acolyte,108,82.25346509879371,0.06521403342685764,0.2484178385598227,0.027390860586622538,0.027223848644412966
726228,Vici Gaming,Mid,the Lucky,108,82.25346509879371,0.088236482229673,0.28537856781213766,0.03146619667359305,0.03127433593947023
726228,Vici Gaming,Mid,the Patient,108,82.25346509879371,0,0,0,0
726228,Vici Gaming,Mid,the Tormented,108,82.25346509879371,0.026658233432664328,0.16207070412768948,0.017870117893599876,0.017761157348622266
726228,Vici Gaming,Mid,the Underdog,108,82.25346509879371,0.47740875799764254,0.5025536255035697,0.05541218929072634,0.05507432121512274
726228,Vici Gaming,Mid,tormentor_kills,108,82.25346509879371,492.47166581789645,687.9318714085814,75.85222579862804,NA
726228,Vici Gaming,Mid,tower_kills,108,82.25346509879371,257.35507252121465,473.5815509447807,52.21769222986442,NA
726228,Vici Gaming,Mid,wards_placed,108,82.25346509879371,185.83115652672143,68.63901065930861,7.568222888792541,NA
726228,Vici Gaming,Mid,watchers_taken,108,82.25346509879371,261.936086366954,228.21339286594838,25.163093215167745,NA
726228,Vici Gaming,Support,Cerulean,108,82.25346509879371,0.2471467560356404,0.29059911838151714,0.03204182108792774,0.04756149736899984
726228,Vici Gaming,Support,Crimson,108,82.25346509879371,0.14324023393410965,0.23468248124131305,0.025876382964565042,0.038626462947532025
726228,Vici Gaming,Support,Elemental,108,82.25346509879371,0.24555927406515624,0.2930463202882641,0.032311652621136576,0.04745845888202214
726228,Vici Gaming,Support,Emerald,108,82.25346509879371,0.3684715416323833,0.34740417719816774,0.038305217692946814,0.053188940237528355
726228,Vici Gaming,Support,Golden,108,82.25346509879371,0.2775612396315375,0.32276335688808777,0.035588290125400636,0.04937451325855172
726228,Vici Gaming,Support,Heroic,108,82.25346509879371,0.28661816667940593,0.28112488711542977,0.030997180536833313,0.0498581062067537
726228,Vici Gaming,Support,Otherworldly,108,82.25346509879371,0.11966484792420581,0.21464594369631831,0.02366712935493984,0.03578740574353558
726228,Vici Gaming,Support,Royal,108,82.25346509879371,0.10866535126886509,0.20747981448777514,0.022876983014262855,0.034315381965040956
726228,Vici Gaming,Support,camps_stacked,108,82.25346509879371,712.5180114045718,417.5584724062245,46.040517745217,NA
726228,Vici Gaming,Support,courier_kills,108,82.25346509879371,239.18730047000358,324.5750860364951,35.78805364001956,NA
726228,Vici Gaming,Support,creep_score,108,82.25346509879371,296.70265243855795,194.97424528684036,21.498103363248273,NA
726228,Vici Gaming,Support,deaths,108,82.25346509879371,730.3169397870937,522.9672531679289,57.66302132703775,NA
726228,Vici Gaming,Support,first_blood,108,82.25346509879371,112.98596243878451,312.53661581132627,34.46067690441368,NA
726228,Vici Gaming,Support,gpm,108,82.25346509879371,700.5664076886382,146.76776262599495,16.182796485168833,NA
726228,Vici Gaming,Support,kills,108,82.25346509879371,249.5722602169694,170.66060780166447,18.817251381880773,NA
726228,Vici Gaming,Support,lotuses_grabbed,108,82.25346509879371,500.1817556787091,399.50362513005314,44.0497677752414,NA
726228,Vici Gaming,Support,neutral_tokens_found,108,82.25346509879371,107.26007478342979,81.54535078547624,8.991292041671667,NA
726228,Vici Gaming,Support,roshan_kills,108,82.25346509879371,92.13190353593485,237.16604175670318,26.150223443291814,NA
726228,Vici Gaming,Support,runes_grabbed,108,82.25346509879371,408.17549012996403,205.82229758926897,22.694223134577243,NA
726228,Vici Gaming,Support,smokes_used,108,82.25346509879371,886.2104203411678,396.6737791938375,43.737745434294105,NA
726228,Vici Gaming,Support,stuns,108,82.25346509879371,337.44444364354564,234.214886098213,25.8248253411275,NA
726228,Vici Gaming,Support,teamfight_participation,108,82.25346509879371,1415.8489019816468,243.43277106499204,26.84120082966862,NA
726228,Vici Gaming,Support,the Clutch,108,82.25346509879371,0.25450126736581374,0.4382526848005967,0.04832228740366971,0.04802764901340177
726228,Vici Gaming,Support,the Cruel,0,NA,NA,NA,NA,NA
726228,Vici Gaming,Support,the Decisive,108,82.25346509879371,0.06286541786959952,0.2442097738748293,0.026926874128184747,0.026762691278523675
726228,Vici Gaming,Support,the Flayed Twins Acolyte,108,82.25346509879371,0.06521403342685764,0.2484178385598227,0.027390860586622538,0.027223848644412966
726228,Vici Gaming,Support,the Lucky,108,82.25346509879371,0.088236482229673,0.28537856781213766,0.03146619667359305,0.03127433593947023
726228,Vici Gaming,Support,the Patient,108,82.25346509879371,0,0,0,0
726228,Vici Gaming,Support,the Tormented,108,82.25346509879371,0.026658233432664328,0.16207070412768948,0.017870117893599876,0.017761157348622266
726228,Vici Gaming,Support,the Underdog,108,82.25346509879371,0.47740875799764254,0.5025536255035697,0.05541218929072634,0.05507432121512274
726228,Vici Gaming,Support,tormentor_kills,108,82.25346509879371,393.30285760390024,500.8229916527232,55.22136744471945,NA
726228,Vici Gaming,Support,tower_kills,108,82.25346509879371,58.28202834557891,103.8861790090957,11.454619614322935,NA
726228,Vici Gaming,Support,wards_placed,108,82.25346509879371,1023.5199842441347,366.30982131930574,40.38977758375227,NA
726228,Vici Gaming,Support,watchers_taken,108,82.25346509879371,1056.1948565763932,432.8277506633433,47.72412740233255,NA
8261500,Xtreme Gaming,Core,Cerulean,94,71.59133998889945,0.1244712636178658,0.23282860993809779,0.02751731780520149,0.03901570924152761
8261500,Xtreme Gaming,Core,Crimson,94,71.59133998889945,0.19461466552458426,0.2530433490492645,0.029906437426793966,0.0467906841226364
8261500,Xtreme Gaming,Core,Elemental,94,71.59133998889945,0.22286306255456864,0.2783894602561046,0.03290201858578483,0.04918555511446103
8261500,Xtreme Gaming,Core,Emerald,94,71.59133998889945,0.16436597990372198,0.29101363675516295,0.03439403228996793,0.043800974933238424
8261500,Xtreme Gaming,Core,Golden,94,71.59133998889945,0.3104362384516013,0.30021618603875266,0.035481654096076266,0.0546818470288031
8261500,Xtreme Gaming,Core,Heroic,94,71.59133998889945,0.14298492690673403,0.22753223755067387,0.02689135537627926,0.041372247432204835
8261500,Xtreme Gaming,Core,Otherworldly,94,71.59133998889945,0.16323692090147332,0.26923009521660185,0.03181950059646702,0.043679756246831375
8261500,Xtreme Gaming,Core,Royal,94,71.59133998889945,0.2597064478737982,0.27522119305972537,0.03252757055142281,0.05182187278476032
8261500,Xtreme Gaming,Core,camps_stacked,94,71.59133998889945,590.5515960423618,415.3982622228171,49.09467956001091,NA
8261500,Xtreme Gaming,Core,courier_kills,94,71.59133998889945,168.6422670865753,272.14552694146687,32.16406676182706,NA
8261500,Xtreme Gaming,Core,creep_score,94,71.59133998889945,1469.2270380116586,542.3928911116656,64.10379533670675,NA
8261500,Xtreme Gaming,Core,deaths,94,71.59133998889945,1192.9933474149607,381.70553700576403,45.11263702766287,NA
8261500,Xtreme Gaming,Core,first_blood,94,71.59133998889945,267.17450608525166,435.45864809663567,51.46555663363001,NA
8261500,Xtreme Gaming,Core,gpm,94,71.59133998889945,1299.4380616120761,199.24722289479658,23.548433998973046,NA
8261500,Xtreme Gaming,Core,kills,94,71.59133998889945,620.710766761703,360.38533610061455,42.5928661793392,NA
8261500,Xtreme Gaming,Core,lotuses_grabbed,94,71.59133998889945,444.4853186447733,281.04857001721206,33.21629082404095,NA
8261500,Xtreme Gaming,Core,neutral_tokens_found,94,71.59133998889945,766.0674106675241,252.34226312520823,29.823578176007995,NA
8261500,Xtreme Gaming,Core,roshan_kills,94,71.59133998889945,521.8905826671294,592.9805428014047,70.08259875324345,NA
8261500,Xtreme Gaming,Core,runes_grabbed,94,71.59133998889945,336.4995076555624,212.09860076272219,25.067299954151245,NA
8261500,Xtreme Gaming,Core,smokes_used,94,71.59133998889945,0.5602140708062548,9.10580596010433,1.0761880017378755,NA
8261500,Xtreme Gaming,Core,stuns,94,71.59133998889945,280.56949985626557,239.75343184153888,28.33574181723365,NA
8261500,Xtreme Gaming,Core,teamfight_participation,94,71.59133998889945,1279.566826078739,245.6260786207778,29.029812394835666,NA
8261500,Xtreme Gaming,Core,the Clutch,94,71.59133998889945,0.4124501466509419,0.49574988823245253,0.058591198177974944,0.058180553240316256
8261500,Xtreme Gaming,Core,the Cruel,0,NA,NA,NA,NA,NA
8261500,Xtreme Gaming,Core,the Decisive,94,71.59133998889945,0.028299116210666327,0.1669964610773792,0.019736812812789443,0.019598484488414336
8261500,Xtreme Gaming,Core,the Flayed Twins Acolyte,94,71.59133998889945,0.16031155938849959,0.3694843425951836,0.04366825057255968,0.04336219528453566
8261500,Xtreme Gaming,Core,the Lucky,94,71.59133998889945,0.05693986755862709,0.2333632431856811,0.027580504511452445,0.027387202532522137
8261500,Xtreme Gaming,Core,the Patient,94,71.59133998889945,0,0,0,0
8261500,Xtreme Gaming,Core,the Tormented,94,71.59133998889945,0.08086732398228125,0.2745555148747718,0.03244889603553652,0.032221473226241346
8261500,Xtreme Gaming,Core,the Underdog,94,71.59133998889945,0.5488672841034723,0.5011184199066363,0.0592256888974148,0.05881059703922826
8261500,Xtreme Gaming,Core,tormentor_kills,94,71.59133998889945,756.9708442285272,722.3083692779405,85.36746818212058,NA
8261500,Xtreme Gaming,Core,tower_kills,94,71.59133998889945,783.8168367839961,521.4507566033392,61.628707026304916,NA
8261500,Xtreme Gaming,Core,wards_placed,94,71.59133998889945,7.66190193701665,23.00101698780087,2.7184214794927097,NA
8261500,Xtreme Gaming,Core,watchers_taken,94,71.59133998889945,336.77326105414767,230.68816890428116,27.264345474238873,NA
8261500,Xtreme Gaming,Mid,Cerulean,99,75.39923554458441,0.25845989429781113,0.44072038444491496,0.05075509755579449,0.05041739843761104
8261500,Xtreme Gaming,Mid,Crimson,99,75.39923554458441,0.3959691289168225,0.49233358943302996,0.05669907779087804,0.056321830391230225
8261500,Xtreme Gaming,Mid,Elemental,99,75.39923554458441,0.11976729337901125,0.32686400899363144,0.0376429483397844,0.037392490926197584
8261500,Xtreme Gaming,Mid,Emerald,99,75.39923554458441,0.04948515091252724,0.2183313686394302,0.025143901452939176,0.02497660646667666
8261500,Xtreme Gaming,Mid,Golden,99,75.39923554458441,0.3236837440559418,0.47101484210332456,0.05424392677296143,0.05388301472431647
8261500,Xtreme Gaming,Mid,Heroic,99,75.39923554458441,0.14270137503029995,0.3521108253312579,0.04055047127590495,0.040280668654074835
8261500,Xtreme Gaming,Mid,Otherworldly,99,75.39923554458441,0.2437175646762991,0.432199894638638,0.049773844347174655,0.0494426739986956
8261500,Xtreme Gaming,Mid,Royal,99,75.39923554458441,0.02448064342629875,0.15557098249688,0.017916167874614964,0.01779696262462341
8261500,Xtreme Gaming,Mid,camps_stacked,99,75.39923554458441,467.67577329753146,436.6963967470098,50.29167926297437,NA
8261500,Xtreme Gaming,Mid,courier_kills,99,75.39923554458441,188.31239379976552,363.17572087421934,41.82474828361589,NA
8261500,Xtreme Gaming,Mid,creep_score,99,75.39923554458441,1238.9557833302417,496.385333622314,57.16569263070952,NA
8261500,Xtreme Gaming,Mid,deaths,99,75.39923554458441,1142.750755748999,461.7240653237472,53.173964278690875,NA
8261500,Xtreme Gaming,Mid,first_blood,99,75.39923554458441,194.5815703179904,585.6688426404581,67.44793363947765,NA
8261500,Xtreme Gaming,Mid,gpm,99,75.39923554458441,1187.43530608194,219.30017296685904,25.255472779990587,NA
8261500,Xtreme Gaming,Mid,kills,99,75.39923554458441,771.8409215291626,458.05081752059397,52.750938575374555,NA
8261500,Xtreme Gaming,Mid,lotuses_grabbed,99,75.39923554458441,227.82716313803255,342.70809970993366,39.46761631152258,NA
8261500,Xtreme Gaming,Mid,neutral_tokens_found,99,75.39923554458441,530.3970564377794,287.70005109525897,33.13267249605071,NA
8261500,Xtreme Gaming,Mid,roshan_kills,99,75.39923554458441,196.77742646318654,467.4664749434161,53.835282817016974,NA
8261500,Xtreme Gaming,Mid,runes_grabbed,99,75.39923554458441,1422.5773799148324,676.513486238152,77.90996106312326,NA
8261500,Xtreme Gaming,Mid,smokes_used,99,75.39923554458441,10.440295564892606,54.6777639069635,6.296906925977455,NA
8261500,Xtreme Gaming,Mid,stuns,99,75.39923554458441,510.23360079029425,519.5037856313352,59.82810473704921,NA
8261500,Xtreme Gaming,Mid,teamfight_participation,99,75.39923554458441,1584.6988283226258,271.7061828277127,31.290755550828727,NA
8261500,Xtreme Gaming,Mid,the Clutch,99,75.39923554458441,0.4060872306540707,0.49439063198474376,0.0569359749235581,0.056557151328480486
8261500,Xtreme Gaming,Mid,the Cruel,0,NA,NA,NA,NA,NA
8261500,Xtreme Gaming,Mid,the Decisive,99,75.39923554458441,0.02694096553106528,0.16299542230748298,0.018771195643205455,0.018646301464665237
8261500,Xtreme Gaming,Mid,the Flayed Twins Acolyte,99,75.39923554458441,0.1553158266780896,0.36463157178659183,0.04199240981617065,0.04171301325408681
8261500,Xtreme Gaming,Mid,the Lucky,99,75.39923554458441,0.05538442239120068,0.2302611141669785,0.026517777995611773,0.026341341919699227
8261500,Xtreme Gaming,Mid,the Patient,99,75.39923554458441,0,0,0,0
8261500,Xtreme Gaming,Mid,the Tormented,99,75.39923554458441,0.08549040290187734,0.2814829218162914,0.03241668336959263,0.0322009989178721
8261500,Xtreme Gaming,Mid,the Underdog,99,75.39923554458441,0.5456257472829289,0.5012490005180134,0.05772581169141742,0.05734173291621289
8261500,Xtreme Gaming,Mid,tormentor_kills,99,75.39923554458441,525.6664736172073,701.8127517533575,80.82352425337932,NA
8261500,Xtreme Gaming,Mid,tower_kills,99,75.39923554458441,161.15035572090557,283.50042193142735,32.64902663933161,NA
8261500,Xtreme Gaming,Mid,wards_placed,99,75.39923554458441,189.2768493849429,67.47384245782978,7.770553796200684,NA
8261500,Xtreme Gaming,Mid,watchers_taken,99,75.39923554458441,216.1709210390532,195.41463062484024,22.50471952570414,NA
8261500,Xtreme Gaming,Support,Cerulean,99,75.39923554458441,0.19876657710860426,0.26234948265224795,0.030213201058303565,0.04595870012242202
8261500,Xtreme Gaming,Support,Crimson,99,75.39923554458441,0.18536434937882448,0.2524394913629125,0.029071927379073142,0.04475188574734901
8261500,Xtreme Gaming,Support,Elemental,99,75.39923554458441,0.2781360470379688,0.31011135443201604,0.03571364657248756,0.05160274986008287
8261500,Xtreme Gaming,Support,Emerald,99,75.39923554458441,0.38498438963600745,0.3215241662998583,0.03702799099626055,0.0560378105045412
8261500,Xtreme Gaming,Support,Golden,99,75.39923554458441,0.2950909716206788,0.3361856230858246,0.03871646218058988,0.05252439108498278
8261500,Xtreme Gaming,Support,Heroic,99,75.39923554458441,0.21652637661916915,0.25472821216635466,0.029335505492899195,0.0474333854849203
8261500,Xtreme Gaming,Support,Otherworldly,99,75.39923554458441,0.16128679651709094,0.245321308514194,0.028252169370008677,0.04235675458579691
8261500,Xtreme Gaming,Support,Royal,99,75.39923554458441,0.18292227988027904,0.27852032632026613,0.03207549918858746,0.04452270227711881
8261500,Xtreme Gaming,Support,camps_stacked,99,75.39923554458441,952.5501142666782,406.0031790538273,46.75692726760023,NA
8261500,Xtreme Gaming,Support,courier_kills,99,75.39923554458441,303.3291078528064,383.1096259038786,44.120415400812185,NA
8261500,Xtreme Gaming,Support,creep_score,99,75.39923554458441,252.94090636498527,150.22261736852295,17.300229053914236,NA
8261500,Xtreme Gaming,Support,deaths,99,75.39923554458441,638.3882840841901,502.3366754611269,57.85107262736494,NA
8261500,Xtreme Gaming,Support,first_blood,99,75.39923554458441,220.43961624385608,408.391343621297,47.03195771747126,NA
8261500,Xtreme Gaming,Support,gpm,99,75.39923554458441,691.6652190091238,109.3207974480378,12.58981416605185,NA
8261500,Xtreme Gaming,Support,kills,99,75.39923554458441,297.0242306102552,186.11661387932136,21.43392324840327,NA
8261500,Xtreme Gaming,Support,lotuses_grabbed,99,75.39923554458441,548.66915378827,311.420862046671,35.86445463373841,NA
8261500,Xtreme Gaming,Support,neutral_tokens_found,99,75.39923554458441,118.33005587725731,208.0669554038934,23.961811144639007,NA
8261500,Xtreme Gaming,Support,roshan_kills,99,75.39923554458441,22.5873077520628,113.56507249825546,13.078601619118585,NA
8261500,Xtreme Gaming,Support,runes_grabbed,99,75.39923554458441,419.5609578719089,222.99965572006698,25.681519803618823,NA
8261500,Xtreme Gaming,Support,smokes_used,99,75.39923554458441,1038.446075589968,381.1179593159861,43.89104722195107,NA
8261500,Xtreme Gaming,Support,stuns,99,75.39923554458441,449.03291010867565,321.5317372698789,37.028862899025995,NA
8261500,Xtreme Gaming,Support,teamfight_participation,99,75.39923554458441,1427.3337656384801,201.64236713939633,23.22193022324469,NA
8261500,Xtreme Gaming,Support,the Clutch,99,75.39923554458441,0.4060872306540707,0.49439063198474376,0.0569359749235581,0.056557151328480486
8261500,Xtreme Gaming,Support,the Cruel,0,NA,NA,NA,NA,NA
8261500,Xtreme Gaming,Support,the Decisive,99,75.39923554458441,0.02694096553106528,0.16299542230748298,0.018771195643205455,0.018646301464665237
8261500,Xtreme Gaming,Support,the Flayed Twins Acolyte,99,75.39923554458441,0.1553158266780896,0.36463157178659183,0.04199240981617065,0.04171301325408681
8261500,Xtreme Gaming,Support,the Lucky,99,75.39923554458441,0.05538442239120068,0.2302611141669785,0.026517777995611773,0.026341341919699227
8261500,Xtreme Gaming,Support,the Patient,99,75.39923554458441,0,0,0,0
8261500,Xtreme Gaming,Support,the Tormented,99,75.39923554458441,0.08549040290187734,0.2814829218162914,0.03241668336959263,0.0322009989178721
8261500,Xtreme Gaming,Support,the Underdog,99,75.39923554458441,0.5456257472829289,0.5012490005180134,0.05772581169141742,0.05734173291621289
8261500,Xtreme Gaming,Support,tormentor_kills,99,75.39923554458441,349.09408751838413,432.61784439088865,49.821977088925685,NA
8261500,Xtreme Gaming,Support,tower_kills,99,75.39923554458441,58.5880341068102,105.97943581956321,12.205009783481675,NA
8261500,Xtreme Gaming,Support,wards_placed,99,75.39923554458441,1141.223582037352,381.2075836274566,43.90136871111428,NA
8261500,Xtreme Gaming,Support,watchers_taken,99,75.39923554458441,965.434416240704,367.28071295037137,42.297495360094494,NA
